# WaveFront *.obj file (generated by Autodesk ATF)

mtllib OBP40x2-Gehäuse vorn.mtl

g Gehäuse vorn

v 9.000000 -1.455400 -0.440000
v 9.000000 -1.451993 -0.414118
v 9.000000 -1.442003 -0.390000
v 9.000000 -1.426111 -0.369289
v 9.000000 -1.405400 -0.353397
v 9.000000 -1.381282 -0.343407
v 9.000000 -1.355400 -0.340000
v 8.800000 -1.355400 -0.340000
v 8.800000 -1.381282 -0.343407
v 8.800000 -1.405400 -0.353397
v 8.800000 -1.426111 -0.369289
v 8.800000 -1.442003 -0.390000
v 8.800000 -1.451993 -0.414118
v 8.800000 -1.455400 -0.440000
v 8.700000 -1.355400 -0.440000
v 8.703407 -1.355400 -0.414118
v 8.713397 -1.355400 -0.390000
v 8.729289 -1.355400 -0.369289
v 8.750000 -1.355400 -0.353397
v 8.774118 -1.355400 -0.343407
v 8.800000 -0.537294 -0.340000
v 8.774118 -0.537294 -0.343407
v 8.750000 -0.537294 -0.353397
v 8.729289 -0.537294 -0.369289
v 8.713397 -0.537294 -0.390000
v 8.703407 -0.537294 -0.414118
v 8.700000 -0.537294 -0.440000
v 8.703407 -0.946347 -0.414118
v 8.713397 -0.946347 -0.390000
v 8.729289 -0.946347 -0.369289
v 8.750000 -0.946347 -0.353397
v 8.774118 -0.946347 -0.343407
v 8.703407 -1.381282 -0.440000
v 8.713397 -1.405400 -0.440000
v 8.729289 -1.426111 -0.440000
v 8.750000 -1.442003 -0.440000
v 8.774118 -1.451993 -0.440000
v 8.761136 -1.363853 -0.348250
v 8.784609 -1.373975 -0.342953
v 8.717133 -1.363213 -0.384574
v 8.733343 -1.375512 -0.368220
v 8.754096 -1.386441 -0.356758
v 8.777977 -1.395254 -0.350968
v 8.703763 -1.366482 -0.415189
v 8.713817 -1.382228 -0.396956
v 8.729745 -1.396147 -0.381657
v 8.750460 -1.407288 -0.370334
v 8.774551 -1.414894 -0.363758
v 8.703763 -1.380211 -0.428919
v 8.713817 -1.398444 -0.413172
v 8.729745 -1.413743 -0.399254
v 8.750460 -1.425067 -0.388112
v 8.774551 -1.431643 -0.380506
v 8.717133 -1.410826 -0.432187
v 8.733343 -1.427180 -0.419888
v 8.754096 -1.438643 -0.408959
v 8.777977 -1.444432 -0.400146
v 8.761136 -1.447151 -0.431547
v 8.784609 -1.452447 -0.421426
v 9.000000 -1.455400 -1.200000
v 9.000000 -0.535077 -1.200000
v 9.000000 -0.535077 0.000000
v 9.000000 -0.537294 0.000000
v 9.000000 -0.537294 -0.340000
v 8.800000 -1.455400 -1.200000
v 8.700000 -1.355400 -1.200000
v 8.703407 -1.381282 -1.200000
v 8.713397 -1.405400 -1.200000
v 8.729289 -1.426111 -1.200000
v 8.750000 -1.442003 -1.200000
v 8.774118 -1.451993 -1.200000
v 8.774118 -1.451993 -0.820000
v 8.750000 -1.442003 -0.820000
v 8.729289 -1.426111 -0.820000
v 8.713397 -1.405400 -0.820000
v 8.703407 -1.381282 -0.820000
v 8.700000 -0.537294 0.000000
v 8.700000 -0.339551 0.000000
v 8.700000 -0.339551 -0.340000
v 8.700000 -0.225000 -0.340000
v 8.700000 -0.250882 -0.343407
v 8.700000 -0.275000 -0.353397
v 8.700000 -0.295711 -0.369289
v 8.700000 -0.311603 -0.390000
v 8.700000 -0.321593 -0.414118
v 8.700000 -0.325000 -0.440000
v 8.700000 -0.325000 -1.200000
v 8.020715 -0.225000 -0.340000
v 8.020715 -0.250882 -0.343407
v 8.020715 -0.275000 -0.353397
v 8.020715 -0.295711 -0.369289
v 8.020715 -0.311603 -0.390000
v 8.020715 -0.321593 -0.414118
v 8.020715 -0.325000 -0.440000
v 8.360358 -0.250882 -0.343407
v 8.360358 -0.275000 -0.353397
v 8.360358 -0.295711 -0.369289
v 8.360358 -0.311603 -0.390000
v 8.360358 -0.321593 -0.414118
v 7.920715 -0.225000 -0.440000
v 7.924122 -0.225000 -0.414118
v 7.934112 -0.225000 -0.390000
v 7.950004 -0.225000 -0.369289
v 7.970715 -0.225000 -0.353397
v 7.994833 -0.225000 -0.343407
v 8.020715 0.250000 -0.340000
v 7.994833 0.250000 -0.343407
v 7.970715 0.250000 -0.353397
v 7.950004 0.250000 -0.369289
v 7.934112 0.250000 -0.390000
v 7.924122 0.250000 -0.414118
v 7.920715 0.250000 -0.440000
v 7.924122 -0.250882 -0.440000
v 7.934112 -0.275000 -0.440000
v 7.950004 -0.295711 -0.440000
v 7.970715 -0.311603 -0.440000
v 7.994833 -0.321593 -0.440000
v 8.002141 -0.240391 -0.342953
v 8.012262 -0.263864 -0.348250
v 7.980861 -0.247023 -0.350968
v 7.989674 -0.270904 -0.356758
v 8.000603 -0.291657 -0.368220
v 8.012902 -0.307867 -0.384574
v 7.961221 -0.250449 -0.363758
v 7.968827 -0.274540 -0.370334
v 7.979969 -0.295255 -0.381657
v 7.993887 -0.311183 -0.396956
v 8.009634 -0.321237 -0.415189
v 7.944473 -0.250449 -0.380506
v 7.951049 -0.274540 -0.388112
v 7.962372 -0.295255 -0.399254
v 7.977671 -0.311183 -0.413172
v 7.995904 -0.321237 -0.428919
v 7.931683 -0.247023 -0.400146
v 7.937473 -0.270904 -0.408959
v 7.948935 -0.291657 -0.419888
v 7.965289 -0.307867 -0.432187
v 7.923668 -0.240391 -0.421426
v 7.928965 -0.263864 -0.431547
v 8.020715 0.350000 -0.440000
v 8.020715 0.346593 -0.414118
v 8.020715 0.336603 -0.390000
v 8.020715 0.320711 -0.369289
v 8.020715 0.300000 -0.353397
v 8.020715 0.275882 -0.343407
v 8.700000 0.250000 -0.340000
v 8.700000 0.275882 -0.343407
v 8.700000 0.300000 -0.353397
v 8.700000 0.320711 -0.369289
v 8.700000 0.336603 -0.390000
v 8.700000 0.346593 -0.414118
v 8.700000 0.350000 -0.440000
v 8.360358 0.346593 -0.414118
v 8.360358 0.336603 -0.390000
v 8.360358 0.320711 -0.369289
v 8.360358 0.300000 -0.353397
v 8.360358 0.275882 -0.343407
v 7.994833 0.346593 -0.440000
v 7.970715 0.336603 -0.440000
v 7.950004 0.320711 -0.440000
v 7.934112 0.300000 -0.440000
v 7.924122 0.275882 -0.440000
v 7.923668 0.265391 -0.421426
v 8.012262 0.288864 -0.348250
v 8.002141 0.265391 -0.342953
v 8.012902 0.332867 -0.384574
v 8.000603 0.316657 -0.368220
v 7.989674 0.295904 -0.356758
v 7.980861 0.272023 -0.350968
v 8.009634 0.346237 -0.415189
v 7.993887 0.336183 -0.396956
v 7.979969 0.320255 -0.381657
v 7.968827 0.299540 -0.370334
v 7.961221 0.275449 -0.363758
v 7.995904 0.346237 -0.428919
v 7.977671 0.336183 -0.413172
v 7.962372 0.320255 -0.399254
v 7.951049 0.299540 -0.388112
v 7.944473 0.275449 -0.380506
v 7.965289 0.332867 -0.432187
v 7.948935 0.316657 -0.419888
v 7.937473 0.295904 -0.408959
v 7.931683 0.272023 -0.400146
v 7.928965 0.288864 -0.431547
v 7.920715 -0.225000 -1.200000
v 7.924122 -0.250882 -1.200000
v 7.934112 -0.275000 -1.200000
v 7.950004 -0.295711 -1.200000
v 7.970715 -0.311603 -1.200000
v 7.994833 -0.321593 -1.200000
v 8.020715 -0.325000 -1.200000
v 7.994833 -0.321593 -0.820000
v 7.970715 -0.311603 -0.820000
v 7.950004 -0.295711 -0.820000
v 7.934112 -0.275000 -0.820000
v 7.924122 -0.250882 -0.820000
v 7.920715 0.250000 -1.200000
v 8.020715 0.350000 -1.200000
v 7.994833 0.346593 -1.200000
v 7.970715 0.336603 -1.200000
v 7.950004 0.320711 -1.200000
v 7.934112 0.300000 -1.200000
v 7.924122 0.275882 -1.200000
v 7.924122 0.275882 -0.820000
v 7.934112 0.300000 -0.820000
v 7.950004 0.320711 -0.820000
v 7.970715 0.336603 -0.820000
v 7.994833 0.346593 -0.820000
v 8.700000 0.350000 -1.200000
v 8.800000 1.425679 -0.340000
v 8.774118 1.425679 -0.343407
v 8.750000 1.425679 -0.353397
v 8.729289 1.425679 -0.369289
v 8.713397 1.425679 -0.390000
v 8.703407 1.425679 -0.414118
v 8.700000 1.425679 -0.440000
v 8.700000 0.500000 -0.440000
v 8.703407 0.500000 -0.414118
v 8.713397 0.500000 -0.390000
v 8.729289 0.500000 -0.369289
v 8.750000 0.500000 -0.353397
v 8.774118 0.500000 -0.343407
v 8.800000 0.500000 -0.340000
v 8.774118 0.962839 -0.343407
v 8.750000 0.962839 -0.353397
v 8.729289 0.962839 -0.369289
v 8.713397 0.962839 -0.390000
v 8.703407 0.962839 -0.414118
v 9.000000 1.425679 -0.340000
v 9.000000 1.451560 -0.343407
v 9.000000 1.475679 -0.353397
v 9.000000 1.496389 -0.369289
v 9.000000 1.512281 -0.390000
v 9.000000 1.522271 -0.414118
v 9.000000 1.525679 -0.440000
v 8.800000 1.525679 -0.440000
v 8.800000 1.522271 -0.414118
v 8.800000 1.512281 -0.390000
v 8.800000 1.496389 -0.369289
v 8.800000 1.475679 -0.353397
v 8.800000 1.451560 -0.343407
v 8.774118 1.522271 -0.440000
v 8.750000 1.512281 -0.440000
v 8.729289 1.496389 -0.440000
v 8.713397 1.475679 -0.440000
v 8.703407 1.451560 -0.440000
v 8.784609 1.444253 -0.342953
v 8.761136 1.434132 -0.348250
v 8.777977 1.465532 -0.350968
v 8.754096 1.456719 -0.356758
v 8.733343 1.445791 -0.368220
v 8.717133 1.433492 -0.384574
v 8.774551 1.485172 -0.363758
v 8.750460 1.477567 -0.370334
v 8.729745 1.466425 -0.381657
v 8.713817 1.452507 -0.396956
v 8.703763 1.436760 -0.415189
v 8.774551 1.501921 -0.380506
v 8.750460 1.495345 -0.388112
v 8.729745 1.484022 -0.399254
v 8.713817 1.468722 -0.413172
v 8.703763 1.450489 -0.428919
v 8.777977 1.514710 -0.400146
v 8.754096 1.508921 -0.408959
v 8.733343 1.497459 -0.419888
v 8.717133 1.481105 -0.432187
v 8.784609 1.522725 -0.421426
v 8.761136 1.517429 -0.431547
v 8.700000 0.500000 0.000000
v 8.700000 1.425679 -1.200000
v 8.700000 0.409608 -0.340000
v 8.700000 0.409608 0.000000
v 8.800000 1.525679 -1.200000
v 8.774118 1.522271 -1.200000
v 8.750000 1.512281 -1.200000
v 8.729289 1.496389 -1.200000
v 8.713397 1.475679 -1.200000
v 8.703407 1.451560 -1.200000
v 8.703407 1.451560 -0.820000
v 8.713397 1.475679 -0.820000
v 8.729289 1.496389 -0.820000
v 8.750000 1.512281 -0.820000
v 8.774118 1.522271 -0.820000
v 9.000000 1.525679 -1.200000
v -0.310000 1.500000 -0.440000
v -0.310000 1.496593 -0.414118
v -0.310000 1.486603 -0.390000
v -0.310000 1.470711 -0.369289
v -0.310000 1.450000 -0.353397
v -0.310000 1.425882 -0.343407
v -0.310000 1.400000 -0.340000
v -0.110000 1.400000 -0.340000
v -0.110000 1.425882 -0.343407
v -0.110000 1.450000 -0.353397
v -0.110000 1.470711 -0.369289
v -0.110000 1.486603 -0.390000
v -0.110000 1.496593 -0.414118
v -0.110000 1.500000 -0.440000
v -0.010000 0.350000 -0.440000
v -0.010000 1.400000 -0.440000
v -0.013407 1.400000 -0.414118
v -0.023397 1.400000 -0.390000
v -0.039289 1.400000 -0.369289
v -0.060000 1.400000 -0.353397
v -0.084118 1.400000 -0.343407
v -0.110000 0.250000 -0.340000
v -0.090491 0.269509 -0.341921
v -0.071732 0.288268 -0.347612
v -0.054443 0.305557 -0.356853
v -0.039289 0.320711 -0.369289
v -0.026853 0.333147 -0.384443
v -0.017612 0.342388 -0.401732
v -0.011921 0.348079 -0.420491
v -0.010482 0.349518 -0.430198
v -0.013407 0.825000 -0.414118
v -0.023397 0.825000 -0.390000
v -0.039289 0.825000 -0.369289
v -0.060000 0.825000 -0.353397
v -0.084118 0.825000 -0.343407
v 0.900000 0.250000 -0.340000
v 0.900000 0.275882 -0.343407
v 0.900000 0.300000 -0.353397
v 0.900000 0.320711 -0.369289
v 0.900000 0.336603 -0.390000
v 0.900000 0.346593 -0.414118
v 0.900000 0.350000 -0.440000
v 0.395000 0.275882 -0.343407
v 0.395000 0.300000 -0.353397
v 0.395000 0.320711 -0.369289
v 0.395000 0.336603 -0.390000
v 0.395000 0.346593 -0.414118
v 1.000000 0.250000 -0.440000
v 0.996593 0.250000 -0.414118
v 0.986603 0.250000 -0.390000
v 0.970711 0.250000 -0.369289
v 0.950000 0.250000 -0.353397
v 0.925882 0.250000 -0.343407
v 0.900000 -0.225000 -0.340000
v 0.925882 -0.225000 -0.343407
v 0.950000 -0.225000 -0.353397
v 0.970711 -0.225000 -0.369289
v 0.986603 -0.225000 -0.390000
v 0.996593 -0.225000 -0.414118
v 1.000000 -0.225000 -0.440000
v 0.996593 0.275882 -0.440000
v 0.986603 0.300000 -0.440000
v 0.970711 0.320711 -0.440000
v 0.950000 0.336603 -0.440000
v 0.925882 0.346593 -0.440000
v 0.997047 0.268574 -0.424609
v 0.959494 0.326242 -0.414551
v 0.951888 0.319666 -0.390460
v 0.940746 0.308343 -0.369745
v 0.926828 0.293044 -0.353817
v 0.911081 0.274811 -0.343763
v 0.924811 0.261081 -0.343763
v 0.943044 0.276828 -0.353817
v 0.958343 0.290746 -0.369745
v 0.969666 0.301888 -0.390460
v 0.976242 0.309494 -0.414551
v 0.955426 0.257813 -0.357133
v 0.971780 0.270112 -0.373343
v 0.983242 0.281041 -0.394096
v 0.989032 0.289854 -0.417977
v 0.991750 0.258453 -0.401136
v 0.939854 0.339032 -0.417977
v 0.931041 0.333242 -0.394096
v 0.920112 0.321780 -0.373343
v 0.907813 0.305426 -0.357133
v 0.918574 0.347047 -0.424609
v 0.908453 0.341750 -0.401136
v -0.010000 -0.325000 -0.440000
v 0.900000 -0.325000 -0.440000
v 0.900000 -0.321593 -0.414118
v 0.900000 -0.311603 -0.390000
v 0.900000 -0.295711 -0.369289
v 0.900000 -0.275000 -0.353397
v 0.900000 -0.250882 -0.343407
v -0.110000 -0.225000 -0.340000
v -0.090491 -0.244509 -0.341921
v -0.071732 -0.263268 -0.347612
v -0.054443 -0.280557 -0.356853
v -0.039289 -0.295711 -0.369289
v -0.026853 -0.308147 -0.384443
v -0.017612 -0.317388 -0.401732
v -0.011921 -0.323079 -0.420491
v -0.010482 -0.324518 -0.430198
v 0.395000 -0.321593 -0.414118
v 0.395000 -0.311603 -0.390000
v 0.395000 -0.295711 -0.369289
v 0.395000 -0.275000 -0.353397
v 0.395000 -0.250882 -0.343407
v -0.110000 -1.400000 -0.340000
v -0.084118 -1.400000 -0.343407
v -0.060000 -1.400000 -0.353397
v -0.039289 -1.400000 -0.369289
v -0.023397 -1.400000 -0.390000
v -0.013407 -1.400000 -0.414118
v -0.010000 -1.400000 -0.440000
v -0.084118 -0.812500 -0.343407
v -0.060000 -0.812500 -0.353397
v -0.039289 -0.812500 -0.369289
v -0.023397 -0.812500 -0.390000
v -0.013407 -0.812500 -0.414118
v -0.310000 -1.400000 -0.340000
v -0.310000 -1.425882 -0.343407
v -0.310000 -1.450000 -0.353397
v -0.310000 -1.470711 -0.369289
v -0.310000 -1.486603 -0.390000
v -0.310000 -1.496593 -0.414118
v -0.310000 -1.500000 -0.440000
v -0.110000 -1.500000 -0.440000
v -0.110000 -1.496593 -0.414118
v -0.110000 -1.486603 -0.390000
v -0.110000 -1.470711 -0.369289
v -0.110000 -1.450000 -0.353397
v -0.110000 -1.425882 -0.343407
v -0.084118 -1.496593 -0.440000
v -0.060000 -1.486603 -0.440000
v -0.039289 -1.470711 -0.440000
v -0.023397 -1.450000 -0.440000
v -0.013407 -1.425882 -0.440000
v -0.094609 -1.418574 -0.342953
v -0.071136 -1.408453 -0.348250
v -0.087977 -1.439854 -0.350968
v -0.064096 -1.431041 -0.356758
v -0.043343 -1.420112 -0.368220
v -0.027133 -1.407813 -0.384574
v -0.084551 -1.459494 -0.363758
v -0.060460 -1.451888 -0.370334
v -0.039745 -1.440746 -0.381657
v -0.023817 -1.426828 -0.396956
v -0.013763 -1.411081 -0.415189
v -0.084551 -1.476242 -0.380506
v -0.060460 -1.469666 -0.388112
v -0.039745 -1.458343 -0.399254
v -0.023817 -1.443044 -0.413172
v -0.013763 -1.424811 -0.428919
v -0.087977 -1.489032 -0.400146
v -0.064096 -1.483242 -0.408959
v -0.043343 -1.471780 -0.419888
v -0.027133 -1.455426 -0.432187
v -0.094609 -1.497047 -0.421426
v -0.071136 -1.491750 -0.431547
v 0.925882 -0.321593 -0.440000
v 0.950000 -0.311603 -0.440000
v 0.970711 -0.295711 -0.440000
v 0.986603 -0.275000 -0.440000
v 0.996593 -0.250882 -0.440000
v 0.918574 -0.322047 -0.424609
v 0.976242 -0.284494 -0.414551
v 0.969666 -0.276888 -0.390460
v 0.958343 -0.265746 -0.369745
v 0.943044 -0.251828 -0.353817
v 0.924811 -0.236081 -0.343763
v 0.911081 -0.249811 -0.343763
v 0.926828 -0.268044 -0.353817
v 0.940746 -0.283343 -0.369745
v 0.951888 -0.294666 -0.390460
v 0.959494 -0.301242 -0.414551
v 0.907813 -0.280426 -0.357133
v 0.920112 -0.296780 -0.373343
v 0.931041 -0.308242 -0.394096
v 0.939854 -0.314032 -0.417977
v 0.908453 -0.316750 -0.401136
v 0.989032 -0.264854 -0.417977
v 0.983242 -0.256041 -0.394096
v 0.971780 -0.245112 -0.373343
v 0.955426 -0.232813 -0.357133
v 0.997047 -0.243574 -0.424609
v 0.991750 -0.233453 -0.401136
v -0.013407 1.425882 -0.440000
v -0.023397 1.450000 -0.440000
v -0.039289 1.470711 -0.440000
v -0.060000 1.486603 -0.440000
v -0.084118 1.496593 -0.440000
v -0.094609 1.497047 -0.421426
v -0.071136 1.408453 -0.348250
v -0.094609 1.418574 -0.342953
v -0.027133 1.407813 -0.384574
v -0.043343 1.420112 -0.368220
v -0.064096 1.431041 -0.356758
v -0.087977 1.439854 -0.350968
v -0.013763 1.411081 -0.415189
v -0.023817 1.426828 -0.396956
v -0.039745 1.440746 -0.381657
v -0.060460 1.451888 -0.370334
v -0.084551 1.459494 -0.363758
v -0.013763 1.424811 -0.428919
v -0.023817 1.443044 -0.413172
v -0.039745 1.458343 -0.399254
v -0.060460 1.469666 -0.388112
v -0.084551 1.476242 -0.380506
v -0.027133 1.455426 -0.432187
v -0.043343 1.471780 -0.419888
v -0.064096 1.483242 -0.408959
v -0.087977 1.489032 -0.400146
v -0.071136 1.491750 -0.431547
v -0.010000 1.400000 -1.200000
v -0.013407 1.425882 -1.200000
v -0.023397 1.450000 -1.200000
v -0.039289 1.470711 -1.200000
v -0.060000 1.486603 -1.200000
v -0.084118 1.496593 -1.200000
v -0.110000 1.500000 -1.200000
v -0.084118 1.496593 -0.820000
v -0.060000 1.486603 -0.820000
v -0.039289 1.470711 -0.820000
v -0.023397 1.450000 -0.820000
v -0.013407 1.425882 -0.820000
v -0.010000 0.350000 -1.200000
v 0.900000 0.350000 -1.200000
v 1.000000 0.250000 -1.200000
v 0.996593 0.275882 -1.200000
v 0.986603 0.300000 -1.200000
v 0.970711 0.320711 -1.200000
v 0.950000 0.336603 -1.200000
v 0.925882 0.346593 -1.200000
v 0.925882 0.346593 -0.820000
v 0.950000 0.336603 -0.820000
v 0.970711 0.320711 -0.820000
v 0.986603 0.300000 -0.820000
v 0.996593 0.275882 -0.820000
v 1.000000 -0.225000 -1.200000
v 0.900000 -0.325000 -1.200000
v 0.925882 -0.321593 -1.200000
v 0.950000 -0.311603 -1.200000
v 0.970711 -0.295711 -1.200000
v 0.986603 -0.275000 -1.200000
v 0.996593 -0.250882 -1.200000
v 0.996593 -0.250882 -0.820000
v 0.986603 -0.275000 -0.820000
v 0.970711 -0.295711 -0.820000
v 0.950000 -0.311603 -0.820000
v 0.925882 -0.321593 -0.820000
v -0.010000 -0.325000 -1.200000
v -0.010000 -1.400000 -1.200000
v -0.110000 -1.500000 -1.200000
v -0.084118 -1.496593 -1.200000
v -0.060000 -1.486603 -1.200000
v -0.039289 -1.470711 -1.200000
v -0.023397 -1.450000 -1.200000
v -0.013407 -1.425882 -1.200000
v -0.013407 -1.425882 -0.820000
v -0.023397 -1.450000 -0.820000
v -0.039289 -1.470711 -0.820000
v -0.060000 -1.486603 -0.820000
v -0.084118 -1.496593 -0.820000
v -0.310000 -1.500000 -1.200000
v -0.110000 -10.000000 -0.340000
v -0.084118 -10.003407 -0.340000
v -0.060000 -10.013397 -0.340000
v -0.039289 -10.029289 -0.340000
v -0.023397 -10.050000 -0.340000
v -0.013407 -10.074118 -0.340000
v -0.010000 -10.100000 -0.340000
v -0.010000 -10.100000 -1.200000
v -0.013407 -10.074118 -1.200000
v -0.023397 -10.050000 -1.200000
v -0.039289 -10.029289 -1.200000
v -0.060000 -10.013397 -1.200000
v -0.084118 -10.003407 -1.200000
v -0.110000 -10.000000 -1.200000
v -0.084118 -10.003407 -0.770000
v -0.060000 -10.013397 -0.770000
v -0.039289 -10.029289 -0.770000
v -0.023397 -10.050000 -0.770000
v -0.013407 -10.074118 -0.770000
v -0.010000 -11.050000 -0.340000
v -0.010000 -11.050000 -1.200000
v -0.210000 -10.000000 -0.340000
v -0.235882 -10.003407 -0.340000
v -0.260000 -10.013397 -0.340000
v -0.280711 -10.029289 -0.340000
v -0.296603 -10.050000 -0.340000
v -0.306593 -10.074118 -0.340000
v -0.310000 -10.100000 -0.340000
v -0.310000 -11.000000 -0.340000
v -0.300000 -11.000000 -0.340000
v -0.300000 -11.700000 -0.340000
v 0.100000 -11.700000 -0.340000
v 0.100000 -11.350000 -0.340000
v 1.000000 -11.350000 -0.340000
v 1.000000 -11.150000 -0.340000
v 0.996593 -11.124118 -0.340000
v 0.986603 -11.100000 -0.340000
v 0.970711 -11.079289 -0.340000
v 0.950000 -11.063397 -0.340000
v 0.925882 -11.053407 -0.340000
v 0.900000 -11.050000 -0.340000
v 1.000000 -11.150000 -1.200000
v 0.996593 -11.124118 -1.200000
v 0.986603 -11.100000 -1.200000
v 0.970711 -11.079289 -1.200000
v 0.950000 -11.063397 -1.200000
v 0.925882 -11.053407 -1.200000
v 0.900000 -11.050000 -1.200000
v 0.925882 -11.053407 -0.770000
v 0.950000 -11.063397 -0.770000
v 0.970711 -11.079289 -0.770000
v 0.986603 -11.100000 -0.770000
v 0.996593 -11.124118 -0.770000
v 1.000000 -11.350000 -1.200000
v 7.500000 -11.150000 -0.340000
v 7.503407 -11.124118 -0.340000
v 7.513397 -11.100000 -0.340000
v 7.529289 -11.079289 -0.340000
v 7.550000 -11.063397 -0.340000
v 7.574118 -11.053407 -0.340000
v 7.600000 -11.050000 -0.340000
v 7.600000 -11.050000 -1.200000
v 7.574118 -11.053407 -1.200000
v 7.550000 -11.063397 -1.200000
v 7.529289 -11.079289 -1.200000
v 7.513397 -11.100000 -1.200000
v 7.503407 -11.124118 -1.200000
v 7.500000 -11.150000 -1.200000
v 7.503407 -11.124118 -0.770000
v 7.513397 -11.100000 -0.770000
v 7.529289 -11.079289 -0.770000
v 7.550000 -11.063397 -0.770000
v 7.574118 -11.053407 -0.770000
v 7.500000 -11.300000 -0.340000
v 8.000000 -11.300000 -0.340000
v 8.000000 -11.350000 -0.340000
v 8.027503 -11.350000 -0.340000
v 8.027503 -11.050000 -0.340000
v 7.500000 -11.300000 -1.200000
v 8.700000 -9.600000 -0.340000
v 8.703407 -9.574118 -0.340000
v 8.713397 -9.550000 -0.340000
v 8.729289 -9.529289 -0.340000
v 8.750000 -9.513397 -0.340000
v 8.774118 -9.503407 -0.340000
v 8.800000 -9.500000 -0.340000
v 8.800000 -9.500000 -1.200000
v 8.774118 -9.503407 -1.200000
v 8.750000 -9.513397 -1.200000
v 8.729289 -9.529289 -1.200000
v 8.713397 -9.550000 -1.200000
v 8.703407 -9.574118 -1.200000
v 8.700000 -9.600000 -1.200000
v 8.703407 -9.574118 -0.770000
v 8.713397 -9.550000 -0.770000
v 8.729289 -9.529289 -0.770000
v 8.750000 -9.513397 -0.770000
v 8.774118 -9.503407 -0.770000
v 9.000000 -9.500000 -0.340000
v 9.000000 -9.500000 -1.200000
v 8.700000 -10.600000 -0.340000
v 9.000000 -10.600000 -0.340000
v 9.460000 -10.600000 -0.340000
v 9.460000 -10.100000 -0.340000
v 9.000000 -10.100000 -0.340000
v 8.702262 -0.339551 -0.340000
v 8.702262 0.409608 -0.340000
v 9.000000 0.500000 -0.340000
v 7.422201 11.100000 -0.340000
v 7.410082 11.119071 -0.340000
v 7.402553 11.140376 -0.340000
v 7.400000 11.162828 -0.340000
v 7.400000 11.162828 -1.200000
v 7.402553 11.140376 -1.200000
v 7.410082 11.119071 -1.200000
v 7.422201 11.100000 -1.200000
v 7.410082 11.119071 -0.770000
v 7.402553 11.140376 -0.770000
v 7.400000 11.700000 -0.340000
v 7.400000 11.700000 -1.200000
v 7.442006 11.086385 -0.340000
v 7.464486 11.077888 -0.340000
v 7.488345 11.075000 -0.340000
v 8.025836 11.075000 -0.340000
v 8.025836 11.375000 -0.340000
v 8.000000 11.375000 -0.340000
v 8.000000 11.700000 -0.340000
v 7.442006 11.086385 -1.200000
v 7.464486 11.077888 -1.200000
v 7.488345 11.075000 -1.200000
v 7.442006 11.086385 -0.770000
v 7.464486 11.077888 -0.770000
v 8.800000 10.000000 -0.340000
v 8.774118 10.003407 -0.340000
v 8.750000 10.013397 -0.340000
v 8.729289 10.029289 -0.340000
v 8.713397 10.050000 -0.340000
v 8.703407 10.074118 -0.340000
v 8.700000 10.100000 -0.340000
v 8.700000 10.100000 -1.200000
v 8.703407 10.074118 -1.200000
v 8.713397 10.050000 -1.200000
v 8.729289 10.029289 -1.200000
v 8.750000 10.013397 -1.200000
v 8.774118 10.003407 -1.200000
v 8.800000 10.000000 -1.200000
v 8.774118 10.003407 -0.770000
v 8.750000 10.013397 -0.770000
v 8.729289 10.029289 -0.770000
v 8.713397 10.050000 -0.770000
v 8.703407 10.074118 -0.770000
v 8.700000 10.600000 -0.340000
v 8.700000 10.600000 0.000000
v 8.700000 11.075000 0.000000
v 8.700000 11.075000 -1.200000
v 9.000000 10.000000 -0.340000
v 9.000000 10.000528 -0.340000
v 9.460000 10.000528 -0.340000
v 9.460000 10.597275 -0.340000
v 9.168426 10.597275 -0.340000
v 9.168426 10.600000 -0.340000
v 1.000000 11.175000 -0.340000
v 0.996593 11.149118 -0.340000
v 0.986603 11.125000 -0.340000
v 0.970711 11.104289 -0.340000
v 0.950000 11.088397 -0.340000
v 0.925882 11.078407 -0.340000
v 0.900000 11.075000 -0.340000
v 0.900000 11.075000 -1.200000
v 0.925882 11.078407 -1.200000
v 0.950000 11.088397 -1.200000
v 0.970711 11.104289 -1.200000
v 0.986603 11.125000 -1.200000
v 0.996593 11.149118 -1.200000
v 1.000000 11.175000 -1.200000
v 0.996593 11.149118 -0.770000
v 0.986603 11.125000 -0.770000
v 0.970711 11.104289 -0.770000
v 0.950000 11.088397 -0.770000
v 0.925882 11.078407 -0.770000
v -0.010000 11.075000 -0.340000
v -0.010000 11.075000 -1.200000
v 1.000000 11.375000 -0.340000
v -0.310000 11.375000 -0.340000
v -0.310000 10.100000 -0.340000
v -0.306593 10.074118 -0.340000
v -0.296603 10.050000 -0.340000
v -0.280711 10.029289 -0.340000
v -0.260000 10.013397 -0.340000
v -0.235882 10.003407 -0.340000
v -0.210000 10.000000 -0.340000
v -0.110000 10.000000 -0.340000
v -0.084118 10.003407 -0.340000
v -0.060000 10.013397 -0.340000
v -0.039289 10.029289 -0.340000
v -0.023397 10.050000 -0.340000
v -0.013407 10.074118 -0.340000
v -0.010000 10.100000 -0.340000
v -0.110000 10.000000 -1.200000
v -0.084118 10.003407 -1.200000
v -0.060000 10.013397 -1.200000
v -0.039289 10.029289 -1.200000
v -0.023397 10.050000 -1.200000
v -0.013407 10.074118 -1.200000
v -0.010000 10.100000 -1.200000
v -0.013407 10.074118 -0.770000
v -0.023397 10.050000 -0.770000
v -0.039289 10.029289 -0.770000
v -0.060000 10.013397 -0.770000
v -0.084118 10.003407 -0.770000
v -0.210000 10.000000 -1.200000
v -0.310000 10.100000 -1.200000
v -0.306593 10.074118 -1.200000
v -0.296603 10.050000 -1.200000
v -0.280711 10.029289 -1.200000
v -0.260000 10.013397 -1.200000
v -0.235882 10.003407 -1.200000
v -0.235882 10.003407 -0.770000
v -0.260000 10.013397 -0.770000
v -0.280711 10.029289 -0.770000
v -0.296603 10.050000 -0.770000
v -0.306593 10.074118 -0.770000
v -0.310000 11.375000 -1.200000
v -0.210000 -10.000000 -1.200000
v -0.235882 -10.003407 -1.200000
v -0.260000 -10.013397 -1.200000
v -0.280711 -10.029289 -1.200000
v -0.296603 -10.050000 -1.200000
v -0.306593 -10.074118 -1.200000
v -0.310000 -10.100000 -1.200000
v -0.306593 -10.074118 -0.770000
v -0.296603 -10.050000 -0.770000
v -0.280711 -10.029289 -0.770000
v -0.260000 -10.013397 -0.770000
v -0.235882 -10.003407 -0.770000
v -0.310000 -11.000000 -1.200000
v -0.311825 11.376864 -1.200000
v 0.300000 11.376864 -1.200000
v 0.300000 11.376864 -1.240000
v -0.311825 11.376864 -1.240000
v -0.311825 10.400000 -1.200000
v -0.311825 10.400000 -1.240000
v -0.777321 10.400000 -1.200000
v -0.777321 10.400000 -1.240000
v 0.300000 11.699686 -1.200000
v 0.300000 11.699686 -1.240000
v -0.777321 11.699686 -1.200000
v -0.777321 11.699686 -1.240000
v -0.800000 -11.000000 -1.200000
v -0.800000 -11.700000 -1.200000
v -0.800000 -11.700000 -1.240000
v -0.800000 -11.000000 -1.240000
v -0.300000 -11.000000 -1.240000
v -0.300000 -11.700000 -1.240000
v 7.500000 -11.700000 -1.200000
v 7.500000 -11.700000 -1.240000
v 7.500000 -11.300000 -1.240000
v 8.000000 -11.700000 -1.200000
v 8.000000 -11.350000 -1.200000
v 8.000000 -11.300000 -1.240000
v 8.000000 -11.700000 -1.240000
v 0.100000 -11.700000 -1.200000
v 0.100000 -11.350000 -1.200000
v 1.000000 11.375000 -1.200000
v 8.700000 -11.050000 -1.200000
v 9.000000 -10.100000 -1.200000
v 9.460000 -10.100000 -1.200000
v 9.460000 -10.600000 -1.200000
v 9.000000 -10.600000 -1.200000
v 9.000000 -10.602725 -1.200000
v 9.662141 -10.602725 -1.200000
v 9.662141 -0.535077 -1.200000
v 9.000000 0.500000 -1.200000
v 9.662141 0.500000 -1.200000
v 9.662141 10.597275 -1.200000
v 9.460000 10.597275 -1.200000
v 9.460000 10.000528 -1.200000
v 9.000000 10.000528 -1.200000
v 9.000000 10.000000 -1.200000
v -1.197781 11.700000 -1.200000
v -1.197781 10.797275 -1.200000
v -1.208003 10.719629 -1.200000
v -1.237973 10.647275 -1.200000
v -1.285649 10.585143 -1.200000
v -1.347781 10.537467 -1.200000
v -1.420135 10.507497 -1.200000
v -1.497781 10.497275 -1.200000
v -2.237859 10.497275 -1.200000
v -2.237859 0.500000 -1.200000
v -1.698011 0.500000 -1.200000
v -1.646247 0.493185 -1.200000
v -1.598011 0.473205 -1.200000
v -1.556590 0.441421 -1.200000
v -1.524806 0.400000 -1.200000
v -1.504826 0.351764 -1.200000
v -1.498011 0.300000 -1.200000
v -1.498011 -0.343462 -1.200000
v -1.504826 -0.395226 -1.200000
v -1.524806 -0.443462 -1.200000
v -1.556590 -0.484883 -1.200000
v -1.598011 -0.516667 -1.200000
v -1.646247 -0.536647 -1.200000
v -1.698011 -0.543462 -1.200000
v -2.237859 -0.543462 -1.200000
v -2.237859 -10.502725 -1.200000
v -1.497781 -10.502725 -1.200000
v -1.420135 -10.512947 -1.200000
v -1.347781 -10.542917 -1.200000
v -1.285649 -10.590593 -1.200000
v -1.237973 -10.652725 -1.200000
v -1.208003 -10.725079 -1.200000
v -1.197781 -10.802725 -1.200000
v -1.197781 -11.700000 -1.200000
v 1.540230 10.009211 -1.200000
v 8.040230 10.009211 -1.200000
v 8.040230 1.409211 -1.200000
v 1.540230 1.409211 -1.200000
v -0.310000 -9.060978 -1.200000
v -0.313878 -9.268478 -1.200000
v -0.371329 -9.467904 -1.200000
v -0.478437 -9.645666 -1.200000
v -0.627904 -9.789649 -1.200000
v -0.809544 -9.890041 -1.200000
v -1.010978 -9.940000 -1.200000
v -1.218478 -9.936122 -1.200000
v -1.417904 -9.878671 -1.200000
v -1.595666 -9.771563 -1.200000
v -1.739649 -9.622096 -1.200000
v -1.840041 -9.440456 -1.200000
v -1.890000 -9.239022 -1.200000
v -1.886122 -9.031522 -1.200000
v -1.828671 -8.832096 -1.200000
v -1.721563 -8.654334 -1.200000
v -1.572096 -8.510351 -1.200000
v -1.390456 -8.409959 -1.200000
v -1.189022 -8.360000 -1.200000
v -0.981522 -8.363878 -1.200000
v -0.782096 -8.421329 -1.200000
v -0.604334 -8.528437 -1.200000
v -0.460351 -8.677904 -1.200000
v -0.359959 -8.859544 -1.200000
v 1.540230 -1.390789 -1.200000
v 8.040230 -1.390789 -1.200000
v 8.040230 -9.990789 -1.200000
v 1.540230 -9.990789 -1.200000
v -0.310000 1.500000 -1.200000
v -0.500000 9.671560 -1.200000
v -0.385455 9.498497 -1.200000
v -0.319605 9.301684 -1.200000
v -0.306937 9.094535 -1.200000
v -0.348316 8.891165 -1.200000
v -0.440920 8.705434 -1.200000
v -0.578440 8.550000 -1.200000
v -0.751503 8.435455 -1.200000
v -0.948316 8.369605 -1.200000
v -1.155465 8.356937 -1.200000
v -1.358835 8.398316 -1.200000
v -1.544566 8.490920 -1.200000
v -1.700000 8.628440 -1.200000
v -1.814545 8.801503 -1.200000
v -1.880395 8.998316 -1.200000
v -1.893063 9.205465 -1.200000
v -1.851684 9.408835 -1.200000
v -1.759080 9.594566 -1.200000
v -1.621560 9.750000 -1.200000
v -1.448497 9.864545 -1.200000
v -1.251684 9.930395 -1.200000
v -1.044535 9.943063 -1.200000
v -0.841165 9.901684 -1.200000
v -0.655434 9.809080 -1.200000
v 8.000000 11.375000 -1.200000
v 8.000000 11.700000 -1.200000
v 8.030388 11.700000 -1.200000
v 8.030388 11.700000 0.000000
v -1.197781 11.700000 0.000000
v 8.030239 11.375000 -1.200000
v 8.030239 11.694550 -1.200000
v 8.025836 11.375000 0.000000
v 8.030239 11.375000 0.000000
v 9.000000 -10.600000 0.000000
v 9.000000 -10.602725 0.000000
v 8.030239 -11.700000 -1.200000
v 8.030239 -11.350000 -1.200000
v 9.168426 10.597275 0.000000
v 9.168426 10.600000 0.000000
v 8.702262 -0.339551 0.000000
v 8.702262 0.409608 0.000000
v 8.700000 -10.600000 0.000000
v 8.027503 -11.050000 0.000000
v 8.027503 -11.350000 0.000000
v 8.025836 11.075000 0.000000
v 9.662141 10.597275 0.000000
v 8.700000 -11.050000 0.000000
v 8.030239 -11.350000 0.000000
v 9.750000 -0.500000 0.000000
v 9.746593 -0.474118 0.000000
v 9.736603 -0.450000 0.000000
v 9.720711 -0.429289 0.000000
v 9.700000 -0.413397 0.000000
v 9.675882 -0.403407 0.000000
v 9.650000 -0.400000 0.000000
v 9.151926 -0.400000 0.000000
v 9.126044 -0.396592 0.000000
v 9.101926 -0.386602 0.000000
v 9.081215 -0.370710 0.000000
v 9.065323 -0.350000 0.000000
v 9.055333 -0.325882 0.000000
v 9.051926 -0.300000 0.000000
v 9.051926 0.250000 0.000000
v 9.055333 0.275882 0.000000
v 9.065323 0.300000 0.000000
v 9.081215 0.320711 0.000000
v 9.101926 0.336603 0.000000
v 9.126044 0.346593 0.000000
v 9.151926 0.350000 0.000000
v 9.650002 0.350000 0.000000
v 9.675884 0.353407 0.000000
v 9.700002 0.363398 0.000000
v 9.720713 0.379289 0.000000
v 9.736605 0.400000 0.000000
v 9.746595 0.424118 0.000000
v 9.750002 0.450000 0.000000
v 9.750002 10.610318 0.000000
v 8.944016 10.932809 0.000000
v 8.914168 10.947752 0.000000
v 8.887222 10.967451 0.000000
v 8.863926 10.991356 0.000000
v 8.245296 11.742559 0.000000
v 8.221640 11.765573 0.000000
v 8.193524 11.782856 0.000000
v 8.162309 11.793573 0.000000
v 8.129506 11.797203 0.000000
v -1.200007 11.797203 0.000000
v -1.264712 11.788685 0.000000
v -1.325007 11.763710 0.000000
v -1.376784 11.723980 0.000000
v -1.416513 11.672203 0.000000
v -1.441488 11.611908 0.000000
v -1.450007 11.547203 0.000000
v -1.450007 10.946978 0.000000
v -1.458525 10.882274 0.000000
v -1.483500 10.821979 0.000000
v -1.523230 10.770202 0.000000
v -1.575006 10.730472 0.000000
v -1.635301 10.705497 0.000000
v -1.700006 10.696978 0.000000
v -2.099979 10.696985 0.000000
v -2.164684 10.688467 0.000000
v -2.224980 10.663493 0.000000
v -2.276758 10.623763 0.000000
v -2.316488 10.571986 0.000000
v -2.341464 10.511690 0.000000
v -2.349983 10.446985 0.000000
v -2.349983 0.551903 0.000000
v -2.343168 0.500139 0.000000
v -2.323188 0.451903 0.000000
v -2.291404 0.410482 0.000000
v -2.249983 0.378698 0.000000
v -2.201747 0.358718 0.000000
v -2.149983 0.351903 0.000000
v -1.895708 0.351902 0.000000
v -1.843945 0.345087 0.000000
v -1.795709 0.325107 0.000000
v -1.754287 0.293324 0.000000
v -1.722504 0.251902 0.000000
v -1.702524 0.203666 0.000000
v -1.695709 0.151902 0.000000
v -1.695709 -0.150000 0.000000
v -1.702524 -0.201764 0.000000
v -1.722504 -0.250000 0.000000
v -1.754287 -0.291422 0.000000
v -1.795708 -0.323205 0.000000
v -1.843945 -0.343186 0.000000
v -1.895708 -0.350000 0.000000
v -2.250002 -0.350001 0.000000
v -2.275884 -0.353409 0.000000
v -2.300002 -0.363399 0.000000
v -2.320713 -0.379291 0.000000
v -2.336604 -0.400001 0.000000
v -2.346594 -0.424119 0.000000
v -2.350002 -0.450001 0.000000
v -2.349983 -10.302725 0.000000
v -2.349983 -10.452435 0.000000
v -2.341464 -10.517140 0.000000
v -2.316488 -10.577436 0.000000
v -2.276758 -10.629213 0.000000
v -2.224980 -10.668942 0.000000
v -2.164684 -10.693917 0.000000
v -2.099979 -10.702435 0.000000
v -1.700006 -10.702428 0.000000
v -1.635301 -10.710947 0.000000
v -1.575006 -10.735922 0.000000
v -1.523230 -10.775652 0.000000
v -1.483500 -10.827429 0.000000
v -1.458525 -10.887724 0.000000
v -1.450007 -10.952428 0.000000
v -1.450007 -11.552653 0.000000
v -1.441488 -11.617358 0.000000
v -1.416513 -11.677653 0.000000
v -1.376784 -11.729430 0.000000
v -1.325007 -11.769160 0.000000
v -1.264712 -11.794135 0.000000
v -1.200007 -11.802653 0.000000
v 8.129506 -11.802653 0.000000
v 8.162309 -11.799022 0.000000
v 8.193524 -11.788306 0.000000
v 8.221640 -11.771022 0.000000
v 8.245296 -11.748009 0.000000
v 8.863926 -10.996806 0.000000
v 8.887222 -10.972900 0.000000
v 8.914168 -10.953202 0.000000
v 8.944016 -10.938259 0.000000
v 9.750002 -10.615768 0.000000
v 9.750002 -10.402725 0.000000
v 9.662141 -0.535077 0.000000
v 9.662141 -10.602725 0.000000
v 8.030239 -11.700000 0.000000
v -1.197781 -11.700000 0.000000
v -1.197781 -10.802725 0.000000
v -1.208003 -10.725079 0.000000
v -1.237973 -10.652725 0.000000
v -1.285649 -10.590593 0.000000
v -1.347781 -10.542917 0.000000
v -1.420135 -10.512947 0.000000
v -1.497781 -10.502725 0.000000
v -2.237859 -10.502725 0.000000
v -2.237859 -0.543462 0.000000
v -1.698011 -0.543462 0.000000
v -1.646247 -0.536647 0.000000
v -1.598011 -0.516667 0.000000
v -1.556590 -0.484883 0.000000
v -1.524806 -0.443462 0.000000
v -1.504826 -0.395226 0.000000
v -1.498011 -0.343462 0.000000
v -1.498011 0.300000 0.000000
v -1.504826 0.351764 0.000000
v -1.524806 0.400000 0.000000
v -1.556590 0.441421 0.000000
v -1.598011 0.473205 0.000000
v -1.646247 0.493185 0.000000
v -1.698011 0.500000 0.000000
v -2.237859 0.500000 0.000000
v -2.237859 10.497275 0.000000
v -1.497781 10.497275 0.000000
v -1.420135 10.507497 0.000000
v -1.347781 10.537467 0.000000
v -1.285649 10.585143 0.000000
v -1.237973 10.647275 0.000000
v -1.208003 10.719629 0.000000
v -1.197781 10.797275 0.000000
v 8.030239 11.694550 0.000000
v 9.662141 0.500000 0.000000
v 9.450000 11.297275 -0.800000
v 9.444889 11.258452 -0.800000
v 9.429904 11.222275 -0.800000
v 9.406066 11.191209 -0.800000
v 9.375000 11.167371 -0.800000
v 9.338823 11.152386 -0.800000
v 9.300000 11.147275 -0.800000
v 9.261177 11.152386 -0.800000
v 9.225000 11.167371 -0.800000
v 9.193934 11.191209 -0.800000
v 9.170096 11.222275 -0.800000
v 9.155111 11.258452 -0.800000
v 9.150000 11.297275 -0.800000
v 9.155111 11.336098 -0.800000
v 9.170096 11.372275 -0.800000
v 9.193934 11.403341 -0.800000
v 9.225000 11.427179 -0.800000
v 9.261177 11.442164 -0.800000
v 9.300000 11.447275 -0.800000
v 9.338823 11.442164 -0.800000
v 9.375000 11.427179 -0.800000
v 9.406066 11.403341 -0.800000
v 9.429904 11.372275 -0.800000
v 9.444889 11.336098 -0.800000
v 9.450000 11.297275 0.000000
v 9.444889 11.336098 0.000000
v 9.429904 11.372275 0.000000
v 9.406066 11.403341 0.000000
v 9.375000 11.427179 0.000000
v 9.338823 11.442164 0.000000
v 9.300000 11.447275 0.000000
v 9.261177 11.442164 0.000000
v 9.225000 11.427179 0.000000
v 9.193934 11.403341 0.000000
v 9.170096 11.372275 0.000000
v 9.155111 11.336098 0.000000
v 9.150000 11.297275 0.000000
v 9.155111 11.258452 0.000000
v 9.170096 11.222275 0.000000
v 9.193934 11.191209 0.000000
v 9.225000 11.167371 0.000000
v 9.261177 11.152386 0.000000
v 9.300000 11.147275 0.000000
v 9.338823 11.152386 0.000000
v 9.375000 11.167371 0.000000
v 9.406066 11.191209 0.000000
v 9.429904 11.222275 0.000000
v 9.444889 11.258452 0.000000
v -1.750000 -11.302725 -0.800000
v -1.755111 -11.341548 -0.800000
v -1.770096 -11.377725 -0.800000
v -1.793934 -11.408791 -0.800000
v -1.825000 -11.432629 -0.800000
v -1.861177 -11.447614 -0.800000
v -1.900000 -11.452725 -0.800000
v -1.938823 -11.447614 -0.800000
v -1.975000 -11.432629 -0.800000
v -2.006066 -11.408791 -0.800000
v -2.029904 -11.377725 -0.800000
v -2.044889 -11.341548 -0.800000
v -2.050000 -11.302725 -0.800000
v -2.044889 -11.263902 -0.800000
v -2.029904 -11.227725 -0.800000
v -2.006066 -11.196659 -0.800000
v -1.975000 -11.172821 -0.800000
v -1.938823 -11.157836 -0.800000
v -1.900000 -11.152725 -0.800000
v -1.861177 -11.157836 -0.800000
v -1.825000 -11.172821 -0.800000
v -1.793934 -11.196659 -0.800000
v -1.770096 -11.227725 -0.800000
v -1.755111 -11.263902 -0.800000
v -1.750000 -11.302725 0.000000
v -1.755111 -11.263902 0.000000
v -1.770096 -11.227725 0.000000
v -1.793934 -11.196659 0.000000
v -1.825000 -11.172821 0.000000
v -1.861177 -11.157836 0.000000
v -1.900000 -11.152725 0.000000
v -1.938823 -11.157836 0.000000
v -1.975000 -11.172821 0.000000
v -2.006066 -11.196659 0.000000
v -2.029904 -11.227725 0.000000
v -2.044889 -11.263902 0.000000
v -2.050000 -11.302725 0.000000
v -2.044889 -11.341548 0.000000
v -2.029904 -11.377725 0.000000
v -2.006066 -11.408791 0.000000
v -1.975000 -11.432629 0.000000
v -1.938823 -11.447614 0.000000
v -1.900000 -11.452725 0.000000
v -1.861177 -11.447614 0.000000
v -1.825000 -11.432629 0.000000
v -1.793934 -11.408791 0.000000
v -1.770096 -11.377725 0.000000
v -1.755111 -11.341548 0.000000
v -1.950000 -0.000000 -0.800000
v -1.955111 -0.038823 -0.800000
v -1.970096 -0.075000 -0.800000
v -1.993934 -0.106066 -0.800000
v -2.025000 -0.129904 -0.800000
v -2.061177 -0.144889 -0.800000
v -2.100000 -0.150000 -0.800000
v -2.138823 -0.144889 -0.800000
v -2.175000 -0.129904 -0.800000
v -2.206066 -0.106066 -0.800000
v -2.229904 -0.075000 -0.800000
v -2.244889 -0.038823 -0.800000
v -2.250000 -0.000000 -0.800000
v -2.244889 0.038823 -0.800000
v -2.229904 0.075000 -0.800000
v -2.206066 0.106066 -0.800000
v -2.175000 0.129904 -0.800000
v -2.138823 0.144889 -0.800000
v -2.100000 0.150000 -0.800000
v -2.061177 0.144889 -0.800000
v -2.025000 0.129904 -0.800000
v -1.993934 0.106066 -0.800000
v -1.970096 0.075000 -0.800000
v -1.955111 0.038823 -0.800000
v -1.950000 -0.000000 0.000000
v -1.955111 0.038823 0.000000
v -1.970096 0.075000 0.000000
v -1.993934 0.106066 0.000000
v -2.025000 0.129904 0.000000
v -2.061177 0.144889 0.000000
v -2.100000 0.150000 0.000000
v -2.138823 0.144889 0.000000
v -2.175000 0.129904 0.000000
v -2.206066 0.106066 0.000000
v -2.229904 0.075000 0.000000
v -2.244889 0.038823 0.000000
v -2.250000 -0.000000 0.000000
v -2.244889 -0.038823 0.000000
v -2.229904 -0.075000 0.000000
v -2.206066 -0.106066 0.000000
v -2.175000 -0.129904 0.000000
v -2.138823 -0.144889 0.000000
v -2.100000 -0.150000 0.000000
v -2.061177 -0.144889 0.000000
v -2.025000 -0.129904 0.000000
v -1.993934 -0.106066 0.000000
v -1.970096 -0.075000 0.000000
v -1.955111 -0.038823 0.000000
v -1.750000 11.297275 -0.800000
v -1.755111 11.258452 -0.800000
v -1.770096 11.222275 -0.800000
v -1.793934 11.191209 -0.800000
v -1.825000 11.167371 -0.800000
v -1.861177 11.152386 -0.800000
v -1.900000 11.147275 -0.800000
v -1.938823 11.152386 -0.800000
v -1.975000 11.167371 -0.800000
v -2.006066 11.191209 -0.800000
v -2.029904 11.222275 -0.800000
v -2.044889 11.258452 -0.800000
v -2.050000 11.297275 -0.800000
v -2.044889 11.336098 -0.800000
v -2.029904 11.372275 -0.800000
v -2.006066 11.403341 -0.800000
v -1.975000 11.427179 -0.800000
v -1.938823 11.442164 -0.800000
v -1.900000 11.447275 -0.800000
v -1.861177 11.442164 -0.800000
v -1.825000 11.427179 -0.800000
v -1.793934 11.403341 -0.800000
v -1.770096 11.372275 -0.800000
v -1.755111 11.336098 -0.800000
v -1.750000 11.297275 0.000000
v -1.755111 11.336098 0.000000
v -1.770096 11.372275 0.000000
v -1.793934 11.403341 0.000000
v -1.825000 11.427179 0.000000
v -1.861177 11.442164 0.000000
v -1.900000 11.447275 0.000000
v -1.938823 11.442164 0.000000
v -1.975000 11.427179 0.000000
v -2.006066 11.403341 0.000000
v -2.029904 11.372275 0.000000
v -2.044889 11.336098 0.000000
v -2.050000 11.297275 0.000000
v -2.044889 11.258452 0.000000
v -2.029904 11.222275 0.000000
v -2.006066 11.191209 0.000000
v -1.975000 11.167371 0.000000
v -1.938823 11.152386 0.000000
v -1.900000 11.147275 0.000000
v -1.861177 11.152386 0.000000
v -1.825000 11.167371 0.000000
v -1.793934 11.191209 0.000000
v -1.770096 11.222275 0.000000
v -1.755111 11.258452 0.000000
v 9.450000 -11.302725 -0.800000
v 9.444889 -11.341548 -0.800000
v 9.429904 -11.377725 -0.800000
v 9.406066 -11.408791 -0.800000
v 9.375000 -11.432629 -0.800000
v 9.338823 -11.447614 -0.800000
v 9.300000 -11.452725 -0.800000
v 9.261177 -11.447614 -0.800000
v 9.225000 -11.432629 -0.800000
v 9.193934 -11.408791 -0.800000
v 9.170096 -11.377725 -0.800000
v 9.155111 -11.341548 -0.800000
v 9.150000 -11.302725 -0.800000
v 9.155111 -11.263902 -0.800000
v 9.170096 -11.227725 -0.800000
v 9.193934 -11.196659 -0.800000
v 9.225000 -11.172821 -0.800000
v 9.261177 -11.157836 -0.800000
v 9.300000 -11.152725 -0.800000
v 9.338823 -11.157836 -0.800000
v 9.375000 -11.172821 -0.800000
v 9.406066 -11.196659 -0.800000
v 9.429904 -11.227725 -0.800000
v 9.444889 -11.263902 -0.800000
v 9.450000 -11.302725 0.000000
v 9.444889 -11.263902 0.000000
v 9.429904 -11.227725 0.000000
v 9.406066 -11.196659 0.000000
v 9.375000 -11.172821 0.000000
v 9.338823 -11.157836 0.000000
v 9.300000 -11.152725 0.000000
v 9.261177 -11.157836 0.000000
v 9.225000 -11.172821 0.000000
v 9.193934 -11.196659 0.000000
v 9.170096 -11.227725 0.000000
v 9.155111 -11.263902 0.000000
v 9.150000 -11.302725 0.000000
v 9.155111 -11.341548 0.000000
v 9.170096 -11.377725 0.000000
v 9.193934 -11.408791 0.000000
v 9.225000 -11.432629 0.000000
v 9.261177 -11.447614 0.000000
v 9.300000 -11.452725 0.000000
v 9.338823 -11.447614 0.000000
v 9.375000 -11.432629 0.000000
v 9.406066 -11.408791 0.000000
v 9.429904 -11.377725 0.000000
v 9.444889 -11.341548 0.000000
v 9.600000 -0.002725 -0.800000
v 9.594889 -0.041548 -0.800000
v 9.579904 -0.077725 -0.800000
v 9.556066 -0.108791 -0.800000
v 9.525000 -0.132629 -0.800000
v 9.488823 -0.147614 -0.800000
v 9.450000 -0.152725 -0.800000
v 9.411177 -0.147614 -0.800000
v 9.375000 -0.132629 -0.800000
v 9.343934 -0.108791 -0.800000
v 9.320096 -0.077725 -0.800000
v 9.305111 -0.041548 -0.800000
v 9.300000 -0.002725 -0.800000
v 9.305111 0.036098 -0.800000
v 9.320096 0.072275 -0.800000
v 9.343934 0.103341 -0.800000
v 9.375000 0.127179 -0.800000
v 9.411177 0.142164 -0.800000
v 9.450000 0.147275 -0.800000
v 9.488823 0.142164 -0.800000
v 9.525000 0.127179 -0.800000
v 9.556066 0.103341 -0.800000
v 9.579904 0.072275 -0.800000
v 9.594889 0.036098 -0.800000
v 9.600000 -0.002725 0.000000
v 9.594889 0.036098 0.000000
v 9.579904 0.072275 0.000000
v 9.556066 0.103341 0.000000
v 9.525000 0.127179 0.000000
v 9.488823 0.142164 0.000000
v 9.450000 0.147275 0.000000
v 9.411177 0.142164 0.000000
v 9.375000 0.127179 0.000000
v 9.343934 0.103341 0.000000
v 9.320096 0.072275 0.000000
v 9.305111 0.036098 0.000000
v 9.300000 -0.002725 0.000000
v 9.305111 -0.041548 0.000000
v 9.320096 -0.077725 0.000000
v 9.343934 -0.108791 0.000000
v 9.375000 -0.132629 0.000000
v 9.411177 -0.147614 0.000000
v 9.450000 -0.152725 0.000000
v 9.488823 -0.147614 0.000000
v 9.525000 -0.132629 0.000000
v 9.556066 -0.108791 0.000000
v 9.579904 -0.077725 0.000000
v 9.594889 -0.041548 0.000000
v 9.750000 -0.500000 0.100000
v 9.746593 -0.474118 0.100000
v 9.736603 -0.450000 0.100000
v 9.720711 -0.429289 0.100000
v 9.700000 -0.413397 0.100000
v 9.675882 -0.403407 0.100000
v 9.650000 -0.400000 0.100000
v 9.151926 -0.400000 0.100000
v 9.126044 -0.396592 0.100000
v 9.101926 -0.386602 0.100000
v 9.081215 -0.370710 0.100000
v 9.065323 -0.350000 0.100000
v 9.055333 -0.325882 0.100000
v 9.051926 -0.300000 0.100000
v 9.051926 0.250000 0.100000
v 9.055333 0.275882 0.100000
v 9.065323 0.300000 0.100000
v 9.081215 0.320711 0.100000
v 9.101926 0.336603 0.100000
v 9.126044 0.346593 0.100000
v 9.151926 0.350000 0.100000
v 9.650002 0.350000 0.100000
v 9.675884 0.353407 0.100000
v 9.700002 0.363398 0.100000
v 9.720713 0.379289 0.100000
v 9.736605 0.400000 0.100000
v 9.746595 0.424118 0.100000
v 9.750002 0.450000 0.100000
v 9.750002 10.610318 0.100000
v 8.944016 10.932809 0.100000
v 8.914168 10.947752 0.100000
v 8.887222 10.967451 0.100000
v 8.863926 10.991356 0.100000
v 8.245296 11.742559 0.100000
v 8.221640 11.765573 0.100000
v 8.193524 11.782856 0.100000
v 8.162309 11.793573 0.100000
v 8.129506 11.797203 0.100000
v -1.200007 11.797203 0.100000
v -1.264712 11.788685 0.100000
v -1.325007 11.763710 0.100000
v -1.376784 11.723980 0.100000
v -1.416513 11.672203 0.100000
v -1.441488 11.611908 0.100000
v -1.450007 11.547203 0.100000
v -1.450007 10.946978 0.100000
v -1.458525 10.882274 0.100000
v -1.483500 10.821979 0.100000
v -1.523230 10.770202 0.100000
v -1.575006 10.730472 0.100000
v -1.635301 10.705497 0.100000
v -1.700006 10.696978 0.100000
v -2.099979 10.696985 0.100000
v -2.164684 10.688467 0.100000
v -2.224980 10.663493 0.100000
v -2.276758 10.623763 0.100000
v -2.316488 10.571986 0.100000
v -2.341464 10.511690 0.100000
v -2.349983 10.446985 0.100000
v -2.349983 0.551903 0.100000
v -2.343168 0.500139 0.100000
v -2.323188 0.451903 0.100000
v -2.291404 0.410482 0.100000
v -2.249983 0.378698 0.100000
v -2.201747 0.358718 0.100000
v -2.149983 0.351903 0.100000
v -1.895708 0.351902 0.100000
v -1.843945 0.345087 0.100000
v -1.795709 0.325107 0.100000
v -1.754287 0.293324 0.100000
v -1.722504 0.251902 0.100000
v -1.702524 0.203666 0.100000
v -1.695709 0.151902 0.100000
v -1.695709 -0.150000 0.100000
v -1.702524 -0.201764 0.100000
v -1.722504 -0.250000 0.100000
v -1.754287 -0.291422 0.100000
v -1.795708 -0.323205 0.100000
v -1.843945 -0.343186 0.100000
v -1.895708 -0.350000 0.100000
v -2.250002 -0.350001 0.100000
v -2.275884 -0.353409 0.100000
v -2.300002 -0.363399 0.100000
v -2.320713 -0.379291 0.100000
v -2.336604 -0.400001 0.100000
v -2.346594 -0.424119 0.100000
v -2.350002 -0.450001 0.100000
v -2.349983 -10.302725 0.100000
v -2.349983 -10.452435 0.100000
v -2.341464 -10.517140 0.100000
v -2.316488 -10.577436 0.100000
v -2.276758 -10.629213 0.100000
v -2.224980 -10.668942 0.100000
v -2.164684 -10.693917 0.100000
v -2.099979 -10.702435 0.100000
v -1.700006 -10.702428 0.100000
v -1.635301 -10.710947 0.100000
v -1.575006 -10.735922 0.100000
v -1.523230 -10.775652 0.100000
v -1.483500 -10.827429 0.100000
v -1.458525 -10.887724 0.100000
v -1.450007 -10.952428 0.100000
v -1.450007 -11.552653 0.100000
v -1.441488 -11.617358 0.100000
v -1.416513 -11.677653 0.100000
v -1.376784 -11.729430 0.100000
v -1.325007 -11.769160 0.100000
v -1.264712 -11.794135 0.100000
v -1.200007 -11.802653 0.100000
v 8.129506 -11.802653 0.100000
v 8.162309 -11.799022 0.100000
v 8.193524 -11.788306 0.100000
v 8.221640 -11.771022 0.100000
v 8.245296 -11.748009 0.100000
v 8.863926 -10.996806 0.100000
v 8.887222 -10.972900 0.100000
v 8.914168 -10.953202 0.100000
v 8.944016 -10.938259 0.100000
v 9.750002 -10.615768 0.100000
v 9.750002 -10.402725 0.100000
v 8.916948 -11.096244 0.000000
v 8.941135 -11.069882 0.000000
v 8.969631 -11.048251 0.000000
v 9.001525 -11.032043 0.000000
v 9.001525 -11.032043 0.100000
v 8.969631 -11.048251 0.100000
v 8.941135 -11.069882 0.100000
v 8.916948 -11.096244 0.100000
v 8.345351 -11.843745 0.000000
v 8.345351 -11.843745 0.100000
v 8.226196 -11.902629 0.000000
v 8.260318 -11.898697 0.000000
v 8.292652 -11.887105 0.000000
v 8.321500 -11.868462 0.000000
v 8.321500 -11.868462 0.100000
v 8.292652 -11.887105 0.100000
v 8.260318 -11.898697 0.100000
v 8.226196 -11.902629 0.100000
v -1.300000 -11.902629 0.000000
v -1.300000 -11.902629 0.100000
v -1.550000 -11.652629 0.000000
v -1.541481 -11.717334 0.000000
v -1.516506 -11.777629 0.000000
v -1.476777 -11.829406 0.000000
v -1.425000 -11.869136 0.000000
v -1.364705 -11.894111 0.000000
v -1.364705 -11.894111 0.100000
v -1.425000 -11.869136 0.100000
v -1.476777 -11.829406 0.100000
v -1.516506 -11.777629 0.100000
v -1.541481 -11.717334 0.100000
v -1.550000 -11.652629 0.100000
v -1.550000 -11.052422 0.000000
v -1.550000 -11.052422 0.100000
v -1.800000 -10.802422 0.000000
v -1.735295 -10.810941 0.000000
v -1.675000 -10.835916 0.000000
v -1.623223 -10.875646 0.000000
v -1.583494 -10.927422 0.000000
v -1.558519 -10.987718 0.000000
v -1.558519 -10.987718 0.100000
v -1.583494 -10.927422 0.100000
v -1.623223 -10.875646 0.100000
v -1.675000 -10.835916 0.100000
v -1.735295 -10.810941 0.100000
v -1.800000 -10.802422 0.100000
v -2.200000 -10.802422 0.000000
v -2.200000 -10.802422 0.100000
v -2.450000 -10.552422 0.000000
v -2.441481 -10.617127 0.000000
v -2.416506 -10.677422 0.000000
v -2.376777 -10.729199 0.000000
v -2.325000 -10.768929 0.000000
v -2.264705 -10.793904 0.000000
v -2.264705 -10.793904 0.100000
v -2.325000 -10.768929 0.100000
v -2.376777 -10.729199 0.100000
v -2.416506 -10.677422 0.100000
v -2.441481 -10.617127 0.100000
v -2.450000 -10.552422 0.100000
v -2.450000 -0.451946 0.000000
v -2.450000 -0.451946 0.100000
v -2.250000 -0.251946 0.000000
v -2.301764 -0.258761 0.000000
v -2.350000 -0.278741 0.000000
v -2.391421 -0.310525 0.000000
v -2.423205 -0.351946 0.000000
v -2.443185 -0.400182 0.000000
v -2.443185 -0.400182 0.100000
v -2.423205 -0.351946 0.100000
v -2.391421 -0.310525 0.100000
v -2.350000 -0.278741 0.100000
v -2.301764 -0.258761 0.100000
v -2.250000 -0.251946 0.100000
v -1.995709 -0.251946 0.000000
v -1.995709 -0.251946 0.100000
v -1.795709 -0.051946 0.000000
v -1.802523 -0.103709 0.000000
v -1.822504 -0.151946 0.000000
v -1.854287 -0.193367 0.000000
v -1.895709 -0.225151 0.000000
v -1.943945 -0.245131 0.000000
v -1.943945 -0.245131 0.100000
v -1.895709 -0.225151 0.100000
v -1.854287 -0.193367 0.100000
v -1.822504 -0.151946 0.100000
v -1.802523 -0.103709 0.100000
v -1.795709 -0.051946 0.100000
v -1.795709 0.060000 0.000000
v -1.795709 0.060000 0.100000
v -1.995709 0.259999 0.000000
v -1.943945 0.253184 0.000000
v -1.895709 0.233204 0.000000
v -1.854288 0.201421 0.000000
v -1.822504 0.159999 0.000000
v -1.802524 0.111763 0.000000
v -1.802524 0.111763 0.100000
v -1.822504 0.159999 0.100000
v -1.854288 0.201421 0.100000
v -1.895709 0.233204 0.100000
v -1.943945 0.253184 0.100000
v -1.995709 0.259999 0.100000
v -2.250000 0.259999 0.000000
v -2.250000 0.259999 0.100000
v -2.450000 0.459999 0.000000
v -2.443185 0.408235 0.000000
v -2.423205 0.359999 0.000000
v -2.391421 0.318578 0.000000
v -2.350000 0.286794 0.000000
v -2.301764 0.266814 0.000000
v -2.301764 0.266814 0.100000
v -2.350000 0.286794 0.100000
v -2.391421 0.318578 0.100000
v -2.423205 0.359999 0.100000
v -2.443185 0.408235 0.100000
v -2.450000 0.459999 0.100000
v -2.450000 10.297275 0.000000
v -2.450000 10.297275 0.100000
v -2.450000 10.546973 0.000000
v -2.450000 10.546973 0.100000
v -2.200000 10.796973 0.000000
v -2.264705 10.788454 0.000000
v -2.325000 10.763479 0.000000
v -2.376777 10.723749 0.000000
v -2.416506 10.671973 0.000000
v -2.441481 10.611677 0.000000
v -2.441481 10.611677 0.100000
v -2.416506 10.671973 0.100000
v -2.376777 10.723749 0.100000
v -2.325000 10.763479 0.100000
v -2.264705 10.788454 0.100000
v -2.200000 10.796973 0.100000
v -1.800000 10.796973 0.000000
v -1.800000 10.796973 0.100000
v -1.550000 11.046973 0.000000
v -1.558519 10.982268 0.000000
v -1.583494 10.921973 0.000000
v -1.623223 10.870196 0.000000
v -1.675000 10.830466 0.000000
v -1.735295 10.805491 0.000000
v -1.735295 10.805491 0.100000
v -1.675000 10.830466 0.100000
v -1.623223 10.870196 0.100000
v -1.583494 10.921973 0.100000
v -1.558519 10.982268 0.100000
v -1.550000 11.046973 0.100000
v -1.550000 11.647180 0.000000
v -1.550000 11.647180 0.100000
v -1.300000 11.897180 0.000000
v -1.364705 11.888661 0.000000
v -1.425000 11.863686 0.000000
v -1.476777 11.823956 0.000000
v -1.516506 11.772180 0.000000
v -1.541481 11.711884 0.000000
v -1.541481 11.711884 0.100000
v -1.516506 11.772180 0.100000
v -1.476777 11.823956 0.100000
v -1.425000 11.863686 0.100000
v -1.364705 11.888661 0.100000
v -1.300000 11.897180 0.100000
v 8.226196 11.897180 0.000000
v 8.226196 11.897180 0.100000
v 8.345351 11.838295 0.000000
v 8.321500 11.863012 0.000000
v 8.292652 11.881655 0.000000
v 8.260318 11.893247 0.000000
v 8.260318 11.893247 0.100000
v 8.292652 11.881655 0.100000
v 8.321500 11.863012 0.100000
v 8.345351 11.838295 0.100000
v 8.916948 11.090794 0.000000
v 8.916948 11.090794 0.100000
v 9.001525 11.026593 0.000000
v 8.969631 11.042801 0.000000
v 8.941135 11.064432 0.000000
v 8.941135 11.064432 0.100000
v 8.969631 11.042801 0.100000
v 9.001525 11.026593 0.100000
v 9.787223 10.712219 0.000000
v 9.787223 10.712219 0.100000
v 9.850074 10.619376 0.000000
v 9.847254 10.642955 0.000000
v 9.838954 10.665205 0.000000
v 9.825642 10.684870 0.000000
v 9.808067 10.700842 0.000000
v 9.808067 10.700842 0.100000
v 9.825642 10.684870 0.100000
v 9.838954 10.665205 0.100000
v 9.847254 10.642955 0.100000
v 9.850074 10.619376 0.100000
v 9.850074 10.397275 0.000000
v 9.850074 10.397275 0.100000
v 9.850018 0.349985 0.000000
v 9.850018 0.349985 0.100000
v 9.750017 0.249986 0.000000
v 9.775899 0.253393 0.000000
v 9.800017 0.263383 0.000000
v 9.820728 0.279275 0.000000
v 9.836620 0.299985 0.000000
v 9.846610 0.324103 0.000000
v 9.846610 0.324103 0.100000
v 9.836620 0.299985 0.100000
v 9.820728 0.279275 0.100000
v 9.800017 0.263383 0.100000
v 9.775899 0.253393 0.100000
v 9.750017 0.249986 0.100000
v 9.249342 0.249989 0.000000
v 9.249342 0.249989 0.100000
v 9.149342 0.149989 0.000000
v 9.152749 0.175871 0.000000
v 9.162739 0.199989 0.000000
v 9.178631 0.220700 0.000000
v 9.199342 0.236591 0.000000
v 9.223460 0.246581 0.000000
v 9.223460 0.246581 0.100000
v 9.199342 0.236591 0.100000
v 9.178631 0.220700 0.100000
v 9.162739 0.199989 0.100000
v 9.152749 0.175871 0.100000
v 9.149342 0.149989 0.100000
v 9.149342 -0.199998 0.000000
v 9.149342 -0.199998 0.100000
v 9.249342 -0.299998 0.000000
v 9.223460 -0.296590 0.000000
v 9.199342 -0.286600 0.000000
v 9.178631 -0.270709 0.000000
v 9.162739 -0.249998 0.000000
v 9.152749 -0.225880 0.000000
v 9.152749 -0.225880 0.100000
v 9.162739 -0.249998 0.100000
v 9.178631 -0.270709 0.100000
v 9.199342 -0.286600 0.100000
v 9.223460 -0.296590 0.100000
v 9.249342 -0.299998 0.100000
v 9.750074 -0.299998 0.000000
v 9.750074 -0.299998 0.100000
v 9.850074 -0.399998 0.000000
v 9.846667 -0.374116 0.000000
v 9.836677 -0.349998 0.000000
v 9.820785 -0.329287 0.000000
v 9.800074 -0.313395 0.000000
v 9.775956 -0.303405 0.000000
v 9.775956 -0.303405 0.100000
v 9.800074 -0.313395 0.100000
v 9.820785 -0.329287 0.100000
v 9.836677 -0.349998 0.100000
v 9.846667 -0.374116 0.100000
v 9.850074 -0.399998 0.100000
v 9.850074 -10.624825 0.000000
v 9.850074 -10.624825 0.100000
v 9.787223 -10.717669 0.000000
v 9.808067 -10.706292 0.000000
v 9.825642 -10.690320 0.000000
v 9.838954 -10.670655 0.000000
v 9.847254 -10.648405 0.000000
v 9.847254 -10.648405 0.100000
v 9.838954 -10.670655 0.100000
v 9.825642 -10.690320 0.100000
v 9.808067 -10.706292 0.100000
v 9.787223 -10.717669 0.100000
v -1.537859 12.000000 0.000000
v -1.796678 11.965926 0.000000
v -2.037859 11.866025 0.000000
v -2.244966 11.707107 0.000000
v -2.403884 11.500000 0.000000
v -2.503785 11.258819 0.000000
v -2.537859 11.000000 0.000000
v -2.537859 -0.000000 0.000000
v -2.537859 -11.000000 0.000000
v -2.503785 -11.258819 0.000000
v -2.403884 -11.500000 0.000000
v -2.244966 -11.707107 0.000000
v -2.037859 -11.866026 0.000000
v -1.796678 -11.965926 0.000000
v -1.537859 -12.000000 0.000000
v 8.962141 -12.000000 0.000000
v 9.220960 -11.965926 0.000000
v 9.462141 -11.866026 0.000000
v 9.669248 -11.707107 0.000000
v 9.828166 -11.500000 0.000000
v 9.928067 -11.258819 0.000000
v 9.962141 -11.000000 0.000000
v 9.962141 -0.000000 0.000000
v 9.962141 11.000000 0.000000
v 9.928067 11.258819 0.000000
v 9.828166 11.500000 0.000000
v 9.669248 11.707107 0.000000
v 9.462141 11.866025 0.000000
v 9.220960 11.965926 0.000000
v 8.962141 12.000000 0.000000
v 1.340230 10.209211 -1.500000
v 8.240230 10.209211 -1.500000
v 8.040230 10.009211 -1.300000
v 1.540230 10.009211 -1.300000
v 1.540230 1.409211 -1.300000
v 1.340230 1.209211 -1.500000
v 8.240230 1.209211 -1.500000
v 8.040230 1.409211 -1.300000
v 1.340230 -10.190789 -1.500000
v 8.240230 -10.190789 -1.500000
v 8.240230 -1.190789 -1.500000
v 1.340230 -1.190789 -1.500000
v -1.895000 9.150000 -1.500000
v -1.867911 8.944239 -1.500000
v -1.788490 8.752500 -1.500000
v -1.662150 8.587850 -1.500000
v -1.497500 8.461510 -1.500000
v -1.305761 8.382089 -1.500000
v -1.100000 8.355000 -1.500000
v -0.894239 8.382089 -1.500000
v -0.702500 8.461510 -1.500000
v -0.537850 8.587850 -1.500000
v -0.411510 8.752500 -1.500000
v -0.332089 8.944239 -1.500000
v -0.305000 9.150000 -1.500000
v -0.332089 9.355761 -1.500000
v -0.411510 9.547500 -1.500000
v -0.537850 9.712150 -1.500000
v -0.702500 9.838490 -1.500000
v -0.894239 9.917911 -1.500000
v -1.100000 9.945000 -1.500000
v -1.305761 9.917911 -1.500000
v -1.497500 9.838490 -1.500000
v -1.662150 9.712150 -1.500000
v -1.788490 9.547500 -1.500000
v -1.867911 9.355761 -1.500000
v -1.895000 -9.150000 -1.500000
v -1.867911 -9.355761 -1.500000
v -1.788490 -9.547500 -1.500000
v -1.662150 -9.712150 -1.500000
v -1.497500 -9.838490 -1.500000
v -1.305761 -9.917911 -1.500000
v -1.100000 -9.945000 -1.500000
v -0.894239 -9.917911 -1.500000
v -0.702500 -9.838490 -1.500000
v -0.537850 -9.712150 -1.500000
v -0.411510 -9.547500 -1.500000
v -0.332089 -9.355761 -1.500000
v -0.305000 -9.150000 -1.500000
v -0.332089 -8.944239 -1.500000
v -0.411510 -8.752500 -1.500000
v -0.537850 -8.587850 -1.500000
v -0.702500 -8.461510 -1.500000
v -0.894239 -8.382089 -1.500000
v -1.100000 -8.355000 -1.500000
v -1.305761 -8.382089 -1.500000
v -1.497500 -8.461510 -1.500000
v -1.662150 -8.587850 -1.500000
v -1.788490 -8.752500 -1.500000
v -1.867911 -8.944239 -1.500000
v -2.537859 11.000000 -1.500000
v -2.503785 11.258819 -1.500000
v -2.403884 11.500000 -1.500000
v -2.244966 11.707107 -1.500000
v -2.037859 11.866025 -1.500000
v -1.796678 11.965926 -1.500000
v -1.537859 12.000000 -1.500000
v 8.962141 12.000000 -1.500000
v 9.220960 11.965926 -1.500000
v 9.462141 11.866025 -1.500000
v 9.669248 11.707107 -1.500000
v 9.828166 11.500000 -1.500000
v 9.928067 11.258819 -1.500000
v 9.962141 11.000000 -1.500000
v 9.962141 -0.000000 -1.500000
v 9.962141 -11.000000 -1.500000
v 9.928067 -11.258819 -1.500000
v 9.828166 -11.500000 -1.500000
v 9.669248 -11.707107 -1.500000
v 9.462141 -11.866026 -1.500000
v 9.220960 -11.965926 -1.500000
v 8.962141 -12.000000 -1.500000
v -1.537859 -12.000000 -1.500000
v -1.796678 -11.965926 -1.500000
v -2.037859 -11.866026 -1.500000
v -2.244966 -11.707107 -1.500000
v -2.403884 -11.500000 -1.500000
v -2.503785 -11.258819 -1.500000
v -2.537859 -11.000000 -1.500000
v -2.537859 -0.000000 -1.500000
v 8.040230 -1.390789 -1.300000
v 1.540230 -1.390789 -1.300000
v 1.540230 -9.990789 -1.300000
v 8.040230 -9.990789 -1.300000
vt 0.151337 -0.078540 0.000000
vt 0.351337 -0.078540 0.000000
vt 0.151337 -0.052360 0.000000
vt 0.351337 -0.052360 0.000000
vt 0.151337 -0.026180 0.000000
vt 0.351337 -0.026180 0.000000
vt 0.151337 -0.000000 0.000000
vt 0.351337 -0.000000 0.000000
vt 0.151337 0.026180 0.000000
vt 0.351337 0.026180 0.000000
vt 0.151337 0.052360 0.000000
vt 0.351337 0.052360 0.000000
vt 0.151337 0.078540 0.000000
vt 0.351337 0.078540 0.000000
vt -0.159529 -0.078540 0.000000
vt 0.658577 -0.078540 0.000000
vt 0.249524 -0.052360 0.000000
vt 0.658577 -0.052360 0.000000
vt 0.249524 -0.026180 0.000000
vt 0.658577 -0.026180 0.000000
vt 0.249524 0.000000 0.000000
vt 0.658577 0.000000 0.000000
vt 0.249524 0.026180 0.000000
vt 0.658577 0.026180 0.000000
vt 0.249524 0.052360 0.000000
vt 0.658577 0.052360 0.000000
vt 0.658577 0.078540 0.000000
vt -0.159529 0.078540 0.000000
vt -0.159529 0.052360 0.000000
vt -0.159529 0.026180 0.000000
vt -0.159529 0.000000 0.000000
vt -0.159529 -0.026180 0.000000
vt -0.159529 -0.052360 0.000000
vt 0.052360 0.060662 0.000000
vt 0.042053 0.087332 0.000000
vt 0.035368 0.062380 0.000000
vt 0.018405 0.075701 0.000000
vt 0.009188 0.062380 0.000000
vt -0.005472 0.065071 0.000000
vt 0.009188 0.037428 0.000000
vt -0.016992 0.037428 0.000000
vt 0.009188 0.012476 0.000000
vt -0.016992 0.012476 0.000000
vt 0.009188 -0.012476 0.000000
vt -0.016992 -0.012476 0.000000
vt 0.009188 -0.037428 0.000000
vt -0.016992 -0.037428 0.000000
vt -0.005472 -0.065071 0.000000
vt -0.029284 -0.054155 0.000000
vt -0.043172 -0.037428 0.000000
vt -0.052705 -0.041536 0.000000
vt -0.043172 -0.012476 0.000000
vt -0.069352 -0.012476 0.000000
vt -0.069352 0.012476 0.000000
vt -0.095532 0.000000 0.000000
vt -0.075188 0.024961 0.000000
vt -0.052705 0.041536 0.000000
vt -0.043172 0.012476 0.000000
vt -0.043172 0.037428 0.000000
vt -0.029284 0.054155 0.000000
vt -0.075188 -0.024961 0.000000
vt 0.009188 -0.062380 0.000000
vt 0.018405 -0.075701 0.000000
vt 0.035368 -0.062380 0.000000
vt 0.042053 -0.087332 0.000000
vt 0.052360 -0.060662 0.000000
vt 0.035368 -0.037428 0.000000
vt 0.059159 -0.031253 0.000000
vt 0.035368 -0.012476 0.000000
vt 0.061548 -0.000000 0.000000
vt 0.035368 0.012476 0.000000
vt 0.059159 0.031253 0.000000
vt 0.035368 0.037428 0.000000
vt 1.056282 0.343407 0.000000
vt 1.130400 0.440000 0.000000
vt 1.030400 0.340000 0.000000
vt 1.130400 1.200000 0.000000
vt 0.210077 1.200000 0.000000
vt 1.080400 0.353397 0.000000
vt 1.101111 0.369289 0.000000
vt 1.117003 0.390000 0.000000
vt 1.126993 0.414118 0.000000
vt 0.212294 0.340000 0.000000
vt 0.210077 -0.000000 0.000000
vt 0.212294 0.000000 0.000000
vt -0.500000 0.440000 0.000000
vt -0.300000 0.440000 0.000000
vt -0.500000 1.200000 0.000000
vt -0.300000 1.200000 0.000000
vt 1.200000 0.078540 0.000000
vt 0.440000 0.078540 0.000000
vt 0.820000 0.052360 0.000000
vt 0.440000 0.052360 0.000000
vt 0.820000 0.026180 0.000000
vt 0.440000 0.026180 0.000000
vt 0.820000 0.000000 0.000000
vt 0.440000 0.000000 0.000000
vt 0.820000 -0.026180 0.000000
vt 0.440000 -0.026180 0.000000
vt 0.820000 -0.052360 0.000000
vt 0.440000 -0.052360 0.000000
vt 0.440000 -0.078540 0.000000
vt 1.200000 -0.078540 0.000000
vt 1.200000 -0.052360 0.000000
vt 1.200000 -0.026180 0.000000
vt 1.200000 0.000000 0.000000
vt 1.200000 0.026180 0.000000
vt 1.200000 0.052360 0.000000
vt -1.030400 0.440000 0.000000
vt -0.212294 0.440000 0.000000
vt -1.030400 1.200000 0.000000
vt -0.000000 1.200000 0.000000
vt -0.000000 0.440000 0.000000
vt 0.003407 0.414118 0.000000
vt -0.014551 0.340000 0.000000
vt 0.013397 0.390000 0.000000
vt 0.029289 0.369289 0.000000
vt 0.050000 0.353397 0.000000
vt 0.074118 0.343407 0.000000
vt 0.100000 0.340000 0.000000
vt -0.212294 0.000000 0.000000
vt -0.014551 0.000000 0.000000
vt 4.754435 0.078540 0.000000
vt 4.075150 0.078540 0.000000
vt 4.414792 0.052360 0.000000
vt 4.075150 0.052360 0.000000
vt 4.414792 0.026180 0.000000
vt 4.075150 0.026180 0.000000
vt 4.414792 -0.000000 0.000000
vt 4.075150 -0.000000 0.000000
vt 4.414792 -0.026180 0.000000
vt 4.075150 -0.026180 0.000000
vt 4.414792 -0.052360 0.000000
vt 4.075150 -0.052360 0.000000
vt 4.075150 -0.078540 0.000000
vt 4.754435 -0.078540 0.000000
vt 4.754435 -0.052360 0.000000
vt 4.754435 -0.026180 0.000000
vt 4.754435 -0.000000 0.000000
vt 4.754435 0.026180 0.000000
vt 4.754435 0.052360 0.000000
vt 0.017514 -0.078540 0.000000
vt 0.492514 -0.078540 0.000000
vt 0.017514 -0.052360 0.000000
vt 0.492514 -0.052360 0.000000
vt 0.017514 -0.026180 0.000000
vt 0.492514 -0.026180 0.000000
vt 0.017514 -0.000000 0.000000
vt 0.492514 -0.000000 0.000000
vt 0.017514 0.026180 0.000000
vt 0.492514 0.026180 0.000000
vt 0.017514 0.052360 0.000000
vt 0.492514 0.052360 0.000000
vt 0.017514 0.078540 0.000000
vt 0.492514 0.078540 0.000000
vt 0.018405 -0.075701 0.000000
vt 0.042053 -0.087332 0.000000
vt 0.035368 -0.062380 0.000000
vt 0.052360 -0.060662 0.000000
vt 0.035368 -0.037428 0.000000
vt 0.059159 -0.031253 0.000000
vt 0.035368 -0.012476 0.000000
vt 0.061548 0.000000 0.000000
vt 0.035368 0.012476 0.000000
vt 0.059159 0.031253 0.000000
vt 0.035368 0.037428 0.000000
vt 0.052360 0.060662 0.000000
vt 0.035368 0.062380 0.000000
vt 0.042053 0.087332 0.000000
vt 0.018405 0.075701 0.000000
vt 0.009188 0.062380 0.000000
vt -0.005472 0.065071 0.000000
vt 0.009188 0.037428 0.000000
vt -0.016992 0.037428 0.000000
vt 0.009188 0.012476 0.000000
vt -0.016992 0.012476 0.000000
vt 0.009188 -0.012476 0.000000
vt -0.016992 -0.012476 0.000000
vt 0.009188 -0.037428 0.000000
vt -0.016992 -0.037428 0.000000
vt -0.005472 -0.065071 0.000000
vt -0.029284 -0.054155 0.000000
vt -0.043172 -0.037428 0.000000
vt -0.052705 -0.041536 0.000000
vt -0.043172 -0.012476 0.000000
vt -0.069352 -0.012476 0.000000
vt -0.069352 0.012476 0.000000
vt -0.095532 -0.000000 0.000000
vt -0.075188 0.024961 0.000000
vt -0.052705 0.041536 0.000000
vt -0.043172 0.012476 0.000000
vt -0.043172 0.037428 0.000000
vt -0.029284 0.054155 0.000000
vt -0.075188 -0.024961 0.000000
vt 0.009188 -0.062380 0.000000
vt -0.399435 -0.078540 0.000000
vt 0.279850 -0.078540 0.000000
vt -0.059792 -0.052360 0.000000
vt 0.279850 -0.052360 0.000000
vt -0.059792 -0.026180 0.000000
vt 0.279850 -0.026180 0.000000
vt -0.059792 -0.000000 0.000000
vt 0.279850 -0.000000 0.000000
vt -0.059792 0.026180 0.000000
vt 0.279850 0.026180 0.000000
vt -0.059792 0.052360 0.000000
vt 0.279850 0.052360 0.000000
vt 0.279850 0.078540 0.000000
vt -0.399435 0.078540 0.000000
vt -0.399435 0.052360 0.000000
vt -0.399435 0.026180 0.000000
vt -0.399435 -0.000000 0.000000
vt -0.399435 -0.026180 0.000000
vt -0.399435 -0.052360 0.000000
vt -0.052360 -0.060662 0.000000
vt -0.042053 -0.087332 0.000000
vt -0.035368 -0.062380 0.000000
vt -0.018405 -0.075701 0.000000
vt -0.009188 -0.062380 0.000000
vt 0.005472 -0.065071 0.000000
vt -0.009188 -0.037428 0.000000
vt 0.016992 -0.037428 0.000000
vt -0.009188 -0.012476 0.000000
vt 0.016992 -0.012476 0.000000
vt -0.009188 0.012476 0.000000
vt 0.016992 0.012476 0.000000
vt -0.009188 0.037428 0.000000
vt 0.016992 0.037428 0.000000
vt 0.005472 0.065071 0.000000
vt 0.029284 0.054155 0.000000
vt 0.043172 0.037428 0.000000
vt 0.052705 0.041536 0.000000
vt 0.043172 0.012476 0.000000
vt 0.069352 0.012476 0.000000
vt 0.069352 -0.012476 0.000000
vt 0.095532 -0.000000 0.000000
vt 0.075188 -0.024961 0.000000
vt 0.052705 -0.041536 0.000000
vt 0.043172 -0.012476 0.000000
vt 0.043172 -0.037428 0.000000
vt 0.029284 -0.054155 0.000000
vt 0.075188 0.024961 0.000000
vt -0.009188 0.062380 0.000000
vt -0.018405 0.075701 0.000000
vt -0.035368 0.062380 0.000000
vt -0.042053 0.087332 0.000000
vt -0.052360 0.060662 0.000000
vt -0.035368 0.037428 0.000000
vt -0.059159 0.031253 0.000000
vt -0.035368 0.012476 0.000000
vt -0.061548 0.000000 0.000000
vt -0.035368 -0.012476 0.000000
vt -0.059159 -0.031253 0.000000
vt -0.035368 -0.037428 0.000000
vt -1.200000 -0.078540 0.000000
vt -0.440000 -0.078540 0.000000
vt -0.820000 -0.052360 0.000000
vt -0.440000 -0.052360 0.000000
vt -0.820000 -0.026180 0.000000
vt -0.440000 -0.026180 0.000000
vt -0.820000 0.000000 0.000000
vt -0.440000 0.000000 0.000000
vt -0.820000 0.026180 0.000000
vt -0.440000 0.026180 0.000000
vt -0.820000 0.052360 0.000000
vt -0.440000 0.052360 0.000000
vt -0.440000 0.078540 0.000000
vt -1.200000 0.078540 0.000000
vt -1.200000 0.052360 0.000000
vt -1.200000 0.026180 0.000000
vt -1.200000 0.000000 0.000000
vt -1.200000 -0.026180 0.000000
vt -1.200000 -0.052360 0.000000
vt -0.725000 0.440000 0.000000
vt -0.250000 0.440000 0.000000
vt -0.725000 1.200000 0.000000
vt -0.250000 1.200000 0.000000
vt 1.200000 0.078540 0.000000
vt 0.440000 0.078540 0.000000
vt 0.820000 0.052360 0.000000
vt 0.440000 0.052360 0.000000
vt 0.820000 0.026180 0.000000
vt 0.440000 0.026180 0.000000
vt 0.820000 0.000000 0.000000
vt 0.440000 0.000000 0.000000
vt 0.820000 -0.026180 0.000000
vt 0.440000 -0.026180 0.000000
vt 0.820000 -0.052360 0.000000
vt 0.440000 -0.052360 0.000000
vt 0.440000 -0.078540 0.000000
vt 1.200000 -0.078540 0.000000
vt 1.200000 -0.052360 0.000000
vt 1.200000 -0.026180 0.000000
vt 1.200000 0.000000 0.000000
vt 1.200000 0.026180 0.000000
vt 1.200000 0.052360 0.000000
vt -0.679285 0.440000 0.000000
vt -0.000000 0.440000 0.000000
vt -0.679285 1.200000 0.000000
vt -0.000000 1.200000 0.000000
vt 5.562500 0.078540 0.000000
vt 4.636821 0.078540 0.000000
vt 5.099661 0.052360 0.000000
vt 4.636821 0.052360 0.000000
vt 5.099661 0.026180 0.000000
vt 4.636821 0.026180 0.000000
vt 5.099661 0.000000 0.000000
vt 4.636821 0.000000 0.000000
vt 5.099661 -0.026180 0.000000
vt 4.636821 -0.026180 0.000000
vt 5.099661 -0.052360 0.000000
vt 4.636821 -0.052360 0.000000
vt 4.636821 -0.078540 0.000000
vt 5.562500 -0.078540 0.000000
vt 5.562500 -0.052360 0.000000
vt 5.562500 -0.026180 0.000000
vt 5.562500 0.000000 0.000000
vt 5.562500 0.026180 0.000000
vt 5.562500 0.052360 0.000000
vt 0.210949 0.078540 0.000000
vt 0.010949 0.078540 0.000000
vt 0.210949 0.052360 0.000000
vt 0.010949 0.052360 0.000000
vt 0.210949 0.026180 0.000000
vt 0.010949 0.026180 0.000000
vt 0.210949 0.000000 0.000000
vt 0.010949 0.000000 0.000000
vt 0.210949 -0.026180 0.000000
vt 0.010949 -0.026180 0.000000
vt 0.210949 -0.052360 0.000000
vt 0.010949 -0.052360 0.000000
vt 0.210949 -0.078540 0.000000
vt 0.010949 -0.078540 0.000000
vt 0.018405 -0.075701 0.000000
vt 0.042053 -0.087332 0.000000
vt 0.035368 -0.062380 0.000000
vt 0.052360 -0.060662 0.000000
vt 0.035368 -0.037428 0.000000
vt 0.059159 -0.031253 0.000000
vt 0.035368 -0.012476 0.000000
vt 0.061548 0.000000 0.000000
vt 0.035368 0.012476 0.000000
vt 0.059159 0.031253 0.000000
vt 0.035368 0.037428 0.000000
vt 0.052360 0.060662 0.000000
vt 0.035368 0.062380 0.000000
vt 0.042053 0.087332 0.000000
vt 0.018405 0.075701 0.000000
vt 0.009188 0.062380 0.000000
vt -0.005472 0.065071 0.000000
vt 0.009188 0.037428 0.000000
vt -0.016992 0.037428 0.000000
vt 0.009188 0.012476 0.000000
vt -0.016992 0.012476 0.000000
vt 0.009188 -0.012476 0.000000
vt -0.016992 -0.012476 0.000000
vt 0.009188 -0.037428 0.000000
vt -0.016992 -0.037428 0.000000
vt -0.005472 -0.065071 0.000000
vt -0.029284 -0.054155 0.000000
vt -0.043172 -0.037428 0.000000
vt -0.052705 -0.041536 0.000000
vt -0.043172 -0.012476 0.000000
vt -0.069352 -0.012476 0.000000
vt -0.069352 0.012476 0.000000
vt -0.095532 0.000000 0.000000
vt -0.075188 0.024961 0.000000
vt -0.052705 0.041536 0.000000
vt -0.043172 0.012476 0.000000
vt -0.043172 0.037428 0.000000
vt -0.029284 0.054155 0.000000
vt -0.075188 -0.024961 0.000000
vt 0.009188 -0.062380 0.000000
vt -10.665392 0.000000 0.000000
vt -10.575000 0.000000 0.000000
vt -10.665392 0.340000 0.000000
vt -10.575000 0.440000 0.000000
vt -10.728407 0.414118 0.000000
vt -10.725000 0.440000 0.000000
vt -10.725000 1.200000 0.000000
vt -9.649321 1.200000 0.000000
vt -9.649321 0.440000 0.000000
vt -10.738397 0.390000 0.000000
vt -10.754289 0.369289 0.000000
vt -10.775000 0.353397 0.000000
vt -10.799118 0.343407 0.000000
vt -10.825000 0.340000 0.000000
vt -1.200000 -0.078540 0.000000
vt -0.440000 -0.078540 0.000000
vt -0.820000 -0.052360 0.000000
vt -0.440000 -0.052360 0.000000
vt -0.820000 -0.026180 0.000000
vt -0.440000 -0.026180 0.000000
vt -0.820000 0.000000 0.000000
vt -0.440000 0.000000 0.000000
vt -0.820000 0.026180 0.000000
vt -0.440000 0.026180 0.000000
vt -0.820000 0.052360 0.000000
vt -0.440000 0.052360 0.000000
vt -0.440000 0.078540 0.000000
vt -1.200000 0.078540 0.000000
vt -1.200000 0.052360 0.000000
vt -1.200000 0.026180 0.000000
vt -1.200000 0.000000 0.000000
vt -1.200000 -0.026180 0.000000
vt -1.200000 -0.052360 0.000000
vt -0.371899 0.440000 0.000000
vt -0.171899 0.440000 0.000000
vt -0.371899 1.200000 0.000000
vt -0.171899 1.200000 0.000000
vt 2.329167 -0.078540 0.000000
vt 2.529167 -0.078540 0.000000
vt 2.329167 -0.052360 0.000000
vt 2.529167 -0.052360 0.000000
vt 2.329167 -0.026180 0.000000
vt 2.529167 -0.026180 0.000000
vt 2.329167 -0.000000 0.000000
vt 2.529167 -0.000000 0.000000
vt 2.329167 0.026180 0.000000
vt 2.529167 0.026180 0.000000
vt 2.329167 0.052360 0.000000
vt 2.529167 0.052360 0.000000
vt 2.329167 0.078540 0.000000
vt 2.529167 0.078540 0.000000
vt 0.177832 -0.078540 0.000000
vt 1.227832 -0.078540 0.000000
vt 0.177350 -0.068722 0.000000
vt 0.652832 -0.052360 0.000000
vt 0.175910 -0.058905 0.000000
vt 0.170220 -0.039270 0.000000
vt 0.652832 -0.026180 0.000000
vt 0.160979 -0.019635 0.000000
vt 0.652832 -0.000000 0.000000
vt 0.148542 -0.000000 0.000000
vt 0.133389 0.019635 0.000000
vt 0.652832 0.026180 0.000000
vt 0.116100 0.039270 0.000000
vt 0.652832 0.052360 0.000000
vt 0.097341 0.058905 0.000000
vt 0.077832 0.078540 0.000000
vt 1.227832 0.078540 0.000000
vt 1.227832 0.052360 0.000000
vt 1.227832 0.026180 0.000000
vt 1.227832 -0.000000 0.000000
vt 1.227832 -0.026180 0.000000
vt 1.227832 -0.052360 0.000000
vt 6.429167 0.078540 0.000000
vt 5.419167 0.078540 0.000000
vt 6.409658 0.058905 0.000000
vt 5.924167 0.052360 0.000000
vt 6.390899 0.039270 0.000000
vt 5.924167 0.026180 0.000000
vt 6.373610 0.019635 0.000000
vt 5.924167 -0.000000 0.000000
vt 6.358457 -0.000000 0.000000
vt 6.346020 -0.019635 0.000000
vt 5.924167 -0.026180 0.000000
vt 6.336779 -0.039270 0.000000
vt 5.924167 -0.052360 0.000000
vt 6.331089 -0.058905 0.000000
vt 6.329649 -0.068722 0.000000
vt 5.419167 -0.052360 0.000000
vt 5.419167 -0.078540 0.000000
vt 5.419167 0.052360 0.000000
vt 5.419167 0.026180 0.000000
vt 5.419167 -0.000000 0.000000
vt 5.419167 -0.026180 0.000000
vt 6.329167 -0.078540 0.000000
vt 0.007766 -0.078540 0.000000
vt 0.482766 -0.078540 0.000000
vt 0.007766 -0.052360 0.000000
vt 0.482766 -0.052360 0.000000
vt 0.007766 -0.026180 0.000000
vt 0.482766 -0.026180 0.000000
vt 0.007766 -0.000000 0.000000
vt 0.482766 -0.000000 0.000000
vt 0.007766 0.026180 0.000000
vt 0.482766 0.026180 0.000000
vt 0.007766 0.052360 0.000000
vt 0.482766 0.052360 0.000000
vt 0.007766 0.078540 0.000000
vt 0.482766 0.078540 0.000000
vt 0.075188 0.024961 0.000000
vt 0.069352 0.012476 0.000000
vt 0.095532 0.000000 0.000000
vt 0.069352 -0.012476 0.000000
vt 0.075188 -0.024961 0.000000
vt 0.052705 -0.041536 0.000000
vt 0.043172 -0.012476 0.000000
vt 0.043172 -0.037428 0.000000
vt 0.016992 -0.012476 0.000000
vt 0.016992 -0.037428 0.000000
vt -0.009188 -0.012476 0.000000
vt -0.009188 -0.037428 0.000000
vt -0.035368 -0.012476 0.000000
vt -0.035368 -0.037428 0.000000
vt -0.059159 -0.031253 0.000000
vt -0.052360 -0.060662 0.000000
vt 0.052705 0.041536 0.000000
vt 0.043172 0.012476 0.000000
vt 0.043172 0.037428 0.000000
vt 0.029284 0.054155 0.000000
vt 0.016992 0.037428 0.000000
vt 0.005472 0.065071 0.000000
vt -0.009188 0.037428 0.000000
vt -0.009188 0.062380 0.000000
vt -0.035368 0.062380 0.000000
vt -0.018405 0.075701 0.000000
vt -0.042053 0.087332 0.000000
vt -0.052360 0.060662 0.000000
vt -0.035368 0.037428 0.000000
vt -0.009188 0.012476 0.000000
vt 0.016992 0.012476 0.000000
vt -0.059159 0.031253 0.000000
vt -0.035368 0.012476 0.000000
vt -0.061548 -0.000000 0.000000
vt -0.035368 -0.062380 0.000000
vt -0.042053 -0.087332 0.000000
vt -0.018405 -0.075701 0.000000
vt -0.009188 -0.062380 0.000000
vt 0.005472 -0.065071 0.000000
vt 0.029284 -0.054155 0.000000
vt -1.974167 -0.078540 0.000000
vt -1.064167 -0.078540 0.000000
vt -1.974649 -0.068722 0.000000
vt -1.569167 -0.052360 0.000000
vt -1.976089 -0.058905 0.000000
vt -1.981779 -0.039270 0.000000
vt -1.569167 -0.026180 0.000000
vt -1.991020 -0.019635 0.000000
vt -1.569167 -0.000000 0.000000
vt -2.003457 -0.000000 0.000000
vt -2.018610 0.019635 0.000000
vt -1.569167 0.026180 0.000000
vt -2.035899 0.039270 0.000000
vt -1.569167 0.052360 0.000000
vt -2.054658 0.058905 0.000000
vt -2.074167 0.078540 0.000000
vt -1.064167 0.078540 0.000000
vt -1.064167 0.052360 0.000000
vt -1.064167 0.026180 0.000000
vt -1.064167 -0.000000 0.000000
vt -1.064167 -0.026180 0.000000
vt -1.064167 -0.052360 0.000000
vt 5.302832 0.078540 0.000000
vt 4.127832 0.078540 0.000000
vt 5.283323 0.058905 0.000000
vt 4.715332 0.052360 0.000000
vt 5.264563 0.039270 0.000000
vt 4.715332 0.026180 0.000000
vt 5.247275 0.019635 0.000000
vt 4.715332 -0.000000 0.000000
vt 5.232121 -0.000000 0.000000
vt 5.219685 -0.019635 0.000000
vt 4.715332 -0.026180 0.000000
vt 5.210444 -0.039270 0.000000
vt 4.715332 -0.052360 0.000000
vt 5.204753 -0.058905 0.000000
vt 5.203313 -0.068722 0.000000
vt 4.127832 -0.052360 0.000000
vt 4.127832 -0.078540 0.000000
vt 4.127832 0.052360 0.000000
vt 4.127832 0.026180 0.000000
vt 4.127832 -0.000000 0.000000
vt 4.127832 -0.026180 0.000000
vt 5.202832 -0.078540 0.000000
vt -1.829167 0.078540 0.000000
vt -2.029167 0.078540 0.000000
vt -1.829167 0.052360 0.000000
vt -2.029167 0.052360 0.000000
vt -1.829167 0.026180 0.000000
vt -2.029167 0.026180 0.000000
vt -1.829167 0.000000 0.000000
vt -2.029167 -0.000000 0.000000
vt -1.829167 -0.026180 0.000000
vt -2.029167 -0.026180 0.000000
vt -1.829167 -0.052360 0.000000
vt -2.029167 -0.052360 0.000000
vt -1.829167 -0.078540 0.000000
vt -2.029167 -0.078540 0.000000
vt -0.018405 0.075701 0.000000
vt -0.042053 0.087332 0.000000
vt -0.035368 0.062380 0.000000
vt -0.052360 0.060662 0.000000
vt -0.035368 0.037428 0.000000
vt -0.059159 0.031253 0.000000
vt -0.035368 0.012476 0.000000
vt -0.061548 -0.000000 0.000000
vt -0.035368 -0.012476 0.000000
vt -0.059159 -0.031253 0.000000
vt -0.035368 -0.037428 0.000000
vt -0.052360 -0.060662 0.000000
vt -0.035368 -0.062380 0.000000
vt -0.042053 -0.087332 0.000000
vt -0.018405 -0.075701 0.000000
vt -0.009188 -0.062380 0.000000
vt 0.005472 -0.065071 0.000000
vt -0.009188 -0.037428 0.000000
vt 0.016992 -0.037428 0.000000
vt -0.009188 -0.012476 0.000000
vt 0.016992 -0.012476 0.000000
vt -0.009188 0.012476 0.000000
vt 0.016992 0.012476 0.000000
vt -0.009188 0.037428 0.000000
vt 0.016992 0.037428 0.000000
vt 0.005472 0.065071 0.000000
vt 0.029284 0.054155 0.000000
vt 0.043172 0.037428 0.000000
vt 0.052705 0.041536 0.000000
vt 0.043172 0.012476 0.000000
vt 0.069352 0.012476 0.000000
vt 0.069352 -0.012476 0.000000
vt 0.095532 0.000000 0.000000
vt 0.075188 -0.024961 0.000000
vt 0.052705 -0.041536 0.000000
vt 0.043172 -0.012476 0.000000
vt 0.043172 -0.037428 0.000000
vt 0.029284 -0.054155 0.000000
vt 0.075188 0.024961 0.000000
vt -0.009188 0.062380 0.000000
vt 0.075188 0.024961 0.000000
vt 0.069352 0.012476 0.000000
vt 0.095532 -0.000000 0.000000
vt 0.069352 -0.012476 0.000000
vt 0.075188 -0.024961 0.000000
vt 0.052705 -0.041536 0.000000
vt 0.043172 -0.012476 0.000000
vt 0.043172 -0.037428 0.000000
vt 0.016992 -0.012476 0.000000
vt 0.016992 -0.037428 0.000000
vt -0.009188 -0.012476 0.000000
vt -0.009188 -0.037428 0.000000
vt -0.035368 -0.012476 0.000000
vt -0.035368 -0.037428 0.000000
vt -0.059159 -0.031253 0.000000
vt -0.052360 -0.060662 0.000000
vt 0.052705 0.041536 0.000000
vt 0.043172 0.012476 0.000000
vt 0.043172 0.037428 0.000000
vt 0.029284 0.054155 0.000000
vt 0.016992 0.037428 0.000000
vt 0.005472 0.065071 0.000000
vt -0.009188 0.037428 0.000000
vt -0.009188 0.062380 0.000000
vt -0.035368 0.062380 0.000000
vt -0.018405 0.075701 0.000000
vt -0.042053 0.087332 0.000000
vt -0.052360 0.060662 0.000000
vt -0.035368 0.037428 0.000000
vt -0.009188 0.012476 0.000000
vt 0.016992 0.012476 0.000000
vt -0.059159 0.031253 0.000000
vt -0.035368 0.012476 0.000000
vt -0.061548 0.000000 0.000000
vt -0.035368 -0.062380 0.000000
vt -0.042053 -0.087332 0.000000
vt -0.018405 -0.075701 0.000000
vt -0.009188 -0.062380 0.000000
vt 0.005472 -0.065071 0.000000
vt 0.029284 -0.054155 0.000000
vt -0.052360 -0.060662 0.000000
vt -0.042053 -0.087332 0.000000
vt -0.035368 -0.062380 0.000000
vt -0.018405 -0.075701 0.000000
vt -0.009188 -0.062380 0.000000
vt 0.005472 -0.065071 0.000000
vt -0.009188 -0.037428 0.000000
vt 0.016992 -0.037428 0.000000
vt -0.009188 -0.012476 0.000000
vt 0.016992 -0.012476 0.000000
vt -0.009188 0.012476 0.000000
vt 0.016992 0.012476 0.000000
vt -0.009188 0.037428 0.000000
vt 0.016992 0.037428 0.000000
vt 0.005472 0.065071 0.000000
vt 0.029284 0.054155 0.000000
vt 0.043172 0.037428 0.000000
vt 0.052705 0.041536 0.000000
vt 0.043172 0.012476 0.000000
vt 0.069352 0.012476 0.000000
vt 0.069352 -0.012476 0.000000
vt 0.095532 0.000000 0.000000
vt 0.075188 -0.024961 0.000000
vt 0.052705 -0.041536 0.000000
vt 0.043172 -0.012476 0.000000
vt 0.043172 -0.037428 0.000000
vt 0.029284 -0.054155 0.000000
vt 0.075188 0.024961 0.000000
vt -0.009188 0.062380 0.000000
vt -0.018405 0.075701 0.000000
vt -0.035368 0.062380 0.000000
vt -0.042053 0.087332 0.000000
vt -0.052360 0.060662 0.000000
vt -0.035368 0.037428 0.000000
vt -0.059159 0.031253 0.000000
vt -0.035368 0.012476 0.000000
vt -0.061548 0.000000 0.000000
vt -0.035368 -0.012476 0.000000
vt -0.059159 -0.031253 0.000000
vt -0.035368 -0.037428 0.000000
vt 1.200000 0.078540 0.000000
vt 0.440000 0.078540 0.000000
vt 0.820000 0.052360 0.000000
vt 0.440000 0.052360 0.000000
vt 0.820000 0.026180 0.000000
vt 0.440000 0.026180 0.000000
vt 0.820000 0.000000 0.000000
vt 0.440000 -0.000000 0.000000
vt 0.820000 -0.026180 0.000000
vt 0.440000 -0.026180 0.000000
vt 0.820000 -0.052360 0.000000
vt 0.440000 -0.052360 0.000000
vt 0.440000 -0.078540 0.000000
vt 1.200000 -0.078540 0.000000
vt 1.200000 -0.052360 0.000000
vt 1.200000 -0.026180 0.000000
vt 1.200000 0.000000 0.000000
vt 1.200000 0.026180 0.000000
vt 1.200000 0.052360 0.000000
vt -1.050000 0.440000 0.000000
vt -0.000000 0.440000 0.000000
vt -1.050000 1.200000 0.000000
vt -0.000000 1.200000 0.000000
vt -8.710000 0.440000 0.000000
vt -7.800000 0.440000 0.000000
vt -8.710000 1.200000 0.000000
vt -7.800000 1.200000 0.000000
vt -1.200000 -0.078540 0.000000
vt -0.440000 -0.078540 0.000000
vt -0.820000 -0.052360 0.000000
vt -0.440000 -0.052360 0.000000
vt -0.820000 -0.026180 0.000000
vt -0.440000 -0.026180 0.000000
vt -0.820000 -0.000000 0.000000
vt -0.440000 -0.000000 0.000000
vt -0.820000 0.026180 0.000000
vt -0.440000 0.026180 0.000000
vt -0.820000 0.052360 0.000000
vt -0.440000 0.052360 0.000000
vt -0.440000 0.078540 0.000000
vt -1.200000 0.078540 0.000000
vt -1.200000 0.052360 0.000000
vt -1.200000 0.026180 0.000000
vt -1.200000 -0.000000 0.000000
vt -1.200000 -0.026180 0.000000
vt -1.200000 -0.052360 0.000000
vt -0.709868 0.440000 0.000000
vt -0.234868 0.440000 0.000000
vt -0.709868 1.200000 0.000000
vt -0.234868 1.200000 0.000000
vt 1.200000 0.078540 0.000000
vt 0.440000 0.078540 0.000000
vt 0.820000 0.052360 0.000000
vt 0.440000 0.052360 0.000000
vt 0.820000 0.026180 0.000000
vt 0.440000 0.026180 0.000000
vt 0.820000 0.000000 0.000000
vt 0.440000 0.000000 0.000000
vt 0.820000 -0.026180 0.000000
vt 0.440000 -0.026180 0.000000
vt 0.820000 -0.052360 0.000000
vt 0.440000 -0.052360 0.000000
vt 0.440000 -0.078540 0.000000
vt 1.200000 -0.078540 0.000000
vt 1.200000 -0.052360 0.000000
vt 1.200000 -0.026180 0.000000
vt 1.200000 0.000000 0.000000
vt 1.200000 0.026180 0.000000
vt 1.200000 0.052360 0.000000
vt -0.910000 0.440000 0.000000
vt -0.000000 0.440000 0.000000
vt -0.910000 1.200000 0.000000
vt -0.000000 1.200000 0.000000
vt -10.725000 0.440000 0.000000
vt -9.650000 0.440000 0.000000
vt -10.725000 1.200000 0.000000
vt -9.650000 1.200000 0.000000
vt -1.200000 -0.078540 0.000000
vt -0.440000 -0.078540 0.000000
vt -0.820000 -0.052360 0.000000
vt -0.440000 -0.052360 0.000000
vt -0.820000 -0.026180 0.000000
vt -0.440000 -0.026180 0.000000
vt -0.820000 -0.000000 0.000000
vt -0.440000 -0.000000 0.000000
vt -0.820000 0.026180 0.000000
vt -0.440000 0.026180 0.000000
vt -0.820000 0.052360 0.000000
vt -0.440000 0.052360 0.000000
vt -0.440000 0.078540 0.000000
vt -1.200000 0.078540 0.000000
vt -1.200000 0.052360 0.000000
vt -1.200000 0.026180 0.000000
vt -1.200000 -0.000000 0.000000
vt -1.200000 -0.026180 0.000000
vt -1.200000 -0.052360 0.000000
vt -0.390000 0.440000 0.000000
vt -0.190000 0.440000 0.000000
vt -0.390000 1.200000 0.000000
vt -0.190000 1.200000 0.000000
vt -4.048335 1.405663 0.000000
vt -4.248335 1.405663 0.000000
vt -4.048335 0.255663 0.000000
vt -4.048335 -0.219337 0.000000
vt -3.038335 -0.219337 0.000000
vt -4.248335 -1.394337 0.000000
vt -4.048335 -1.394337 0.000000
vt -3.038335 0.255663 0.000000
vt 1.200000 0.078540 0.000000
vt 0.340000 0.078540 0.000000
vt 0.770000 0.052360 0.000000
vt 0.340000 0.052360 0.000000
vt 0.770000 0.026180 0.000000
vt 0.340000 0.026180 0.000000
vt 0.770000 0.000000 0.000000
vt 0.340000 0.000000 0.000000
vt 0.770000 -0.026180 0.000000
vt 0.340000 -0.026180 0.000000
vt 0.770000 -0.052360 0.000000
vt 0.340000 -0.052360 0.000000
vt 0.340000 -0.078540 0.000000
vt 1.200000 -0.078540 0.000000
vt 1.200000 -0.052360 0.000000
vt 1.200000 -0.026180 0.000000
vt 1.200000 0.000000 0.000000
vt 1.200000 0.026180 0.000000
vt 1.200000 0.052360 0.000000
vt -0.950000 0.340000 0.000000
vt -0.000000 0.340000 0.000000
vt -0.950000 1.200000 0.000000
vt -0.000000 1.200000 0.000000
vt -3.951742 -10.068455 0.000000
vt -3.961732 -10.044337 0.000000
vt -3.948335 -10.094337 0.000000
vt -3.977624 -10.023626 0.000000
vt -3.998335 -10.007734 0.000000
vt -4.022453 -9.997744 0.000000
vt -4.048335 -9.994337 0.000000
vt -4.148335 -9.994337 0.000000
vt -4.248335 -10.094337 0.000000
vt -4.174217 -9.997744 0.000000
vt -4.198335 -10.007734 0.000000
vt -4.219046 -10.023626 0.000000
vt -4.234937 -10.044337 0.000000
vt -4.244927 -10.068455 0.000000
vt -4.248335 -10.994337 0.000000
vt -4.238335 -10.994337 0.000000
vt -3.948335 -11.044337 0.000000
vt -4.238335 -11.694337 0.000000
vt -3.838335 -11.344337 0.000000
vt -3.838335 -11.694337 0.000000
vt -3.038335 -11.044337 0.000000
vt -2.938335 -11.344337 0.000000
vt -2.938335 -11.144337 0.000000
vt -2.941742 -11.118455 0.000000
vt -2.951732 -11.094337 0.000000
vt -2.967624 -11.073626 0.000000
vt -2.988335 -11.057734 0.000000
vt -3.012453 -11.047744 0.000000
vt -1.200000 -0.078540 0.000000
vt -0.340000 -0.078540 0.000000
vt -0.770000 -0.052360 0.000000
vt -0.340000 -0.052360 0.000000
vt -0.770000 -0.026180 0.000000
vt -0.340000 -0.026180 0.000000
vt -0.770000 -0.000000 0.000000
vt -0.340000 -0.000000 0.000000
vt -0.770000 0.026180 0.000000
vt -0.340000 0.026180 0.000000
vt -0.770000 0.052360 0.000000
vt -0.340000 0.052360 0.000000
vt -0.340000 0.078540 0.000000
vt -1.200000 0.078540 0.000000
vt -1.200000 0.052360 0.000000
vt -1.200000 0.026180 0.000000
vt -1.200000 -0.000000 0.000000
vt -1.200000 -0.026180 0.000000
vt -1.200000 -0.052360 0.000000
vt -0.359511 0.340000 0.000000
vt -0.159511 0.340000 0.000000
vt -0.359511 1.200000 0.000000
vt -0.159511 1.200000 0.000000
vt 1.200000 0.078540 0.000000
vt 0.340000 0.078540 0.000000
vt 0.770000 0.052360 0.000000
vt 0.340000 0.052360 0.000000
vt 0.770000 0.026180 0.000000
vt 0.340000 0.026180 0.000000
vt 0.770000 0.000000 0.000000
vt 0.340000 0.000000 0.000000
vt 0.770000 -0.026180 0.000000
vt 0.340000 -0.026180 0.000000
vt 0.770000 -0.052360 0.000000
vt 0.340000 -0.052360 0.000000
vt 0.340000 -0.078540 0.000000
vt 1.200000 -0.078540 0.000000
vt 1.200000 -0.052360 0.000000
vt 1.200000 -0.026180 0.000000
vt 1.200000 0.000000 0.000000
vt 1.200000 0.026180 0.000000
vt 1.200000 0.052360 0.000000
vt -0.089633 0.046593 0.000000
vt -0.113751 0.036603 0.000000
vt -0.063751 0.050000 0.000000
vt -0.134462 0.020711 0.000000
vt -0.150354 0.000000 0.000000
vt -0.160344 -0.024118 0.000000
vt -0.163751 -0.050000 0.000000
vt 0.336249 -0.200000 0.000000
vt -0.163751 -0.200000 0.000000
vt 0.336249 -0.250000 0.000000
vt 0.363751 -0.250000 0.000000
vt 0.363751 0.050000 0.000000
vt -0.408977 1.200000 0.000000
vt -0.558977 1.200000 0.000000
vt -0.408977 0.340000 0.000000
vt -0.558977 0.340000 0.000000
vt -1.200000 -0.078540 0.000000
vt -0.340000 -0.078540 0.000000
vt -0.770000 -0.052360 0.000000
vt -0.340000 -0.052360 0.000000
vt -0.770000 -0.026180 0.000000
vt -0.340000 -0.026180 0.000000
vt -0.770000 0.000000 0.000000
vt -0.340000 0.000000 0.000000
vt -0.770000 0.026180 0.000000
vt -0.340000 0.026180 0.000000
vt -0.770000 0.052360 0.000000
vt -0.340000 0.052360 0.000000
vt -0.340000 0.078540 0.000000
vt -1.200000 0.078540 0.000000
vt -1.200000 0.052360 0.000000
vt -1.200000 0.026180 0.000000
vt -1.200000 0.000000 0.000000
vt -1.200000 -0.026180 0.000000
vt -1.200000 -0.052360 0.000000
vt -0.371899 0.340000 0.000000
vt -0.171899 0.340000 0.000000
vt -0.371899 1.200000 0.000000
vt -0.171899 1.200000 0.000000
vt 0.008937 0.431485 0.000000
vt -0.065181 0.334892 0.000000
vt 0.034819 0.434892 0.000000
vt 0.234819 -0.165108 0.000000
vt 0.234819 0.434892 0.000000
vt -0.015181 0.421495 0.000000
vt -0.035892 0.405603 0.000000
vt -0.051783 0.384892 0.000000
vt -0.061773 0.360774 0.000000
vt -0.065181 -0.665108 0.000000
vt 0.234819 -0.665108 0.000000
vt 0.694819 -0.665108 0.000000
vt 0.694819 -0.165108 0.000000
vt 0.002673 -0.286753 0.000000
vt 0.202673 -0.286753 0.000000
vt 0.002673 0.531353 0.000000
vt 0.202673 0.531353 0.000000
vt 0.798869 -0.374580 0.000000
vt 0.801131 -0.374580 0.000000
vt 0.798869 -0.260028 0.000000
vt 0.798869 0.214972 0.000000
vt 0.119584 0.214972 0.000000
vt 0.801131 0.374580 0.000000
vt 0.798869 0.374580 0.000000
vt 0.119584 -0.260028 0.000000
vt -0.050000 -0.550000 0.000000
vt 0.150000 -0.550000 0.000000
vt -0.050000 0.375679 0.000000
vt 0.150000 0.375679 0.000000
vt -1.030000 -0.000000 0.000000
vt -0.170000 -0.000000 0.000000
vt -0.600000 0.022645 0.000000
vt -0.170000 0.022645 0.000000
vt -0.600000 0.045289 0.000000
vt -0.170000 0.045289 0.000000
vt -0.170000 0.067934 0.000000
vt -1.030000 0.067934 0.000000
vt -1.030000 0.045289 0.000000
vt -1.030000 0.022645 0.000000
vt 0.062828 0.000000 0.000000
vt 0.600000 0.000000 0.000000
vt 0.062828 0.860000 0.000000
vt 0.600000 0.860000 0.000000
vt -0.310365 -0.009624 0.000000
vt -0.224573 -0.075000 0.000000
vt -0.312918 0.012828 0.000000
vt 0.287082 0.225000 0.000000
vt -0.312918 0.550000 0.000000
vt 0.287082 0.550000 0.000000
vt -0.248432 -0.072112 0.000000
vt -0.302836 -0.030929 0.000000
vt -0.270912 -0.063615 0.000000
vt -0.290717 -0.050000 0.000000
vt 0.312918 -0.075000 0.000000
vt 0.312918 0.225000 0.000000
vt 0.170000 0.000000 0.000000
vt 1.030000 0.000000 0.000000
vt 0.600000 0.024091 0.000000
vt 1.030000 0.024091 0.000000
vt 0.600000 0.048182 0.000000
vt 1.030000 0.048182 0.000000
vt 1.030000 0.072274 0.000000
vt 0.170000 0.072274 0.000000
vt 0.170000 0.048182 0.000000
vt 0.170000 0.024091 0.000000
vt 1.200000 0.078540 0.000000
vt 0.340000 0.078540 0.000000
vt 0.770000 0.052360 0.000000
vt 0.340000 0.052360 0.000000
vt 0.770000 0.026180 0.000000
vt 0.340000 0.026180 0.000000
vt 0.770000 0.000000 0.000000
vt 0.340000 0.000000 0.000000
vt 0.770000 -0.026180 0.000000
vt 0.340000 -0.026180 0.000000
vt 0.770000 -0.052360 0.000000
vt 0.340000 -0.052360 0.000000
vt 0.340000 -0.078540 0.000000
vt 1.200000 -0.078540 0.000000
vt 1.200000 -0.052360 0.000000
vt 1.200000 -0.026180 0.000000
vt 1.200000 0.000000 0.000000
vt 1.200000 0.026180 0.000000
vt 1.200000 0.052360 0.000000
vt -0.975000 0.340000 0.000000
vt -0.475000 0.340000 0.000000
vt -0.975000 1.200000 0.000000
vt -0.000000 1.200000 0.000000
vt 0.000000 0.000000 0.000000
vt -0.475000 0.000000 0.000000
vt -0.180805 -0.115248 0.000000
vt -0.084213 -0.189366 0.000000
vt -0.184213 -0.089366 0.000000
vt 0.115787 -0.188837 0.000000
vt 0.284213 0.407910 0.000000
vt 0.575787 -0.188837 0.000000
vt 0.575787 0.407910 0.000000
vt -0.170815 -0.139366 0.000000
vt -0.154924 -0.160076 0.000000
vt -0.134213 -0.175968 0.000000
vt -0.110095 -0.185958 0.000000
vt 0.115787 -0.189366 0.000000
vt 0.284213 0.410635 0.000000
vt -0.184213 0.410635 0.000000
vt 1.200000 0.078540 0.000000
vt 0.340000 0.078540 0.000000
vt 0.770000 0.052360 0.000000
vt 0.340000 0.052360 0.000000
vt 0.770000 0.026180 0.000000
vt 0.340000 0.026180 0.000000
vt 0.770000 0.000000 0.000000
vt 0.340000 0.000000 0.000000
vt 0.770000 -0.026180 0.000000
vt 0.340000 -0.026180 0.000000
vt 0.770000 -0.052360 0.000000
vt 0.340000 -0.052360 0.000000
vt 0.340000 -0.078540 0.000000
vt 1.200000 -0.078540 0.000000
vt 1.200000 -0.052360 0.000000
vt 1.200000 -0.026180 0.000000
vt 1.200000 0.000000 0.000000
vt 1.200000 0.026180 0.000000
vt 1.200000 0.052360 0.000000
vt -0.910000 0.340000 0.000000
vt -0.000000 0.340000 0.000000
vt -0.910000 1.200000 0.000000
vt -0.000000 1.200000 0.000000
vt 0.725498 0.444705 0.000000
vt 0.799616 0.541298 0.000000
vt 0.699616 0.441298 0.000000
vt 0.799616 0.741298 0.000000
vt -0.210384 0.441298 0.000000
vt -0.510384 0.741298 0.000000
vt -0.510384 -0.533702 0.000000
vt 0.749616 0.454695 0.000000
vt 0.770327 0.470587 0.000000
vt 0.786219 0.491298 0.000000
vt 0.796209 0.515416 0.000000
vt -0.506976 -0.559584 0.000000
vt -0.496986 -0.583702 0.000000
vt -0.481095 -0.604413 0.000000
vt -0.460384 -0.620305 0.000000
vt -0.436266 -0.630295 0.000000
vt -0.410384 -0.633702 0.000000
vt -0.310384 -0.633702 0.000000
vt -0.210384 -0.533702 0.000000
vt -0.284502 -0.630295 0.000000
vt -0.260384 -0.620305 0.000000
vt -0.239673 -0.604413 0.000000
vt -0.223781 -0.583702 0.000000
vt -0.213791 -0.559584 0.000000
vt -1.200000 -0.078540 0.000000
vt -0.340000 -0.078540 0.000000
vt -0.770000 -0.052360 0.000000
vt -0.340000 -0.052360 0.000000
vt -0.770000 -0.026180 0.000000
vt -0.340000 -0.026180 0.000000
vt -0.770000 0.000000 0.000000
vt -0.340000 0.000000 0.000000
vt -0.770000 0.026180 0.000000
vt -0.340000 0.026180 0.000000
vt -0.770000 0.052360 0.000000
vt -0.340000 0.052360 0.000000
vt -0.340000 0.078540 0.000000
vt -1.200000 0.078540 0.000000
vt -1.200000 0.052360 0.000000
vt -1.200000 0.026180 0.000000
vt -1.200000 0.000000 0.000000
vt -1.200000 -0.026180 0.000000
vt -1.200000 -0.052360 0.000000
vt -0.390000 0.340000 0.000000
vt -0.290000 0.340000 0.000000
vt -0.390000 1.200000 0.000000
vt -0.290000 1.200000 0.000000
vt 1.200000 0.078540 0.000000
vt 0.340000 0.078540 0.000000
vt 0.770000 0.052360 0.000000
vt 0.340000 0.052360 0.000000
vt 0.770000 0.026180 0.000000
vt 0.340000 0.026180 0.000000
vt 0.770000 0.000000 0.000000
vt 0.340000 0.000000 0.000000
vt 0.770000 -0.026180 0.000000
vt 0.340000 -0.026180 0.000000
vt 0.770000 -0.052360 0.000000
vt 0.340000 -0.052360 0.000000
vt 0.340000 -0.078540 0.000000
vt 1.200000 -0.078540 0.000000
vt 1.200000 -0.052360 0.000000
vt 1.200000 -0.026180 0.000000
vt 1.200000 0.000000 0.000000
vt 1.200000 0.026180 0.000000
vt 1.200000 0.052360 0.000000
vt 9.750000 0.340000 0.000000
vt 11.025000 0.340000 0.000000
vt 9.750000 1.200000 0.000000
vt 11.025000 1.200000 0.000000
vt -1.200000 -0.078540 0.000000
vt -0.340000 -0.078540 0.000000
vt -0.770000 -0.052360 0.000000
vt -0.340000 -0.052360 0.000000
vt -0.770000 -0.026180 0.000000
vt -0.340000 -0.026180 0.000000
vt -0.770000 0.000000 0.000000
vt -0.340000 0.000000 0.000000
vt -0.770000 0.026180 0.000000
vt -0.340000 0.026180 0.000000
vt -0.770000 0.052360 0.000000
vt -0.340000 0.052360 0.000000
vt -0.340000 0.078540 0.000000
vt -1.200000 0.078540 0.000000
vt -1.200000 0.052360 0.000000
vt -1.200000 0.026180 0.000000
vt -1.200000 0.000000 0.000000
vt -1.200000 -0.026180 0.000000
vt -1.200000 -0.052360 0.000000
vt 0.950000 1.200000 0.000000
vt 0.050000 1.200000 0.000000
vt 0.950000 0.340000 0.000000
vt 0.050000 0.340000 0.000000
vt -0.611825 0.860000 0.000000
vt -0.000000 0.860000 0.000000
vt -0.611825 0.900000 0.000000
vt -0.000000 0.900000 0.000000
vt -0.976864 0.860000 0.000000
vt -0.000000 0.860000 0.000000
vt -0.976864 0.900000 0.000000
vt -0.000000 0.900000 0.000000
vt -0.465496 0.860000 0.000000
vt -0.000000 0.860000 0.000000
vt -0.465496 0.900000 0.000000
vt -0.000000 0.900000 0.000000
vt -0.322822 0.860000 0.000000
vt -0.000000 0.860000 0.000000
vt -0.322822 0.900000 0.000000
vt -0.000000 0.900000 0.000000
vt -1.077321 0.860000 0.000000
vt -0.000000 0.860000 0.000000
vt -1.077321 0.900000 0.000000
vt -0.000000 0.900000 0.000000
vt -1.299686 0.860000 0.000000
vt -0.000000 0.860000 0.000000
vt -1.299686 0.900000 0.000000
vt -0.000000 0.900000 0.000000
vt 0.538661 0.161411 0.000000
vt -0.538661 0.161411 0.000000
vt -0.073165 -0.161411 0.000000
vt -0.538661 -1.138275 0.000000
vt -0.073165 -1.138275 0.000000
vt 0.538661 -0.161411 0.000000
vt -0.700000 0.860000 0.000000
vt -0.000000 0.860000 0.000000
vt -0.700000 0.900000 0.000000
vt -0.000000 0.900000 0.000000
vt -0.000000 0.860000 0.000000
vt -0.000000 0.900000 0.000000
vt -0.490000 0.860000 0.000000
vt -0.500000 0.900000 0.000000
vt -0.500000 0.000000 0.000000
vt -0.490000 0.000000 0.000000
vt -0.700000 0.000000 0.000000
vt 0.000000 0.000000 0.000000
vt -0.700000 0.900000 0.000000
vt -0.000000 0.900000 0.000000
vt 0.250000 0.350000 0.000000
vt -0.250000 0.350000 0.000000
vt 0.250000 -0.350000 0.000000
vt -0.250000 -0.350000 0.000000
vt 0.000000 0.860000 0.000000
vt -0.000000 0.900000 0.000000
vt -0.400000 0.860000 0.000000
vt -0.400000 0.900000 0.000000
vt -0.400000 0.860000 0.000000
vt -0.050000 0.860000 0.000000
vt -0.400000 0.900000 0.000000
vt -0.000000 0.900000 0.000000
vt -0.000000 0.000000 0.000000
vt -0.050000 0.000000 0.000000
vt -0.000000 0.000000 0.000000
vt -0.000000 0.860000 0.000000
vt -0.500000 0.000000 0.000000
vt -0.500000 0.900000 0.000000
vt -0.000000 0.900000 0.000000
vt 0.250000 0.200000 0.000000
vt -0.250000 0.200000 0.000000
vt 0.250000 -0.200000 0.000000
vt -0.250000 -0.200000 0.000000
vt 0.400000 0.860000 0.000000
vt 0.050000 0.860000 0.000000
vt 0.400000 0.000000 0.000000
vt 0.050000 0.000000 0.000000
vt -4.355000 16.762500 0.000000
vt -4.355000 15.787500 0.000000
vt -3.445000 16.762500 0.000000
vt -2.804770 15.696711 0.000000
vt -3.419118 16.765907 0.000000
vt -3.395000 16.775897 0.000000
vt -3.374289 16.791789 0.000000
vt -3.358397 16.812500 0.000000
vt -3.348407 16.836618 0.000000
vt -3.345000 16.862500 0.000000
vt -3.345000 17.062500 0.000000
vt 3.055000 17.387500 0.000000
vt -4.045000 17.387186 0.000000
vt -5.542781 17.387500 0.000000
vt -5.122321 17.387186 0.000000
vt -5.542781 16.484775 0.000000
vt -5.122321 16.087500 0.000000
vt -5.553003 16.407129 0.000000
vt -5.582973 16.334775 0.000000
vt -4.358407 15.761618 0.000000
vt -4.368397 15.737500 0.000000
vt -4.384289 15.716789 0.000000
vt -4.664605 14.989184 0.000000
vt -4.405000 15.700897 0.000000
vt -4.429118 15.690907 0.000000
vt -4.730455 15.185997 0.000000
vt -4.455000 15.687500 0.000000
vt -4.555000 15.687500 0.000000
vt -4.845000 15.359060 0.000000
vt -4.580882 15.690907 0.000000
vt -4.605000 15.700897 0.000000
vt -4.625711 15.716789 0.000000
vt -5.000434 15.496580 0.000000
vt -4.641603 15.737500 0.000000
vt -4.651593 15.761618 0.000000
vt -4.655000 15.787500 0.000000
vt -5.186165 15.589184 0.000000
vt -5.389535 15.630563 0.000000
vt -5.692781 16.224967 0.000000
vt -5.596684 15.617895 0.000000
vt -5.765135 16.194997 0.000000
vt -5.842781 16.184775 0.000000
vt -4.656825 16.087500 0.000000
vt -4.655000 17.062500 0.000000
vt -4.656825 17.064364 0.000000
vt -4.045000 17.064364 0.000000
vt -5.145000 -6.012500 0.000000
vt -5.145000 -5.312500 0.000000
vt -5.542781 -6.012500 0.000000
vt -5.542781 -5.115225 0.000000
vt -5.553003 -5.037579 0.000000
vt -5.582973 -4.965225 0.000000
vt -4.655000 -4.412500 0.000000
vt -5.154544 -4.202541 0.000000
vt -4.972904 -4.102149 0.000000
vt -4.651593 -4.386618 0.000000
vt -4.641603 -4.362500 0.000000
vt -4.655000 -5.312500 0.000000
vt -4.625711 -4.341789 0.000000
vt -4.823437 -3.958166 0.000000
vt -4.605000 -4.325897 0.000000
vt -4.580882 -4.315907 0.000000
vt -4.555000 -4.312500 0.000000
vt -4.716329 -3.780404 0.000000
vt -4.455000 -4.312500 0.000000
vt -4.429118 -4.315907 0.000000
vt -4.405000 -4.325897 0.000000
vt -4.658878 -3.580978 0.000000
vt -4.384289 -4.341789 0.000000
vt -2.804770 -4.303289 0.000000
vt -4.368397 -4.362500 0.000000
vt -4.358407 -4.386618 0.000000
vt -4.355000 -4.412500 0.000000
vt -3.445000 -5.362500 0.000000
vt -3.419118 -5.365907 0.000000
vt -4.355000 -5.362500 0.000000
vt -3.395000 -5.375897 0.000000
vt -3.374289 -5.391789 0.000000
vt -3.358397 -5.412500 0.000000
vt -3.348407 -5.436618 0.000000
vt -3.345000 -5.462500 0.000000
vt -3.345000 -5.662500 0.000000
vt -4.245000 -5.662500 0.000000
vt -4.245000 -6.012500 0.000000
vt 3.155000 -6.012500 0.000000
vt 3.155000 -5.612500 0.000000
vt 3.155000 -5.462500 0.000000
vt 3.158407 -5.436618 0.000000
vt 3.168397 -5.412500 0.000000
vt 3.695230 -4.303289 0.000000
vt 3.184289 -5.391789 0.000000
vt 3.205000 -5.375897 0.000000
vt 3.229118 -5.365907 0.000000
vt 3.255000 -5.362500 0.000000
vt 4.355000 -5.362500 0.000000
vt 4.355000 -3.912500 0.000000
vt 4.358407 -3.886618 0.000000
vt 4.368397 -3.862500 0.000000
vt 4.384289 -3.841789 0.000000
vt 3.695230 4.296711 0.000000
vt 4.405000 -3.825897 0.000000
vt 4.429118 -3.815907 0.000000
vt 4.455000 -3.812500 0.000000
vt 4.455000 4.232100 0.000000
vt 4.429118 4.235507 0.000000
vt 4.405000 4.245497 0.000000
vt 4.384289 4.261389 0.000000
vt 4.655000 -3.812500 0.000000
vt 4.655000 4.232100 0.000000
vt 5.115000 -4.412500 0.000000
vt 5.317141 5.152423 0.000000
vt 5.317141 -4.915225 0.000000
vt 5.115000 -4.912500 0.000000
vt 4.655000 -4.915225 0.000000
vt 4.655000 -4.912500 0.000000
vt 4.655000 -4.412500 0.000000
vt 4.655000 5.152423 0.000000
vt 4.368397 4.282100 0.000000
vt 4.358407 4.306218 0.000000
vt 4.355000 4.332100 0.000000
vt 4.355000 5.362500 0.000000
vt 3.675715 5.362500 0.000000
vt 3.649833 5.365907 0.000000
vt 3.625715 5.375897 0.000000
vt 3.605004 5.391789 0.000000
vt 3.589112 5.412500 0.000000
vt 3.579122 5.436618 0.000000
vt -2.804770 4.296711 0.000000
vt 3.575715 5.462500 0.000000
vt -2.804770 7.096711 0.000000
vt 3.575715 5.937500 0.000000
vt 3.579122 5.963382 0.000000
vt 3.695230 7.096711 0.000000
vt 3.589112 5.987500 0.000000
vt 3.605004 6.008211 0.000000
vt 3.625715 6.024103 0.000000
vt 3.649833 6.034093 0.000000
vt 3.675715 6.037500 0.000000
vt 4.355000 6.037500 0.000000
vt 4.355000 7.113179 0.000000
vt 4.358407 7.139060 0.000000
vt 4.368397 7.163179 0.000000
vt 4.384289 7.183889 0.000000
vt 4.405000 7.199781 0.000000
vt 4.429118 7.209771 0.000000
vt 3.695230 15.696711 0.000000
vt 4.455000 7.213179 0.000000
vt 4.455000 15.687500 0.000000
vt 4.655000 7.213179 0.000000
vt 4.655000 15.687500 0.000000
vt 5.115000 15.688028 0.000000
vt 4.655000 15.688028 0.000000
vt 4.655000 6.187500 0.000000
vt 5.317141 6.187500 0.000000
vt 5.317141 16.284775 0.000000
vt 5.115000 16.284775 0.000000
vt 4.429118 15.690907 0.000000
vt 4.405000 15.700897 0.000000
vt 4.384289 15.716789 0.000000
vt 4.368397 15.737500 0.000000
vt 4.358407 15.761618 0.000000
vt 4.355000 15.787500 0.000000
vt 4.355000 16.762500 0.000000
vt 3.143345 16.762500 0.000000
vt 3.119486 16.765388 0.000000
vt 3.097006 16.773885 0.000000
vt 3.077201 16.787500 0.000000
vt 3.065082 16.806571 0.000000
vt 3.057553 16.827876 0.000000
vt 3.055000 16.850328 0.000000
vt -5.630649 16.272643 0.000000
vt -6.582859 16.184775 0.000000
vt -5.966560 15.437500 0.000000
vt -5.793497 15.552045 0.000000
vt -6.582859 6.187500 0.000000
vt -6.225395 14.685816 0.000000
vt -6.238063 14.892965 0.000000
vt -6.196684 15.096335 0.000000
vt -6.043011 6.187500 0.000000
vt -4.655000 7.187500 0.000000
vt -5.703835 14.085816 0.000000
vt -5.889566 14.178420 0.000000
vt -5.991247 6.180685 0.000000
vt -5.943011 6.160705 0.000000
vt -5.901590 6.128921 0.000000
vt -5.869806 6.087500 0.000000
vt -5.849826 6.039264 0.000000
vt -5.843011 5.987500 0.000000
vt -4.655000 4.187500 0.000000
vt -5.843011 5.344038 0.000000
vt -5.849826 5.292274 0.000000
vt -5.869806 5.244038 0.000000
vt -5.901590 5.202617 0.000000
vt -5.943011 5.170833 0.000000
vt -5.991247 5.150853 0.000000
vt -6.043011 5.144038 0.000000
vt -6.582859 5.144038 0.000000
vt -6.582859 -4.815225 0.000000
vt -6.231122 -3.344022 0.000000
vt -6.173671 -3.144596 0.000000
vt -6.066563 -2.966834 0.000000
vt -5.842781 -4.815225 0.000000
vt -5.940666 -4.084063 0.000000
vt -6.084649 -3.934596 0.000000
vt -6.185041 -3.752956 0.000000
vt -5.762904 -4.191171 0.000000
vt -5.765135 -4.825447 0.000000
vt -5.563478 -4.248622 0.000000
vt -5.692781 -4.855417 0.000000
vt -5.355978 -4.252500 0.000000
vt -5.630649 -4.903093 0.000000
vt -4.785920 14.392934 0.000000
vt -4.923440 14.237500 0.000000
vt -5.096503 14.122955 0.000000
vt -4.704959 -3.172044 0.000000
vt -4.655000 -3.373478 0.000000
vt -6.235000 -3.551522 0.000000
vt -5.917096 -2.822851 0.000000
vt -5.735456 -2.722459 0.000000
vt -5.534022 -2.672500 0.000000
vt -5.326522 -2.676378 0.000000
vt -4.455000 4.187500 0.000000
vt -5.127096 -2.733829 0.000000
vt -4.429118 4.190907 0.000000
vt -4.405000 4.200897 0.000000
vt -4.384289 4.216789 0.000000
vt -4.368397 4.237500 0.000000
vt -4.358407 4.261618 0.000000
vt -4.355000 4.287500 0.000000
vt -3.445000 5.362500 0.000000
vt -4.355000 5.362500 0.000000
vt -4.949334 -2.840937 0.000000
vt -4.805351 -2.990404 0.000000
vt -4.355000 6.037500 0.000000
vt -3.445000 6.037500 0.000000
vt -4.355000 7.087500 0.000000
vt -4.358407 7.113382 0.000000
vt -4.368397 7.137500 0.000000
vt -4.384289 7.158211 0.000000
vt -4.405000 7.174103 0.000000
vt -4.429118 7.184093 0.000000
vt -4.455000 7.187500 0.000000
vt -5.293316 14.057105 0.000000
vt -5.500465 14.044437 0.000000
vt -3.419118 6.034093 0.000000
vt -3.395000 6.024103 0.000000
vt -3.374289 6.008211 0.000000
vt -3.358397 5.987500 0.000000
vt -3.348407 5.963382 0.000000
vt -3.345000 5.937500 0.000000
vt -3.345000 5.462500 0.000000
vt -3.348407 5.436618 0.000000
vt -3.358397 5.412500 0.000000
vt -3.374289 5.391789 0.000000
vt -3.395000 5.375897 0.000000
vt -3.419118 5.365907 0.000000
vt -4.651937 14.782035 0.000000
vt -4.693316 14.578665 0.000000
vt -6.045000 14.315940 0.000000
vt -6.159545 14.489003 0.000000
vt -6.104080 15.282066 0.000000
vt 0.325000 0.860000 0.000000
vt 0.000000 0.860000 0.000000
vt 0.325000 0.000000 0.000000
vt -0.000000 0.000000 0.000000
vt -8.937859 1.200000 0.000000
vt -8.937859 0.340000 0.000000
vt -0.340078 1.200000 0.000000
vt -0.340078 -0.000000 0.000000
vt -9.568247 -0.000000 0.000000
vt -9.537859 0.340000 0.000000
vt -9.568247 1.200000 0.000000
vt -9.537859 1.200000 0.000000
vt 3.685388 17.387500 0.000000
vt 3.655000 17.387500 0.000000
vt 3.685239 17.382050 0.000000
vt 3.655000 17.062500 0.000000
vt 3.685239 17.062500 0.000000
vt 8.010000 0.340000 0.000000
vt 8.035836 0.340000 0.000000
vt 8.010000 1.200000 0.000000
vt 8.040239 1.200000 0.000000
vt 8.040239 -0.000000 0.000000
vt 8.035836 0.000000 0.000000
vt 0.002725 0.000000 0.000000
vt 0.599472 0.000000 0.000000
vt 0.002725 0.860000 0.000000
vt 0.599472 0.860000 0.000000
vt 0.460000 0.860000 0.000000
vt 0.000000 0.860000 0.000000
vt 0.460000 0.000000 0.000000
vt 0.000000 0.000000 0.000000
vt 1.074472 0.340000 0.000000
vt 1.075000 0.340000 0.000000
vt 1.074472 1.200000 0.000000
vt 1.075000 1.200000 0.000000
vt 0.000000 0.860000 0.000000
vt -0.000000 0.000000 0.000000
vt 0.460000 0.860000 0.000000
vt 0.460000 0.000000 0.000000
vt 0.500000 0.860000 0.000000
vt 0.000000 0.860000 0.000000
vt 0.500000 0.000000 0.000000
vt -0.000000 0.000000 0.000000
vt 0.460000 0.860000 0.000000
vt 0.000000 0.860000 0.000000
vt 0.460000 0.000000 0.000000
vt 0.000000 0.000000 0.000000
vt 10.275000 1.200000 0.000000
vt 10.275000 0.340000 0.000000
vt 10.277725 1.200000 0.000000
vt 10.277725 -0.000000 0.000000
vt 10.275000 0.000000 0.000000
vt 9.775000 1.200000 0.000000
vt 9.175000 1.200000 0.000000
vt 9.775000 0.340000 0.000000
vt 9.175000 0.340000 0.000000
vt 3.655000 -5.662500 0.000000
vt 3.655000 -6.012500 0.000000
vt 3.685239 -5.662500 0.000000
vt 3.685239 -6.012500 0.000000
vt -0.205347 0.440000 0.000000
vt -0.208754 0.414118 0.000000
vt -0.205347 0.000000 0.000000
vt -0.218744 0.390000 0.000000
vt -0.234636 0.369289 0.000000
vt -0.255347 0.353397 0.000000
vt -0.279465 0.343407 0.000000
vt -0.305347 0.340000 0.000000
vt -0.505347 0.340000 0.000000
vt -0.505347 0.000000 0.000000
vt -0.002725 -0.000000 0.000000
vt -0.000000 0.000000 0.000000
vt -0.002725 0.340000 0.000000
vt -0.000000 0.340000 0.000000
vt -0.100000 0.340000 0.000000
vt -0.568426 0.340000 0.000000
vt -0.100000 0.000000 0.000000
vt -0.568426 0.000000 0.000000
vt -0.002262 0.000000 0.000000
vt -0.000000 0.000000 0.000000
vt -0.002262 0.340000 0.000000
vt -0.000000 0.340000 0.000000
vt -0.749160 0.000000 0.000000
vt -0.000000 0.000000 0.000000
vt -0.749160 0.340000 0.000000
vt -0.000000 0.340000 0.000000
vt -1.600000 0.340000 0.000000
vt -1.602262 0.340000 0.000000
vt -1.600000 0.000000 0.000000
vt -1.602262 0.000000 0.000000
vt -0.100000 0.340000 0.000000
vt -0.400000 0.340000 0.000000
vt -0.100000 0.000000 0.000000
vt -0.400000 0.000000 0.000000
vt -0.250000 0.340000 0.000000
vt -0.550000 0.340000 0.000000
vt -0.250000 0.000000 0.000000
vt -0.550000 0.000000 0.000000
vt -0.025000 0.340000 0.000000
vt -0.325000 0.340000 0.000000
vt -0.025000 0.000000 0.000000
vt -0.325000 0.000000 0.000000
vt 0.460000 -0.000000 0.000000
vt 0.662141 0.000000 0.000000
vt 0.460000 0.860000 0.000000
vt 0.662141 1.200000 0.000000
vt 0.168426 1.200000 0.000000
vt 0.168426 0.860000 0.000000
vt -0.275000 1.200000 0.000000
vt -0.475000 1.200000 0.000000
vt -0.275000 0.340000 0.000000
vt -0.475000 0.340000 0.000000
vt -9.750000 1.200000 0.000000
vt -10.725000 1.200000 0.000000
vt -9.750000 0.340000 0.000000
vt -10.725000 0.340000 0.000000
vt -8.710000 0.440000 0.000000
vt -8.030715 0.440000 0.000000
vt -8.710000 1.200000 0.000000
vt -8.030715 1.200000 0.000000
vt -9.275000 0.340000 0.000000
vt -9.275000 1.200000 0.000000
vt -10.275000 0.340000 0.000000
vt -10.725000 1.200000 0.000000
vt -10.725000 0.000000 0.000000
vt -10.275000 0.000000 0.000000
vt 1.075882 0.343407 0.000000
vt 1.100000 0.353397 0.000000
vt 1.050000 0.340000 0.000000
vt 1.120711 0.369289 0.000000
vt 1.136603 0.390000 0.000000
vt 1.146593 0.414118 0.000000
vt 1.150000 0.440000 0.000000
vt -1.850000 0.440000 0.000000
vt -1.850000 1.200000 0.000000
vt 1.150000 1.200000 0.000000
vt -1.750000 0.340000 0.000000
vt -1.846593 0.414118 0.000000
vt -1.836603 0.390000 0.000000
vt -1.820711 0.369289 0.000000
vt -1.800000 0.353397 0.000000
vt -1.775882 0.343407 0.000000
vt -0.810000 0.440000 0.000000
vt -0.610000 0.440000 0.000000
vt -0.810000 1.200000 0.000000
vt -0.610000 1.200000 0.000000
vt 8.600000 1.200000 0.000000
vt 7.700000 1.200000 0.000000
vt 8.600000 0.340000 0.000000
vt 7.700000 0.340000 0.000000
vt 0.700000 0.340000 0.000000
vt 0.700000 1.200000 0.000000
vt 0.672497 0.340000 0.000000
vt 0.669761 1.200000 0.000000
vt 0.669761 -0.000000 0.000000
vt 0.672497 0.000000 0.000000
vt 6.037861 -10.402725 0.000000
vt 6.037859 -0.499999 0.000000
vt 5.950000 -0.535077 0.000000
vt 6.034452 -0.474117 0.000000
vt 6.024462 -0.449999 0.000000
vt 6.008570 -0.429289 0.000000
vt 5.987859 -0.413397 0.000000
vt 5.963741 -0.403407 0.000000
vt 5.937859 -0.399999 0.000000
vt 5.439785 -0.399999 0.000000
vt 5.287859 -0.535077 0.000000
vt 5.413903 -0.396592 0.000000
vt 5.389785 -0.386602 0.000000
vt 5.369074 -0.370710 0.000000
vt 5.353182 -0.349999 0.000000
vt 5.343192 -0.325881 0.000000
vt 4.990121 -0.339551 0.000000
vt 5.339785 -0.299999 0.000000
vt 5.339785 0.250000 0.000000
vt 4.990121 0.409609 0.000000
vt 5.343192 0.275882 0.000000
vt 5.353182 0.300000 0.000000
vt 5.369074 0.320711 0.000000
vt 4.987859 0.500000 0.000000
vt 4.987859 0.409609 0.000000
vt 5.389785 0.336603 0.000000
vt 5.413903 0.346593 0.000000
vt 5.439785 0.350000 0.000000
vt 5.950000 0.500000 0.000000
vt 5.937861 0.350000 0.000000
vt 5.963743 0.353408 0.000000
vt 5.987861 0.363398 0.000000
vt 6.008572 0.379290 0.000000
vt 6.024464 0.400000 0.000000
vt 6.034454 0.424118 0.000000
vt 6.037861 0.450000 0.000000
vt 6.037861 10.610318 0.000000
vt 5.950000 10.597275 0.000000
vt 5.231875 10.932810 0.000000
vt 5.456285 10.600000 0.000000
vt 4.987859 10.600000 0.000000
vt 5.202027 10.947752 0.000000
vt 5.175081 10.967451 0.000000
vt 5.151785 10.991357 0.000000
vt 4.987859 11.075000 0.000000
vt 4.533155 11.742559 0.000000
vt 4.318098 11.375000 0.000000
vt 4.318098 11.694551 0.000000
vt 4.509499 11.765573 0.000000
vt 4.481383 11.782856 0.000000
vt 4.450168 11.793573 0.000000
vt 4.318247 11.700000 0.000000
vt 4.417365 11.797204 0.000000
vt -4.912148 11.797204 0.000000
vt -4.909922 11.700000 0.000000
vt -4.976853 11.788685 0.000000
vt -5.037148 11.763710 0.000000
vt -5.088925 11.723980 0.000000
vt -5.128654 11.672204 0.000000
vt -5.153629 11.611908 0.000000
vt -5.162148 11.547204 0.000000
vt -4.909922 10.797275 0.000000
vt -5.162148 10.946979 0.000000
vt -5.170666 10.882274 0.000000
vt -5.195641 10.821979 0.000000
vt -4.920144 10.719630 0.000000
vt -4.950114 10.647275 0.000000
vt -5.235371 10.770202 0.000000
vt -4.997790 10.585143 0.000000
vt -5.059922 10.537468 0.000000
vt -5.132276 10.507498 0.000000
vt -5.287147 10.730473 0.000000
vt -5.209922 10.497275 0.000000
vt -5.347442 10.705497 0.000000
vt -5.412147 10.696979 0.000000
vt -5.950000 10.497275 0.000000
vt -5.812120 10.696985 0.000000
vt -5.876825 10.688467 0.000000
vt -5.937121 10.663493 0.000000
vt -5.988899 10.623763 0.000000
vt -6.028629 10.571986 0.000000
vt -6.053605 10.511690 0.000000
vt -6.062124 10.446985 0.000000
vt -6.062124 0.551903 0.000000
vt -5.950000 0.500000 0.000000
vt -6.055309 0.500139 0.000000
vt -6.035329 0.451903 0.000000
vt -6.003545 0.410482 0.000000
vt -5.962124 0.378698 0.000000
vt -5.913888 0.358718 0.000000
vt -5.862124 0.351903 0.000000
vt -5.607849 0.351903 0.000000
vt -5.410152 0.500000 0.000000
vt -5.556086 0.345088 0.000000
vt -5.507849 0.325108 0.000000
vt -5.466428 0.293324 0.000000
vt -5.358388 0.493185 0.000000
vt -5.310152 0.473205 0.000000
vt -5.268731 0.441422 0.000000
vt -5.236947 0.400000 0.000000
vt -5.434645 0.251902 0.000000
vt -5.216967 0.351764 0.000000
vt -5.210152 0.300000 0.000000
vt -5.414664 0.203666 0.000000
vt -5.407850 0.151903 0.000000
vt -5.407850 -0.150000 0.000000
vt -5.210152 -0.343462 0.000000
vt -5.414664 -0.201764 0.000000
vt -5.434645 -0.250000 0.000000
vt -5.466428 -0.291422 0.000000
vt -5.216967 -0.395225 0.000000
vt -5.236947 -0.443462 0.000000
vt -5.268731 -0.484883 0.000000
vt -5.310152 -0.516667 0.000000
vt -5.358388 -0.536647 0.000000
vt -5.410152 -0.543462 0.000000
vt -5.507849 -0.323205 0.000000
vt -5.556086 -0.343185 0.000000
vt -5.607849 -0.350000 0.000000
vt -5.950000 -0.543462 0.000000
vt -5.962143 -0.350001 0.000000
vt -5.988025 -0.353408 0.000000
vt -6.012143 -0.363399 0.000000
vt -6.032854 -0.379290 0.000000
vt -6.048745 -0.400001 0.000000
vt -6.058735 -0.424119 0.000000
vt -6.062143 -0.450001 0.000000
vt -6.062124 -10.302725 0.000000
vt -5.950000 -10.502725 0.000000
vt -6.062124 -10.452434 0.000000
vt -6.053605 -10.517140 0.000000
vt -6.028629 -10.577436 0.000000
vt -5.988899 -10.629213 0.000000
vt -5.937121 -10.668942 0.000000
vt -5.876825 -10.693917 0.000000
vt -5.812120 -10.702434 0.000000
vt -5.412147 -10.702428 0.000000
vt -5.209922 -10.502725 0.000000
vt -5.347442 -10.710947 0.000000
vt -5.287147 -10.735922 0.000000
vt -5.132276 -10.512947 0.000000
vt -5.235371 -10.775652 0.000000
vt -5.059922 -10.542917 0.000000
vt -4.997790 -10.590593 0.000000
vt -4.950114 -10.652725 0.000000
vt -5.195641 -10.827428 0.000000
vt -4.920144 -10.725079 0.000000
vt -4.909922 -10.802725 0.000000
vt -5.170666 -10.887723 0.000000
vt -5.162148 -10.952428 0.000000
vt -4.909922 -11.700000 0.000000
vt -5.162148 -11.552653 0.000000
vt -5.153629 -11.617358 0.000000
vt -5.128654 -11.677653 0.000000
vt -5.088925 -11.729430 0.000000
vt -5.037148 -11.769159 0.000000
vt -4.976853 -11.794135 0.000000
vt -4.912148 -11.802653 0.000000
vt 4.318098 -11.700000 0.000000
vt 4.417365 -11.802653 0.000000
vt 4.450168 -11.799022 0.000000
vt 4.481383 -11.788306 0.000000
vt 4.509499 -11.771022 0.000000
vt 4.533155 -11.748009 0.000000
vt 5.151785 -10.996806 0.000000
vt 4.987859 -11.050000 0.000000
vt 4.318098 -11.350000 0.000000
vt 5.175081 -10.972900 0.000000
vt 4.987859 -10.600000 0.000000
vt 5.202027 -10.953202 0.000000
vt 5.231875 -10.938259 0.000000
vt 6.037861 -10.615767 0.000000
vt 5.950000 -10.602725 0.000000
vt 5.287859 -10.602725 0.000000
vt 5.287859 -10.600000 0.000000
vt 5.287859 -0.537294 0.000000
vt 4.987859 -0.537294 0.000000
vt 4.987859 -0.339551 0.000000
vt 4.315362 -11.050000 0.000000
vt 4.315362 -11.350000 0.000000
vt 4.313695 11.375000 0.000000
vt 4.313695 11.075000 0.000000
vt 5.456285 10.597275 0.000000
vt -7.498345 0.340000 0.000000
vt -7.498345 1.200000 0.000000
vt -8.035836 0.340000 0.000000
vt -8.710000 1.200000 0.000000
vt -8.710000 0.000000 0.000000
vt -8.035836 0.000000 0.000000
vt -0.610000 1.200000 0.000000
vt -0.710000 1.200000 0.000000
vt -0.610000 0.340000 0.000000
vt -0.710000 0.340000 0.000000
vt -0.300000 1.200000 0.000000
vt -0.500000 1.200000 0.000000
vt -0.300000 0.340000 0.000000
vt -0.500000 0.340000 0.000000
vt -7.800000 1.200000 0.000000
vt -8.710000 1.200000 0.000000
vt -7.800000 0.340000 0.000000
vt -8.710000 0.340000 0.000000
vt 9.552729 0.414118 0.000000
vt 9.649321 0.340000 0.000000
vt 9.549321 0.440000 0.000000
vt 10.575000 0.340000 0.000000
vt 10.575000 1.200000 0.000000
vt 9.562719 0.390000 0.000000
vt 9.578611 0.369289 0.000000
vt 9.599321 0.353397 0.000000
vt 9.623440 0.343407 0.000000
vt 9.549321 1.200000 0.000000
vt 0.800000 -0.431969 0.000000
vt 0.000000 -0.431969 0.000000
vt 0.800000 -0.471239 0.000000
vt 0.000000 -0.471239 0.000000
vt 0.800000 0.471239 0.000000
vt 0.000000 0.471239 0.000000
vt 0.800000 0.431969 0.000000
vt 0.000000 0.431969 0.000000
vt 0.800000 0.392699 0.000000
vt 0.000000 0.392699 0.000000
vt 0.800000 0.353429 0.000000
vt 0.000000 0.353429 0.000000
vt 0.800000 0.314159 0.000000
vt 0.000000 0.314159 0.000000
vt 0.800000 0.274889 0.000000
vt 0.000000 0.274889 0.000000
vt 0.800000 0.235619 0.000000
vt 0.000000 0.235619 0.000000
vt 0.800000 0.196350 0.000000
vt 0.000000 0.196350 0.000000
vt 0.800000 0.157080 0.000000
vt 0.000000 0.157080 0.000000
vt 0.800000 0.117810 0.000000
vt 0.000000 0.117810 0.000000
vt 0.800000 0.078540 0.000000
vt 0.000000 0.078540 0.000000
vt 0.800000 0.039270 0.000000
vt 0.000000 0.039270 0.000000
vt 0.800000 0.000000 0.000000
vt 0.000000 0.000000 0.000000
vt 0.800000 -0.039270 0.000000
vt -0.000000 -0.039270 0.000000
vt 0.800000 -0.078540 0.000000
vt 0.000000 -0.078540 0.000000
vt 0.800000 -0.117810 0.000000
vt -0.000000 -0.117810 0.000000
vt 0.800000 -0.157080 0.000000
vt 0.000000 -0.157080 0.000000
vt 0.800000 -0.196350 0.000000
vt -0.000000 -0.196350 0.000000
vt 0.800000 -0.235619 0.000000
vt 0.000000 -0.235619 0.000000
vt 0.800000 -0.274889 0.000000
vt 0.000000 -0.274889 0.000000
vt 0.800000 -0.314159 0.000000
vt 0.000000 -0.314159 0.000000
vt 0.800000 -0.353429 0.000000
vt 0.000000 -0.353429 0.000000
vt 0.800000 -0.392699 0.000000
vt 0.000000 -0.392699 0.000000
vt -0.144889 -0.038823 0.000000
vt 0.144889 -0.038823 0.000000
vt -0.150000 0.000000 0.000000
vt 0.150000 0.000000 0.000000
vt -0.144889 0.038823 0.000000
vt 0.144889 0.038823 0.000000
vt -0.129904 0.075000 0.000000
vt 0.129904 0.075000 0.000000
vt -0.106066 0.106066 0.000000
vt 0.106066 0.106066 0.000000
vt -0.075000 0.129904 0.000000
vt 0.075000 0.129904 0.000000
vt -0.038823 0.144889 0.000000
vt 0.038823 0.144889 0.000000
vt 0.000000 0.150000 0.000000
vt 0.129904 -0.075000 0.000000
vt -0.129904 -0.075000 0.000000
vt 0.106066 -0.106066 0.000000
vt -0.106066 -0.106066 0.000000
vt 0.075000 -0.129904 0.000000
vt -0.075000 -0.129904 0.000000
vt 0.038823 -0.144889 0.000000
vt -0.038823 -0.144889 0.000000
vt 0.000000 -0.150000 0.000000
vt 0.800000 -0.431969 0.000000
vt 0.000000 -0.431969 0.000000
vt 0.800000 -0.471239 0.000000
vt 0.000000 -0.471239 0.000000
vt 0.800000 0.471239 0.000000
vt 0.000000 0.471239 0.000000
vt 0.800000 0.431969 0.000000
vt 0.000000 0.431969 0.000000
vt 0.800000 0.392699 0.000000
vt 0.000000 0.392699 0.000000
vt 0.800000 0.353429 0.000000
vt 0.000000 0.353429 0.000000
vt 0.800000 0.314159 0.000000
vt 0.000000 0.314159 0.000000
vt 0.800000 0.274889 0.000000
vt 0.000000 0.274889 0.000000
vt 0.800000 0.235619 0.000000
vt 0.000000 0.235619 0.000000
vt 0.800000 0.196350 0.000000
vt 0.000000 0.196350 0.000000
vt 0.800000 0.157080 0.000000
vt 0.000000 0.157080 0.000000
vt 0.800000 0.117810 0.000000
vt 0.000000 0.117810 0.000000
vt 0.800000 0.078540 0.000000
vt 0.000000 0.078540 0.000000
vt 0.800000 0.039270 0.000000
vt 0.000000 0.039270 0.000000
vt 0.800000 0.000000 0.000000
vt 0.000000 0.000000 0.000000
vt 0.800000 -0.039270 0.000000
vt 0.000000 -0.039270 0.000000
vt 0.800000 -0.078540 0.000000
vt -0.000000 -0.078540 0.000000
vt 0.800000 -0.117810 0.000000
vt -0.000000 -0.117810 0.000000
vt 0.800000 -0.157080 0.000000
vt -0.000000 -0.157080 0.000000
vt 0.800000 -0.196350 0.000000
vt -0.000000 -0.196350 0.000000
vt 0.800000 -0.235619 0.000000
vt 0.000000 -0.235619 0.000000
vt 0.800000 -0.274889 0.000000
vt 0.000000 -0.274889 0.000000
vt 0.800000 -0.314159 0.000000
vt 0.000000 -0.314159 0.000000
vt 0.800000 -0.353429 0.000000
vt 0.000000 -0.353429 0.000000
vt 0.800000 -0.392699 0.000000
vt 0.000000 -0.392699 0.000000
vt -0.144889 -0.038823 0.000000
vt 0.144889 -0.038823 0.000000
vt -0.150000 0.000000 0.000000
vt 0.150000 0.000000 0.000000
vt -0.144889 0.038823 0.000000
vt 0.144889 0.038823 0.000000
vt -0.129904 0.075000 0.000000
vt 0.129904 0.075000 0.000000
vt -0.106066 0.106066 0.000000
vt 0.106066 0.106066 0.000000
vt -0.075000 0.129904 0.000000
vt 0.075000 0.129904 0.000000
vt -0.038823 0.144889 0.000000
vt 0.038823 0.144889 0.000000
vt 0.000000 0.150000 0.000000
vt 0.129904 -0.075000 0.000000
vt -0.129904 -0.075000 0.000000
vt 0.106066 -0.106066 0.000000
vt -0.106066 -0.106066 0.000000
vt 0.075000 -0.129904 0.000000
vt -0.075000 -0.129904 0.000000
vt 0.038823 -0.144889 0.000000
vt -0.038823 -0.144889 0.000000
vt 0.000000 -0.150000 0.000000
vt 0.800000 -0.431969 0.000000
vt 0.000000 -0.431969 0.000000
vt 0.800000 -0.471239 0.000000
vt 0.000000 -0.471239 0.000000
vt 0.800000 0.471239 0.000000
vt 0.000000 0.471239 0.000000
vt 0.800000 0.431969 0.000000
vt 0.000000 0.431969 0.000000
vt 0.800000 0.392699 0.000000
vt 0.000000 0.392699 0.000000
vt 0.800000 0.353429 0.000000
vt 0.000000 0.353429 0.000000
vt 0.800000 0.314159 0.000000
vt 0.000000 0.314159 0.000000
vt 0.800000 0.274889 0.000000
vt 0.000000 0.274889 0.000000
vt 0.800000 0.235619 0.000000
vt 0.000000 0.235619 0.000000
vt 0.800000 0.196350 0.000000
vt 0.000000 0.196350 0.000000
vt 0.800000 0.157080 0.000000
vt 0.000000 0.157080 0.000000
vt 0.800000 0.117810 0.000000
vt 0.000000 0.117810 0.000000
vt 0.800000 0.078540 0.000000
vt 0.000000 0.078540 0.000000
vt 0.800000 0.039270 0.000000
vt 0.000000 0.039270 0.000000
vt 0.800000 0.000000 0.000000
vt 0.000000 0.000000 0.000000
vt 0.800000 -0.039270 0.000000
vt 0.000000 -0.039270 0.000000
vt 0.800000 -0.078540 0.000000
vt -0.000000 -0.078540 0.000000
vt 0.800000 -0.117810 0.000000
vt -0.000000 -0.117810 0.000000
vt 0.800000 -0.157080 0.000000
vt -0.000000 -0.157080 0.000000
vt 0.800000 -0.196350 0.000000
vt -0.000000 -0.196350 0.000000
vt 0.800000 -0.235619 0.000000
vt 0.000000 -0.235619 0.000000
vt 0.800000 -0.274889 0.000000
vt 0.000000 -0.274889 0.000000
vt 0.800000 -0.314159 0.000000
vt 0.000000 -0.314159 0.000000
vt 0.800000 -0.353429 0.000000
vt 0.000000 -0.353429 0.000000
vt 0.800000 -0.392699 0.000000
vt 0.000000 -0.392699 0.000000
vt -0.144889 -0.038823 0.000000
vt 0.144889 -0.038823 0.000000
vt -0.150000 -0.000000 0.000000
vt 0.150000 0.000000 0.000000
vt -0.144889 0.038823 0.000000
vt 0.144889 0.038823 0.000000
vt -0.129904 0.075000 0.000000
vt 0.129904 0.075000 0.000000
vt -0.106066 0.106066 0.000000
vt 0.106066 0.106066 0.000000
vt -0.075000 0.129904 0.000000
vt 0.075000 0.129904 0.000000
vt -0.038823 0.144889 0.000000
vt 0.038823 0.144889 0.000000
vt 0.000000 0.150000 0.000000
vt 0.129904 -0.075000 0.000000
vt -0.129904 -0.075000 0.000000
vt 0.106066 -0.106066 0.000000
vt -0.106066 -0.106066 0.000000
vt 0.075000 -0.129904 0.000000
vt -0.075000 -0.129904 0.000000
vt 0.038823 -0.144889 0.000000
vt -0.038823 -0.144889 0.000000
vt 0.000000 -0.150000 0.000000
vt 0.800000 -0.431969 0.000000
vt 0.000000 -0.431969 0.000000
vt 0.800000 -0.471239 0.000000
vt 0.000000 -0.471239 0.000000
vt 0.800000 0.471239 0.000000
vt 0.000000 0.471239 0.000000
vt 0.800000 0.431969 0.000000
vt 0.000000 0.431969 0.000000
vt 0.800000 0.392699 0.000000
vt 0.000000 0.392699 0.000000
vt 0.800000 0.353429 0.000000
vt 0.000000 0.353429 0.000000
vt 0.800000 0.314159 0.000000
vt 0.000000 0.314159 0.000000
vt 0.800000 0.274889 0.000000
vt 0.000000 0.274889 0.000000
vt 0.800000 0.235619 0.000000
vt 0.000000 0.235619 0.000000
vt 0.800000 0.196350 0.000000
vt 0.000000 0.196350 0.000000
vt 0.800000 0.157080 0.000000
vt 0.000000 0.157080 0.000000
vt 0.800000 0.117810 0.000000
vt 0.000000 0.117810 0.000000
vt 0.800000 0.078540 0.000000
vt 0.000000 0.078540 0.000000
vt 0.800000 0.039270 0.000000
vt 0.000000 0.039270 0.000000
vt 0.800000 0.000000 0.000000
vt 0.000000 0.000000 0.000000
vt 0.800000 -0.039270 0.000000
vt 0.000000 -0.039270 0.000000
vt 0.800000 -0.078540 0.000000
vt -0.000000 -0.078540 0.000000
vt 0.800000 -0.117810 0.000000
vt -0.000000 -0.117810 0.000000
vt 0.800000 -0.157080 0.000000
vt -0.000000 -0.157080 0.000000
vt 0.800000 -0.196350 0.000000
vt 0.000000 -0.196350 0.000000
vt 0.800000 -0.235619 0.000000
vt 0.000000 -0.235619 0.000000
vt 0.800000 -0.274889 0.000000
vt 0.000000 -0.274889 0.000000
vt 0.800000 -0.314159 0.000000
vt 0.000000 -0.314159 0.000000
vt 0.800000 -0.353429 0.000000
vt 0.000000 -0.353429 0.000000
vt 0.800000 -0.392699 0.000000
vt 0.000000 -0.392699 0.000000
vt -0.144889 -0.038823 0.000000
vt 0.144889 -0.038823 0.000000
vt -0.150000 0.000000 0.000000
vt 0.150000 0.000000 0.000000
vt -0.144889 0.038823 0.000000
vt 0.144889 0.038823 0.000000
vt -0.129904 0.075000 0.000000
vt 0.129904 0.075000 0.000000
vt -0.106066 0.106066 0.000000
vt 0.106066 0.106066 0.000000
vt -0.075000 0.129904 0.000000
vt 0.075000 0.129904 0.000000
vt -0.038823 0.144889 0.000000
vt 0.038823 0.144889 0.000000
vt 0.000000 0.150000 0.000000
vt 0.129904 -0.075000 0.000000
vt -0.129904 -0.075000 0.000000
vt 0.106066 -0.106066 0.000000
vt -0.106066 -0.106066 0.000000
vt 0.075000 -0.129904 0.000000
vt -0.075000 -0.129904 0.000000
vt 0.038823 -0.144889 0.000000
vt -0.038823 -0.144889 0.000000
vt 0.000000 -0.150000 0.000000
vt 0.800000 -0.431969 0.000000
vt 0.000000 -0.431969 0.000000
vt 0.800000 -0.471239 0.000000
vt 0.000000 -0.471239 0.000000
vt 0.800000 0.471239 0.000000
vt 0.000000 0.471239 0.000000
vt 0.800000 0.431969 0.000000
vt 0.000000 0.431969 0.000000
vt 0.800000 0.392699 0.000000
vt 0.000000 0.392699 0.000000
vt 0.800000 0.353429 0.000000
vt 0.000000 0.353429 0.000000
vt 0.800000 0.314159 0.000000
vt 0.000000 0.314159 0.000000
vt 0.800000 0.274889 0.000000
vt 0.000000 0.274889 0.000000
vt 0.800000 0.235619 0.000000
vt 0.000000 0.235619 0.000000
vt 0.800000 0.196350 0.000000
vt 0.000000 0.196350 0.000000
vt 0.800000 0.157080 0.000000
vt 0.000000 0.157080 0.000000
vt 0.800000 0.117810 0.000000
vt 0.000000 0.117810 0.000000
vt 0.800000 0.078540 0.000000
vt 0.000000 0.078540 0.000000
vt 0.800000 0.039270 0.000000
vt 0.000000 0.039270 0.000000
vt 0.800000 0.000000 0.000000
vt 0.000000 0.000000 0.000000
vt 0.800000 -0.039270 0.000000
vt -0.000000 -0.039270 0.000000
vt 0.800000 -0.078540 0.000000
vt 0.000000 -0.078540 0.000000
vt 0.800000 -0.117810 0.000000
vt -0.000000 -0.117810 0.000000
vt 0.800000 -0.157080 0.000000
vt 0.000000 -0.157080 0.000000
vt 0.800000 -0.196350 0.000000
vt -0.000000 -0.196350 0.000000
vt 0.800000 -0.235619 0.000000
vt 0.000000 -0.235619 0.000000
vt 0.800000 -0.274889 0.000000
vt 0.000000 -0.274889 0.000000
vt 0.800000 -0.314159 0.000000
vt 0.000000 -0.314159 0.000000
vt 0.800000 -0.353429 0.000000
vt 0.000000 -0.353429 0.000000
vt 0.800000 -0.392699 0.000000
vt 0.000000 -0.392699 0.000000
vt -0.144889 -0.038823 0.000000
vt 0.144889 -0.038823 0.000000
vt -0.150000 0.000000 0.000000
vt 0.150000 0.000000 0.000000
vt -0.144889 0.038823 0.000000
vt 0.144889 0.038823 0.000000
vt -0.129904 0.075000 0.000000
vt 0.129904 0.075000 0.000000
vt -0.106066 0.106066 0.000000
vt 0.106066 0.106066 0.000000
vt -0.075000 0.129904 0.000000
vt 0.075000 0.129904 0.000000
vt -0.038823 0.144889 0.000000
vt 0.038823 0.144889 0.000000
vt 0.000000 0.150000 0.000000
vt 0.129904 -0.075000 0.000000
vt -0.129904 -0.075000 0.000000
vt 0.106066 -0.106066 0.000000
vt -0.106066 -0.106066 0.000000
vt 0.075000 -0.129904 0.000000
vt -0.075000 -0.129904 0.000000
vt 0.038823 -0.144889 0.000000
vt -0.038823 -0.144889 0.000000
vt 0.000000 -0.150000 0.000000
vt 0.800000 -0.431969 0.000000
vt 0.000000 -0.431969 0.000000
vt 0.800000 -0.471239 0.000000
vt 0.000000 -0.471239 0.000000
vt 0.800000 0.471239 0.000000
vt 0.000000 0.471239 0.000000
vt 0.800000 0.431969 0.000000
vt 0.000000 0.431969 0.000000
vt 0.800000 0.392699 0.000000
vt 0.000000 0.392699 0.000000
vt 0.800000 0.353429 0.000000
vt 0.000000 0.353429 0.000000
vt 0.800000 0.314159 0.000000
vt 0.000000 0.314159 0.000000
vt 0.800000 0.274889 0.000000
vt 0.000000 0.274889 0.000000
vt 0.800000 0.235619 0.000000
vt 0.000000 0.235619 0.000000
vt 0.800000 0.196350 0.000000
vt 0.000000 0.196350 0.000000
vt 0.800000 0.157080 0.000000
vt 0.000000 0.157080 0.000000
vt 0.800000 0.117810 0.000000
vt 0.000000 0.117810 0.000000
vt 0.800000 0.078540 0.000000
vt 0.000000 0.078540 0.000000
vt 0.800000 0.039270 0.000000
vt 0.000000 0.039270 0.000000
vt 0.800000 0.000000 0.000000
vt 0.000000 0.000000 0.000000
vt 0.800000 -0.039270 0.000000
vt -0.000000 -0.039270 0.000000
vt 0.800000 -0.078540 0.000000
vt 0.000000 -0.078540 0.000000
vt 0.800000 -0.117810 0.000000
vt -0.000000 -0.117810 0.000000
vt 0.800000 -0.157080 0.000000
vt -0.000000 -0.157080 0.000000
vt 0.800000 -0.196350 0.000000
vt 0.000000 -0.196350 0.000000
vt 0.800000 -0.235619 0.000000
vt 0.000000 -0.235619 0.000000
vt 0.800000 -0.274889 0.000000
vt 0.000000 -0.274889 0.000000
vt 0.800000 -0.314159 0.000000
vt 0.000000 -0.314159 0.000000
vt 0.800000 -0.353429 0.000000
vt 0.000000 -0.353429 0.000000
vt 0.800000 -0.392699 0.000000
vt 0.000000 -0.392699 0.000000
vt -0.144889 -0.038823 0.000000
vt 0.144889 -0.038823 0.000000
vt -0.150000 -0.000000 0.000000
vt 0.150000 0.000000 0.000000
vt -0.144889 0.038823 0.000000
vt 0.144889 0.038823 0.000000
vt -0.129904 0.075000 0.000000
vt 0.129904 0.075000 0.000000
vt -0.106066 0.106066 0.000000
vt 0.106066 0.106066 0.000000
vt -0.075000 0.129904 0.000000
vt 0.075000 0.129904 0.000000
vt -0.038823 0.144889 0.000000
vt 0.038823 0.144889 0.000000
vt 0.000000 0.150000 0.000000
vt 0.129904 -0.075000 0.000000
vt -0.129904 -0.075000 0.000000
vt 0.106066 -0.106066 0.000000
vt -0.106066 -0.106066 0.000000
vt 0.075000 -0.129904 0.000000
vt -0.075000 -0.129904 0.000000
vt 0.038823 -0.144889 0.000000
vt -0.038823 -0.144889 0.000000
vt 0.000000 -0.150000 0.000000
vt 0.100000 0.157080 0.000000
vt -0.000000 0.157080 0.000000
vt 0.100000 0.130900 0.000000
vt -0.000000 0.130900 0.000000
vt 0.100000 0.104720 0.000000
vt -0.000000 0.104720 0.000000
vt 0.100000 0.078540 0.000000
vt 0.000000 0.078540 0.000000
vt 0.100000 0.052360 0.000000
vt 0.000000 0.052360 0.000000
vt 0.100000 0.026180 0.000000
vt 0.000000 0.026180 0.000000
vt 0.100000 -0.000000 0.000000
vt -0.000000 -0.000000 0.000000
vt 0.000000 0.000000 0.000000
vt 0.498075 0.000000 0.000000
vt 0.000000 0.100000 0.000000
vt 0.498075 0.100000 0.000000
vt -0.100000 0.000000 0.000000
vt -0.000000 0.000000 0.000000
vt -0.100000 0.026180 0.000000
vt -0.000000 0.026180 0.000000
vt -0.100000 0.052360 0.000000
vt -0.000000 0.052360 0.000000
vt -0.100000 0.078540 0.000000
vt -0.000000 0.078540 0.000000
vt -0.100000 0.104720 0.000000
vt -0.000000 0.104720 0.000000
vt -0.100000 0.130900 0.000000
vt -0.000000 0.130900 0.000000
vt -0.100000 0.157080 0.000000
vt -0.000000 0.157080 0.000000
vt 0.000000 0.000000 0.000000
vt 0.550000 0.000000 0.000000
vt 0.000000 0.100000 0.000000
vt 0.550000 0.100000 0.000000
vt -0.100000 0.000000 0.000000
vt -0.000000 0.000000 0.000000
vt -0.100000 0.026180 0.000000
vt -0.000000 0.026180 0.000000
vt -0.100000 0.052360 0.000000
vt -0.000000 0.052360 0.000000
vt -0.100000 0.078540 0.000000
vt -0.000000 0.078540 0.000000
vt -0.100000 0.104720 0.000000
vt -0.000000 0.104720 0.000000
vt -0.100000 0.130900 0.000000
vt -0.000000 0.130900 0.000000
vt -0.100000 0.157080 0.000000
vt -0.000000 0.157080 0.000000
vt 0.000000 0.000000 0.000000
vt 0.498076 0.000000 0.000000
vt 0.000000 0.100000 0.000000
vt 0.498076 0.100000 0.000000
vt 0.100000 0.157080 0.000000
vt 0.000000 0.157080 0.000000
vt 0.100000 0.130900 0.000000
vt -0.000000 0.130900 0.000000
vt 0.100000 0.104720 0.000000
vt 0.000000 0.104720 0.000000
vt 0.100000 0.078540 0.000000
vt -0.000000 0.078540 0.000000
vt 0.100000 0.052360 0.000000
vt 0.000000 0.052360 0.000000
vt 0.100000 0.026180 0.000000
vt -0.000000 0.026180 0.000000
vt 0.100000 0.000000 0.000000
vt 0.000000 0.000000 0.000000
vt 0.000000 0.000000 0.000000
vt 10.160318 0.000000 0.000000
vt 0.000000 0.100000 0.000000
vt 10.160318 0.100000 0.000000
vt 0.000000 0.000000 0.000000
vt 0.868110 0.000000 0.000000
vt 0.000000 0.100000 0.000000
vt 0.868110 0.100000 0.000000
vt -0.100000 0.000000 0.000000
vt -0.000000 0.000000 0.000000
vt -0.100000 0.033418 0.000000
vt -0.000000 0.033418 0.000000
vt -0.000000 0.066836 0.000000
vt -0.000000 0.100253 0.000000
vt -0.100000 0.100253 0.000000
vt -0.100000 0.066836 0.000000
vt 0.000000 0.000000 0.000000
vt 0.973144 0.000000 0.000000
vt 0.000000 0.100000 0.000000
vt 0.973144 0.100000 0.000000
vt 0.100000 0.132282 0.000000
vt 0.000000 0.132282 0.000000
vt 0.100000 0.099211 0.000000
vt -0.000000 0.099211 0.000000
vt 0.100000 0.066141 0.000000
vt -0.000000 0.066141 0.000000
vt 0.100000 0.033070 0.000000
vt -0.000000 0.033070 0.000000
vt 0.100000 0.000000 0.000000
vt 0.000000 0.000000 0.000000
vt 0.000000 0.000000 0.000000
vt 9.329513 0.000000 0.000000
vt 0.000000 0.100000 0.000000
vt 9.329513 0.100000 0.000000
vt 0.100000 0.392699 0.000000
vt 0.000000 0.392699 0.000000
vt 0.100000 0.327249 0.000000
vt 0.000000 0.327249 0.000000
vt 0.100000 0.261799 0.000000
vt -0.000000 0.261799 0.000000
vt 0.100000 0.196350 0.000000
vt 0.000000 0.196350 0.000000
vt 0.100000 0.130900 0.000000
vt -0.000000 0.130900 0.000000
vt 0.100000 0.065450 0.000000
vt 0.000000 0.065450 0.000000
vt 0.100000 -0.000000 0.000000
vt 0.000000 0.000000 0.000000
vt -0.000000 0.000000 0.000000
vt 0.600225 0.000000 0.000000
vt -0.000000 0.100000 0.000000
vt 0.600225 0.100000 0.000000
vt -0.100000 -0.000000 0.000000
vt -0.000000 0.000000 0.000000
vt -0.100000 0.065450 0.000000
vt -0.000000 0.065450 0.000000
vt -0.100000 0.130899 0.000000
vt -0.000000 0.130899 0.000000
vt -0.100000 0.196349 0.000000
vt -0.000000 0.196349 0.000000
vt -0.100000 0.261799 0.000000
vt -0.000000 0.261799 0.000000
vt -0.100000 0.327248 0.000000
vt -0.000000 0.327248 0.000000
vt -0.100000 0.392698 0.000000
vt -0.000000 0.392698 0.000000
vt 0.000000 0.000000 0.000000
vt 0.399973 0.000000 0.000000
vt 0.000000 0.100000 0.000000
vt 0.399973 0.100000 0.000000
vt 0.100000 0.392703 0.000000
vt 0.000000 0.392703 0.000000
vt 0.100000 0.327253 0.000000
vt 0.000000 0.327253 0.000000
vt 0.100000 0.261802 0.000000
vt 0.000000 0.261802 0.000000
vt 0.100000 0.196352 0.000000
vt 0.000000 0.196352 0.000000
vt 0.100000 0.130901 0.000000
vt 0.000000 0.130901 0.000000
vt 0.100000 0.065451 0.000000
vt 0.000000 0.065451 0.000000
vt 0.100000 0.000000 0.000000
vt 0.000000 0.000000 0.000000
vt 0.000000 0.000000 0.000000
vt 9.895082 0.000000 0.000000
vt 0.000000 0.100000 0.000000
vt 9.895082 0.100000 0.000000
vt 0.100000 0.314159 0.000000
vt -0.000000 0.314159 0.000000
vt 0.100000 0.261799 0.000000
vt 0.000000 0.261799 0.000000
vt 0.100000 0.209439 0.000000
vt 0.000000 0.209439 0.000000
vt 0.100000 0.157079 0.000000
vt 0.000000 0.157079 0.000000
vt 0.100000 0.104720 0.000000
vt -0.000000 0.104720 0.000000
vt 0.100000 0.052360 0.000000
vt -0.000000 0.052360 0.000000
vt 0.100000 0.000000 0.000000
vt 0.000000 0.000000 0.000000
vt 0.000000 0.000000 0.000000
vt 0.254275 0.000000 0.000000
vt 0.000000 0.100000 0.000000
vt 0.254275 0.100000 0.000000
vt -0.100000 -0.000000 0.000000
vt -0.000000 0.000000 0.000000
vt -0.100000 0.052360 0.000000
vt -0.000000 0.052360 0.000000
vt -0.100000 0.104720 0.000000
vt -0.000000 0.104720 0.000000
vt -0.100000 0.157079 0.000000
vt -0.000000 0.157079 0.000000
vt -0.100000 0.209439 0.000000
vt -0.000000 0.209439 0.000000
vt -0.100000 0.261799 0.000000
vt -0.000000 0.261799 0.000000
vt -0.100000 0.314159 0.000000
vt -0.000000 0.314159 0.000000
vt 0.000000 0.000000 0.000000
vt 0.301903 0.000000 0.000000
vt -0.000000 0.100000 0.000000
vt 0.301903 0.100000 0.000000
vt -0.100000 -0.000000 0.000000
vt -0.000000 0.000000 0.000000
vt -0.100000 0.052360 0.000000
vt -0.000000 0.052360 0.000000
vt -0.100000 0.104720 0.000000
vt -0.000000 0.104720 0.000000
vt -0.100000 0.157079 0.000000
vt -0.000000 0.157079 0.000000
vt -0.100000 0.209439 0.000000
vt -0.000000 0.209439 0.000000
vt -0.100000 0.261799 0.000000
vt -0.000000 0.261799 0.000000
vt -0.100000 0.314159 0.000000
vt -0.000000 0.314159 0.000000
vt 0.000000 0.000000 0.000000
vt 0.354294 0.000000 0.000000
vt 0.000000 0.100000 0.000000
vt 0.354294 0.100000 0.000000
vt 0.100000 0.157080 0.000000
vt 0.000000 0.157080 0.000000
vt 0.100000 0.130900 0.000000
vt 0.000000 0.130900 0.000000
vt 0.100000 0.104720 0.000000
vt 0.000000 0.104720 0.000000
vt 0.100000 0.078540 0.000000
vt 0.000000 0.078540 0.000000
vt 0.100000 0.052360 0.000000
vt 0.000000 0.052360 0.000000
vt 0.100000 0.026180 0.000000
vt 0.000000 0.026180 0.000000
vt 0.100000 0.000000 0.000000
vt 0.000000 0.000000 0.000000
vt 0.000000 0.000000 0.000000
vt 9.852724 0.000000 0.000000
vt -0.000000 0.100000 0.000000
vt 9.852724 0.100000 0.000000
vt 0.000000 0.000000 0.000000
vt 0.149710 0.000000 0.000000
vt 0.000000 0.100000 0.000000
vt 0.149710 0.100000 0.000000
vt 0.100000 0.392703 0.000000
vt -0.000000 0.392703 0.000000
vt 0.100000 0.327253 0.000000
vt 0.000000 0.327253 0.000000
vt 0.100000 0.261802 0.000000
vt 0.000000 0.261802 0.000000
vt 0.100000 0.196352 0.000000
vt -0.000000 0.196352 0.000000
vt 0.100000 0.130901 0.000000
vt -0.000000 0.130901 0.000000
vt 0.100000 0.065451 0.000000
vt 0.000000 0.065451 0.000000
vt 0.100000 0.000000 0.000000
vt 0.000000 0.000000 0.000000
vt 0.000000 0.000000 0.000000
vt 0.399973 0.000000 0.000000
vt -0.000000 0.100000 0.000000
vt 0.399973 0.100000 0.000000
vt -0.100000 0.000000 0.000000
vt -0.000000 0.000000 0.000000
vt -0.100000 0.065450 0.000000
vt -0.000000 0.065450 0.000000
vt -0.100000 0.130899 0.000000
vt -0.000000 0.130899 0.000000
vt -0.100000 0.196349 0.000000
vt -0.000000 0.196349 0.000000
vt -0.100000 0.261799 0.000000
vt -0.000000 0.261799 0.000000
vt -0.100000 0.327248 0.000000
vt -0.000000 0.327248 0.000000
vt -0.100000 0.392698 0.000000
vt -0.000000 0.392698 0.000000
vt 0.000000 0.000000 0.000000
vt 0.600225 0.000000 0.000000
vt 0.000000 0.100000 0.000000
vt 0.600225 0.100000 0.000000
vt 0.100000 0.392699 0.000000
vt 0.000000 0.392699 0.000000
vt 0.100000 0.327249 0.000000
vt 0.000000 0.327249 0.000000
vt 0.100000 0.261799 0.000000
vt -0.000000 0.261799 0.000000
vt 0.100000 0.196350 0.000000
vt 0.000000 0.196350 0.000000
vt 0.100000 0.130900 0.000000
vt -0.000000 0.130900 0.000000
vt 0.100000 0.065450 0.000000
vt -0.000000 0.065450 0.000000
vt 0.100000 0.000000 0.000000
vt 0.000000 0.000000 0.000000
vt -0.000000 0.000000 0.000000
vt 9.329513 0.000000 0.000000
vt -0.000000 0.100000 0.000000
vt 9.329513 0.100000 0.000000
vt 0.100000 0.132282 0.000000
vt -0.000000 0.132282 0.000000
vt 0.100000 0.099211 0.000000
vt -0.000000 0.099211 0.000000
vt 0.100000 0.066141 0.000000
vt -0.000000 0.066141 0.000000
vt 0.100000 0.033070 0.000000
vt -0.000000 0.033070 0.000000
vt 0.100000 0.000000 0.000000
vt 0.000000 0.000000 0.000000
vt -0.000000 0.000000 0.000000
vt 0.973144 0.000000 0.000000
vt -0.000000 0.100000 0.000000
vt 0.973144 0.100000 0.000000
vt -0.100000 0.000000 0.000000
vt -0.000000 0.000000 0.000000
vt -0.100000 0.033418 0.000000
vt -0.000000 0.033418 0.000000
vt -0.000000 0.066836 0.000000
vt -0.000000 0.100253 0.000000
vt -0.100000 0.100253 0.000000
vt -0.100000 0.066836 0.000000
vt 0.000000 0.000000 0.000000
vt 0.868110 0.000000 0.000000
vt 0.000000 0.100000 0.000000
vt 0.868110 0.100000 0.000000
vt 0.000000 0.000000 0.000000
vt 0.213043 0.000000 0.000000
vt 0.000000 0.100000 0.000000
vt 0.213043 0.100000 0.000000
vt -0.000000 0.000000 0.000000
vt 9.902726 0.000000 0.000000
vt -0.000000 0.100000 0.000000
vt 9.902726 0.100000 0.000000
vt 0.100000 0.107472 0.000000
vt 0.000000 0.107472 0.000000
vt 0.100000 0.071648 0.000000
vt -0.000000 0.071648 0.000000
vt -0.000000 0.035824 0.000000
vt 0.000000 0.000000 0.000000
vt 0.100000 0.000000 0.000000
vt 0.100000 0.035824 0.000000
vt 0.000000 0.000000 0.000000
vt 0.941000 0.000000 0.000000
vt 0.000000 0.100000 0.000000
vt 0.941000 0.100000 0.000000
vt -0.100000 0.000000 0.000000
vt -0.000000 0.000000 0.000000
vt -0.100000 0.034424 0.000000
vt -0.000000 0.034424 0.000000
vt -0.100000 0.068848 0.000000
vt -0.000000 0.068848 0.000000
vt -0.100000 0.103271 0.000000
vt -0.000000 0.103271 0.000000
vt -0.100000 0.137695 0.000000
vt -0.000000 0.137695 0.000000
vt 0.000000 0.000000 0.000000
vt 9.526196 0.000000 0.000000
vt 0.000000 0.100000 0.000000
vt 9.526196 0.100000 0.000000
vt -0.100000 0.000000 0.000000
vt -0.000000 0.000000 0.000000
vt -0.100000 0.065450 0.000000
vt -0.000000 0.065450 0.000000
vt -0.100000 0.130900 0.000000
vt -0.000000 0.130900 0.000000
vt -0.100000 0.196350 0.000000
vt -0.000000 0.196350 0.000000
vt -0.100000 0.261799 0.000000
vt -0.000000 0.261799 0.000000
vt -0.100000 0.327249 0.000000
vt -0.000000 0.327249 0.000000
vt -0.100000 0.392699 0.000000
vt -0.000000 0.392699 0.000000
vt 0.000000 0.000000 0.000000
vt 0.600207 0.000000 0.000000
vt 0.000000 0.100000 0.000000
vt 0.600207 0.100000 0.000000
vt 0.100000 0.392699 0.000000
vt 0.000000 0.392699 0.000000
vt 0.100000 0.327249 0.000000
vt 0.000000 0.327249 0.000000
vt 0.100000 0.261799 0.000000
vt -0.000000 0.261799 0.000000
vt 0.100000 0.196350 0.000000
vt 0.000000 0.196350 0.000000
vt 0.100000 0.130900 0.000000
vt -0.000000 0.130900 0.000000
vt 0.100000 0.065450 0.000000
vt 0.000000 0.065450 0.000000
vt 0.100000 0.000000 0.000000
vt 0.000000 0.000000 0.000000
vt 0.000000 0.000000 0.000000
vt 0.400000 0.000000 0.000000
vt -0.000000 0.100000 0.000000
vt 0.400000 0.100000 0.000000
vt -0.100000 0.000000 0.000000
vt -0.000000 0.000000 0.000000
vt -0.100000 0.065450 0.000000
vt -0.000000 0.065450 0.000000
vt -0.100000 0.130900 0.000000
vt -0.000000 0.130900 0.000000
vt -0.100000 0.196350 0.000000
vt -0.000000 0.196350 0.000000
vt -0.100000 0.261799 0.000000
vt -0.000000 0.261799 0.000000
vt -0.100000 0.327249 0.000000
vt -0.000000 0.327249 0.000000
vt -0.100000 0.392699 0.000000
vt -0.000000 0.392699 0.000000
vt -0.000000 0.000000 0.000000
vt 10.100476 0.000000 0.000000
vt -0.000000 0.100000 0.000000
vt 10.100476 0.100000 0.000000
vt -0.100000 0.000000 0.000000
vt -0.000000 0.000000 0.000000
vt -0.100000 0.052360 0.000000
vt -0.000000 0.052360 0.000000
vt -0.100000 0.104720 0.000000
vt -0.000000 0.104720 0.000000
vt -0.100000 0.157080 0.000000
vt -0.000000 0.157080 0.000000
vt -0.100000 0.209440 0.000000
vt -0.000000 0.209440 0.000000
vt -0.100000 0.261799 0.000000
vt -0.000000 0.261799 0.000000
vt -0.100000 0.314159 0.000000
vt -0.000000 0.314159 0.000000
vt 0.000000 0.000000 0.000000
vt 0.254291 0.000000 0.000000
vt -0.000000 0.100000 0.000000
vt 0.254291 0.100000 0.000000
vt 0.100000 0.314160 0.000000
vt -0.000000 0.314160 0.000000
vt 0.100000 0.261800 0.000000
vt -0.000000 0.261800 0.000000
vt 0.100000 0.209440 0.000000
vt 0.000000 0.209440 0.000000
vt 0.100000 0.157080 0.000000
vt -0.000000 0.157080 0.000000
vt 0.100000 0.104720 0.000000
vt 0.000000 0.104720 0.000000
vt 0.100000 0.052360 0.000000
vt -0.000000 0.052360 0.000000
vt 0.100000 0.000000 0.000000
vt -0.000000 0.000000 0.000000
vt 0.000000 0.000000 0.000000
vt 0.111945 0.000000 0.000000
vt 0.000000 0.100000 0.000000
vt 0.111945 0.100000 0.000000
vt 0.100000 0.314159 0.000000
vt 0.000000 0.314159 0.000000
vt 0.100000 0.261799 0.000000
vt 0.000000 0.261799 0.000000
vt 0.100000 0.209439 0.000000
vt 0.000000 0.209439 0.000000
vt 0.100000 0.157079 0.000000
vt 0.000000 0.157079 0.000000
vt 0.100000 0.104720 0.000000
vt -0.000000 0.104720 0.000000
vt 0.100000 0.052360 0.000000
vt -0.000000 0.052360 0.000000
vt 0.100000 -0.000000 0.000000
vt 0.000000 0.000000 0.000000
vt -0.000000 0.000000 0.000000
vt 0.254291 0.000000 0.000000
vt 0.000000 0.100000 0.000000
vt 0.254291 0.100000 0.000000
vt -0.100000 0.000000 0.000000
vt -0.000000 0.000000 0.000000
vt -0.100000 0.052360 0.000000
vt -0.000000 0.052360 0.000000
vt -0.100000 0.104720 0.000000
vt -0.000000 0.104720 0.000000
vt -0.100000 0.157080 0.000000
vt -0.000000 0.157080 0.000000
vt -0.100000 0.209440 0.000000
vt -0.000000 0.209440 0.000000
vt -0.100000 0.261799 0.000000
vt -0.000000 0.261799 0.000000
vt -0.100000 0.314159 0.000000
vt -0.000000 0.314159 0.000000
vt 0.000000 0.000000 0.000000
vt 9.837276 0.000000 0.000000
vt -0.000000 0.100000 0.000000
vt 9.837276 0.100000 0.000000
vt 0.000000 0.000000 0.000000
vt 0.249697 0.000000 0.000000
vt 0.000000 0.100000 0.000000
vt 0.249697 0.100000 0.000000
vt -0.100000 0.000000 0.000000
vt -0.000000 0.000000 0.000000
vt -0.100000 0.065450 0.000000
vt -0.000000 0.065450 0.000000
vt -0.100000 0.130900 0.000000
vt -0.000000 0.130900 0.000000
vt -0.100000 0.196350 0.000000
vt -0.000000 0.196350 0.000000
vt -0.100000 0.261799 0.000000
vt -0.000000 0.261799 0.000000
vt -0.100000 0.327249 0.000000
vt -0.000000 0.327249 0.000000
vt -0.100000 0.392699 0.000000
vt -0.000000 0.392699 0.000000
vt 0.000000 0.000000 0.000000
vt 0.400000 0.000000 0.000000
vt 0.000000 0.100000 0.000000
vt 0.400000 0.100000 0.000000
vt 0.100000 0.392699 0.000000
vt 0.000000 0.392699 0.000000
vt 0.100000 0.327249 0.000000
vt -0.000000 0.327249 0.000000
vt 0.100000 0.261799 0.000000
vt -0.000000 0.261799 0.000000
vt 0.100000 0.196350 0.000000
vt -0.000000 0.196350 0.000000
vt 0.100000 0.130900 0.000000
vt 0.000000 0.130900 0.000000
vt 0.100000 0.065450 0.000000
vt 0.000000 0.065450 0.000000
vt 0.100000 0.000000 0.000000
vt 0.000000 0.000000 0.000000
vt -0.000000 0.000000 0.000000
vt 0.600207 0.000000 0.000000
vt -0.000000 0.100000 0.000000
vt 0.600207 0.100000 0.000000
vt -0.100000 -0.000000 0.000000
vt -0.000000 0.000000 0.000000
vt -0.100000 0.065450 0.000000
vt -0.000000 0.065450 0.000000
vt -0.100000 0.130900 0.000000
vt -0.000000 0.130900 0.000000
vt -0.100000 0.196350 0.000000
vt -0.000000 0.196350 0.000000
vt -0.100000 0.261799 0.000000
vt -0.000000 0.261799 0.000000
vt -0.100000 0.327249 0.000000
vt -0.000000 0.327249 0.000000
vt -0.100000 0.392699 0.000000
vt -0.000000 0.392699 0.000000
vt 0.000000 0.000000 0.000000
vt 9.526196 0.000000 0.000000
vt 0.000000 0.100000 0.000000
vt 9.526196 0.100000 0.000000
vt -0.100000 0.000000 0.000000
vt -0.000000 0.000000 0.000000
vt -0.100000 0.034424 0.000000
vt -0.000000 0.034424 0.000000
vt -0.100000 0.068848 0.000000
vt -0.000000 0.068848 0.000000
vt -0.100000 0.103271 0.000000
vt -0.000000 0.103271 0.000000
vt -0.100000 0.137695 0.000000
vt -0.000000 0.137695 0.000000
vt 0.000000 0.000000 0.000000
vt 0.941000 0.000000 0.000000
vt 0.000000 0.100000 0.000000
vt 0.941000 0.100000 0.000000
vt 0.100000 0.107472 0.000000
vt 0.000000 0.107472 0.000000
vt 0.100000 0.071648 0.000000
vt 0.000000 0.071648 0.000000
vt -0.000000 0.035824 0.000000
vt 0.000000 0.000000 0.000000
vt 0.100000 0.000000 0.000000
vt 0.100000 0.035824 0.000000
vt 0.000000 0.000000 0.000000
vt 0.846258 0.000000 0.000000
vt 0.000000 0.100000 0.000000
vt 0.846258 0.100000 0.000000
vt -0.100000 0.000000 0.000000
vt -0.000000 0.000000 0.000000
vt -0.100000 0.023804 0.000000
vt -0.000000 0.023804 0.000000
vt -0.100000 0.047607 0.000000
vt -0.000000 0.047607 0.000000
vt -0.100000 0.071411 0.000000
vt -0.000000 0.071411 0.000000
vt -0.100000 0.095215 0.000000
vt -0.000000 0.095215 0.000000
vt -0.100000 0.119019 0.000000
vt -0.000000 0.119019 0.000000
vt 0.000000 0.000000 0.000000
vt 0.222100 0.000000 0.000000
vt 0.000000 0.100000 0.000000
vt 0.222100 0.100000 0.000000
vt -0.000000 0.000000 0.000000
vt 10.047290 0.000000 0.000000
vt -0.000000 0.100000 0.000000
vt 10.047290 0.100000 0.000000
vt -0.100000 -0.000000 0.000000
vt -0.000000 -0.000000 0.000000
vt -0.100000 0.026180 0.000000
vt -0.000000 0.026180 0.000000
vt -0.100000 0.052360 0.000000
vt -0.000000 0.052360 0.000000
vt -0.100000 0.078540 0.000000
vt -0.000000 0.078540 0.000000
vt -0.100000 0.104720 0.000000
vt -0.000000 0.104720 0.000000
vt -0.100000 0.130900 0.000000
vt -0.000000 0.130900 0.000000
vt -0.100000 0.157080 0.000000
vt -0.000000 0.157080 0.000000
vt 0.000000 0.000000 0.000000
vt 0.500675 0.000000 0.000000
vt -0.000000 0.100000 0.000000
vt 0.500675 0.100000 0.000000
vt 0.100000 0.157080 0.000000
vt -0.000000 0.157080 0.000000
vt 0.100000 0.130900 0.000000
vt 0.000000 0.130900 0.000000
vt 0.100000 0.104720 0.000000
vt -0.000000 0.104720 0.000000
vt 0.100000 0.078540 0.000000
vt -0.000000 0.078540 0.000000
vt 0.100000 0.052360 0.000000
vt 0.000000 0.052360 0.000000
vt 0.100000 0.026180 0.000000
vt -0.000000 0.026180 0.000000
vt 0.100000 0.000000 0.000000
vt 0.000000 -0.000000 0.000000
vt 0.000000 0.000000 0.000000
vt 0.349987 0.000000 0.000000
vt -0.000000 0.100000 0.000000
vt 0.349987 0.100000 0.000000
vt 0.100000 0.157080 0.000000
vt 0.000000 0.157080 0.000000
vt 0.100000 0.130900 0.000000
vt -0.000000 0.130900 0.000000
vt 0.100000 0.104720 0.000000
vt 0.000000 0.104720 0.000000
vt 0.100000 0.078540 0.000000
vt -0.000000 0.078540 0.000000
vt 0.100000 0.052360 0.000000
vt 0.000000 0.052360 0.000000
vt 0.100000 0.026180 0.000000
vt -0.000000 0.026180 0.000000
vt 0.100000 0.000000 0.000000
vt -0.000000 -0.000000 0.000000
vt 0.000000 0.000000 0.000000
vt 0.500732 0.000000 0.000000
vt 0.000000 0.100000 0.000000
vt 0.500732 0.100000 0.000000
vt -0.100000 0.000000 0.000000
vt -0.000000 0.000000 0.000000
vt -0.100000 0.026180 0.000000
vt -0.000000 0.026180 0.000000
vt -0.100000 0.052360 0.000000
vt -0.000000 0.052360 0.000000
vt -0.100000 0.078540 0.000000
vt -0.000000 0.078540 0.000000
vt -0.100000 0.104720 0.000000
vt -0.000000 0.104720 0.000000
vt -0.100000 0.130900 0.000000
vt -0.000000 0.130900 0.000000
vt -0.100000 0.157080 0.000000
vt -0.000000 0.157080 0.000000
vt -0.000000 0.000000 0.000000
vt 10.224828 0.000000 0.000000
vt -0.000000 0.100000 0.000000
vt 10.224828 0.100000 0.000000
vt -0.100000 0.000000 0.000000
vt -0.000000 0.000000 0.000000
vt -0.100000 0.023804 0.000000
vt -0.000000 0.023804 0.000000
vt -0.100000 0.047607 0.000000
vt -0.000000 0.047607 0.000000
vt -0.100000 0.071411 0.000000
vt -0.000000 0.071411 0.000000
vt -0.100000 0.095215 0.000000
vt -0.000000 0.095215 0.000000
vt -0.100000 0.119019 0.000000
vt -0.000000 0.119019 0.000000
vt 0.000000 0.000000 0.000000
vt 0.846258 0.000000 0.000000
vt 0.000000 0.100000 0.000000
vt 0.846258 0.100000 0.000000
vt -6.046556 0.471393 0.000000
vt -6.049963 0.497275 0.000000
vt -6.150037 0.397273 0.000000
vt -6.049965 10.400000 0.000000
vt -6.150037 10.622101 0.000000
vt -6.049965 10.613043 0.000000
vt -6.147217 10.645680 0.000000
vt -6.138917 10.667930 0.000000
vt -6.125605 10.687595 0.000000
vt -6.108030 10.703567 0.000000
vt -6.087186 10.714944 0.000000
vt -5.243979 10.935534 0.000000
vt -5.301488 11.029318 0.000000
vt -5.214131 10.950477 0.000000
vt -5.187185 10.970175 0.000000
vt -5.269594 11.045526 0.000000
vt -5.163889 10.994081 0.000000
vt -5.241098 11.067157 0.000000
vt -5.216911 11.093519 0.000000
vt -4.545259 11.745284 0.000000
vt -4.645314 11.841020 0.000000
vt -4.521603 11.768298 0.000000
vt -4.493487 11.785581 0.000000
vt -4.462272 11.796298 0.000000
vt -4.526159 11.899904 0.000000
vt -4.560281 11.895972 0.000000
vt -4.592615 11.884380 0.000000
vt -4.429469 11.799928 0.000000
vt 4.900044 11.799928 0.000000
vt 5.000037 11.899904 0.000000
vt 4.964749 11.791410 0.000000
vt 5.064742 11.891386 0.000000
vt 5.025044 11.766435 0.000000
vt 5.125037 11.866411 0.000000
vt 5.176814 11.826681 0.000000
vt 5.076821 11.726705 0.000000
vt 5.216543 11.774904 0.000000
vt 5.241518 11.714609 0.000000
vt 5.116550 11.674928 0.000000
vt 5.250037 11.649904 0.000000
vt 5.141525 11.614633 0.000000
vt 5.150044 11.549928 0.000000
vt 5.250037 11.049697 0.000000
vt 5.150044 10.949703 0.000000
vt 5.258556 10.984993 0.000000
vt 5.283531 10.924697 0.000000
vt 5.158562 10.884999 0.000000
vt 5.323260 10.872921 0.000000
vt 5.183537 10.824704 0.000000
vt 5.223267 10.772927 0.000000
vt 5.375037 10.833191 0.000000
vt 5.275043 10.733197 0.000000
vt 5.335338 10.708222 0.000000
vt 5.435332 10.808216 0.000000
vt 5.400043 10.699703 0.000000
vt 5.500037 10.799697 0.000000
vt 5.800016 10.699710 0.000000
vt 5.900037 10.799697 0.000000
vt 5.864721 10.691192 0.000000
vt 5.964742 10.791179 0.000000
vt 5.925017 10.666217 0.000000
vt 6.025037 10.766204 0.000000
vt 6.076814 10.726474 0.000000
vt 5.976795 10.626488 0.000000
vt 6.116543 10.674697 0.000000
vt 6.141519 10.614402 0.000000
vt 6.016525 10.574711 0.000000
vt 6.150037 10.549697 0.000000
vt 6.041501 10.514415 0.000000
vt 6.050020 10.449710 0.000000
vt 6.050020 10.300000 0.000000
vt 6.150037 0.449221 0.000000
vt 6.050039 0.447276 0.000000
vt 6.046631 0.421395 0.000000
vt 6.143222 0.397457 0.000000
vt 6.036641 0.397276 0.000000
vt 6.123242 0.349221 0.000000
vt 6.020750 0.376566 0.000000
vt 6.091458 0.307800 0.000000
vt 6.000039 0.360674 0.000000
vt 5.975921 0.350684 0.000000
vt 5.950039 0.347276 0.000000
vt 6.001801 0.256036 0.000000
vt 6.050037 0.276016 0.000000
vt 5.595745 0.347276 0.000000
vt 5.695746 0.249221 0.000000
vt 5.950037 0.249221 0.000000
vt 5.643982 0.242406 0.000000
vt 5.543982 0.340461 0.000000
vt 5.595746 0.222426 0.000000
vt 5.495745 0.320481 0.000000
vt 5.454324 0.288697 0.000000
vt 5.422541 0.247275 0.000000
vt 5.554324 0.190642 0.000000
vt 5.402561 0.199039 0.000000
vt 5.522541 0.149221 0.000000
vt 5.395746 0.147276 0.000000
vt 5.502560 0.100985 0.000000
vt 5.495746 0.049221 0.000000
vt 5.395746 -0.154627 0.000000
vt 5.495746 -0.062724 0.000000
vt 5.502561 -0.114488 0.000000
vt 5.522541 -0.162724 0.000000
vt 5.402561 -0.206391 0.000000
vt 5.554325 -0.204146 0.000000
vt 5.422541 -0.254627 0.000000
vt 5.454324 -0.296049 0.000000
vt 5.595746 -0.235929 0.000000
vt 5.495746 -0.327832 0.000000
vt 5.543982 -0.347812 0.000000
vt 5.643982 -0.255909 0.000000
vt 5.595745 -0.354627 0.000000
vt 5.695746 -0.262724 0.000000
vt 5.850020 -0.354628 0.000000
vt 5.950037 -0.262724 0.000000
vt 5.901784 -0.361443 0.000000
vt 6.001801 -0.269539 0.000000
vt 5.950020 -0.381423 0.000000
vt 6.050037 -0.289519 0.000000
vt 6.091458 -0.321303 0.000000
vt 5.991441 -0.413206 0.000000
vt 6.123242 -0.362724 0.000000
vt 6.143222 -0.410960 0.000000
vt 6.023225 -0.454628 0.000000
vt 6.150037 -0.462724 0.000000
vt 6.043205 -0.502864 0.000000
vt 6.050020 -0.554628 0.000000
vt 6.150037 -10.300000 0.000000
vt 6.050020 -10.449710 0.000000
vt 6.150037 -10.549697 0.000000
vt 6.041501 -10.514415 0.000000
vt 6.016525 -10.574711 0.000000
vt 6.141519 -10.614402 0.000000
vt 5.976795 -10.626488 0.000000
vt 6.116543 -10.674697 0.000000
vt 6.076814 -10.726474 0.000000
vt 5.925017 -10.666217 0.000000
vt 6.025037 -10.766204 0.000000
vt 5.964742 -10.791179 0.000000
vt 5.864721 -10.691192 0.000000
vt 5.900037 -10.799697 0.000000
vt 5.800016 -10.699710 0.000000
vt 5.500037 -10.799697 0.000000
vt 5.400043 -10.699703 0.000000
vt 5.435332 -10.808216 0.000000
vt 5.335338 -10.708222 0.000000
vt 5.375037 -10.833191 0.000000
vt 5.275043 -10.733197 0.000000
vt 5.223267 -10.772927 0.000000
vt 5.323260 -10.872921 0.000000
vt 5.183537 -10.824704 0.000000
vt 5.158562 -10.884999 0.000000
vt 5.283531 -10.924697 0.000000
vt 5.150044 -10.949703 0.000000
vt 5.258556 -10.984993 0.000000
vt 5.250037 -11.049697 0.000000
vt 5.150044 -11.549928 0.000000
vt 5.250037 -11.649904 0.000000
vt 5.141525 -11.614633 0.000000
vt 5.116550 -11.674928 0.000000
vt 5.241518 -11.714609 0.000000
vt 5.076821 -11.726705 0.000000
vt 5.216543 -11.774904 0.000000
vt 5.176814 -11.826681 0.000000
vt 5.025044 -11.766435 0.000000
vt 5.125037 -11.866411 0.000000
vt 5.064742 -11.891386 0.000000
vt 4.964749 -11.791410 0.000000
vt 5.000037 -11.899904 0.000000
vt 4.900044 -11.799928 0.000000
vt -4.526159 -11.899904 0.000000
vt -4.429469 -11.799928 0.000000
vt -4.462272 -11.796298 0.000000
vt -4.493487 -11.785581 0.000000
vt -4.560281 -11.895972 0.000000
vt -4.592615 -11.884380 0.000000
vt -4.621463 -11.865737 0.000000
vt -4.645314 -11.841020 0.000000
vt -4.521603 -11.768298 0.000000
vt -4.545259 -11.745284 0.000000
vt -5.216911 -11.093519 0.000000
vt -5.163889 -10.994081 0.000000
vt -5.241098 -11.067157 0.000000
vt -5.269594 -11.045526 0.000000
vt -5.187185 -10.970175 0.000000
vt -5.301488 -11.029318 0.000000
vt -5.214131 -10.950477 0.000000
vt -5.243979 -10.935534 0.000000
vt -6.087186 -10.714944 0.000000
vt -6.049965 -10.613043 0.000000
vt -6.108030 -10.703567 0.000000
vt -6.125605 -10.687595 0.000000
vt -6.138917 -10.667930 0.000000
vt -6.147217 -10.645680 0.000000
vt -6.150037 -10.622101 0.000000
vt -6.150037 -10.400000 0.000000
vt -6.049965 -0.452725 0.000000
vt -6.149981 -0.352710 0.000000
vt -6.046558 -0.426843 0.000000
vt -6.036568 -0.402725 0.000000
vt -6.020676 -0.382014 0.000000
vt -6.146573 -0.326828 0.000000
vt -5.999965 -0.366122 0.000000
vt -6.136583 -0.302710 0.000000
vt -6.120691 -0.282000 0.000000
vt -6.099980 -0.266108 0.000000
vt -6.075862 -0.256118 0.000000
vt -6.049980 -0.252711 0.000000
vt -5.975847 -0.356132 0.000000
vt -5.949965 -0.352725 0.000000
vt -5.549305 -0.252714 0.000000
vt -5.451889 -0.352725 0.000000
vt -5.523423 -0.249306 0.000000
vt -5.426007 -0.349318 0.000000
vt -5.401889 -0.339327 0.000000
vt -5.499305 -0.239316 0.000000
vt -5.381178 -0.323436 0.000000
vt -5.365286 -0.302725 0.000000
vt -5.355296 -0.278607 0.000000
vt -5.478594 -0.223424 0.000000
vt -5.351889 -0.252725 0.000000
vt -5.462702 -0.202714 0.000000
vt -5.452712 -0.178596 0.000000
vt -5.449305 -0.152714 0.000000
vt -5.351889 0.297275 0.000000
vt -5.449305 0.197273 0.000000
vt -5.452712 0.223155 0.000000
vt -5.462702 0.247273 0.000000
vt -5.478594 0.267984 0.000000
vt -5.355296 0.323157 0.000000
vt -5.499305 0.283875 0.000000
vt -5.365286 0.347275 0.000000
vt -5.381178 0.367985 0.000000
vt -5.401889 0.383877 0.000000
vt -5.523423 0.293866 0.000000
vt -5.426007 0.393867 0.000000
vt -5.451889 0.397275 0.000000
vt -5.549305 0.297273 0.000000
vt -5.949963 0.397275 0.000000
vt -6.050037 0.297273 0.000000
vt -5.975845 0.400682 0.000000
vt -5.999963 0.410672 0.000000
vt -6.020674 0.426564 0.000000
vt -6.146630 0.371391 0.000000
vt -6.136640 0.347273 0.000000
vt -6.120748 0.326562 0.000000
vt -6.036566 0.447275 0.000000
vt -6.100037 0.310670 0.000000
vt -6.075919 0.300680 0.000000
vt -4.621463 11.865737 0.000000
vt 5.732748 11.258452 0.000000
vt 6.215926 11.258819 0.000000
vt 5.737859 11.297275 0.000000
vt 6.116025 11.500000 0.000000
vt 5.732748 11.336098 0.000000
vt 5.957107 11.707107 0.000000
vt 5.717763 11.372275 0.000000
vt 5.693925 11.403341 0.000000
vt 5.750000 11.866025 0.000000
vt 5.662859 11.427179 0.000000
vt 5.626682 11.442164 0.000000
vt 5.587859 11.447275 0.000000
vt 5.508819 11.965926 0.000000
vt 5.549036 11.442164 0.000000
vt 5.512859 11.427179 0.000000
vt 5.481793 11.403341 0.000000
vt 5.250000 12.000000 0.000000
vt 5.457955 11.372275 0.000000
vt 5.442970 11.336098 0.000000
vt 5.204807 11.090794 0.000000
vt 5.437859 11.297275 0.000000
vt 5.442970 11.258452 0.000000
vt 5.228994 11.064432 0.000000
vt 5.257490 11.042801 0.000000
vt 6.250000 11.000000 0.000000
vt 5.717763 11.222275 0.000000
vt 6.075082 10.712220 0.000000
vt 5.693925 11.191209 0.000000
vt 5.662859 11.167372 0.000000
vt 5.626682 11.152386 0.000000
vt 5.587859 11.147275 0.000000
vt 5.289384 11.026593 0.000000
vt 5.549036 11.152386 0.000000
vt 5.512859 11.167372 0.000000
vt 5.481793 11.191209 0.000000
vt 5.457955 11.222275 0.000000
vt -5.467252 -11.341548 0.000000
vt -5.262141 -11.652629 0.000000
vt -5.462141 -11.302725 0.000000
vt -5.262141 -11.052422 0.000000
vt -5.467252 -11.263902 0.000000
vt -5.482237 -11.227725 0.000000
vt -5.506075 -11.196659 0.000000
vt -5.270660 -10.987717 0.000000
vt -5.295635 -10.927422 0.000000
vt -5.482237 -11.377725 0.000000
vt -5.506075 -11.408791 0.000000
vt -5.537141 -11.432629 0.000000
vt -5.508819 -11.965926 0.000000
vt -5.573318 -11.447614 0.000000
vt -5.612141 -11.452725 0.000000
vt -5.750000 -11.866025 0.000000
vt -5.650964 -11.447614 0.000000
vt -5.687141 -11.432629 0.000000
vt -5.957107 -11.707107 0.000000
vt -5.718207 -11.408791 0.000000
vt -5.742045 -11.377725 0.000000
vt -5.757030 -11.341548 0.000000
vt -6.116025 -11.500000 0.000000
vt -5.762141 -11.302725 0.000000
vt -6.215926 -11.258819 0.000000
vt -5.757030 -11.263902 0.000000
vt -5.976846 -10.793904 0.000000
vt -5.912141 -10.802422 0.000000
vt -5.742045 -11.227725 0.000000
vt -5.718207 -11.196659 0.000000
vt -5.687141 -11.172821 0.000000
vt -5.650964 -11.157836 0.000000
vt -5.512141 -10.802422 0.000000
vt -5.612141 -11.152725 0.000000
vt -5.573318 -11.157836 0.000000
vt -5.537141 -11.172821 0.000000
vt -5.447436 -10.810941 0.000000
vt -5.387141 -10.835916 0.000000
vt -5.335364 -10.875645 0.000000
vt -5.667252 -0.038823 0.000000
vt -5.507850 -0.051945 0.000000
vt -5.662141 0.000000 0.000000
vt -5.507850 0.060000 0.000000
vt -5.667252 0.038823 0.000000
vt -5.514665 0.111764 0.000000
vt -5.534645 0.160000 0.000000
vt -5.682237 -0.075000 0.000000
vt -5.534644 -0.151946 0.000000
vt -5.514664 -0.103709 0.000000
vt -5.706075 -0.106066 0.000000
vt -5.607850 -0.225151 0.000000
vt -5.566428 -0.193367 0.000000
vt -5.737141 -0.129904 0.000000
vt -5.707850 -0.251946 0.000000
vt -5.656086 -0.245131 0.000000
vt -5.773318 -0.144889 0.000000
vt -5.812141 -0.150000 0.000000
vt -5.962141 -0.251946 0.000000
vt -5.850964 -0.144889 0.000000
vt -5.887141 -0.129904 0.000000
vt -5.918207 -0.106066 0.000000
vt -5.942045 -0.075000 0.000000
vt -6.013905 -0.258761 0.000000
vt -5.957030 -0.038823 0.000000
vt -6.062141 -0.278741 0.000000
vt -6.250000 0.000000 0.000000
vt -6.103562 -0.310524 0.000000
vt -6.135346 -0.351946 0.000000
vt -6.155326 -0.400182 0.000000
vt -6.162141 -0.451946 0.000000
vt -6.250000 -11.000000 0.000000
vt -6.162141 -10.552422 0.000000
vt -6.153622 -10.617127 0.000000
vt -6.128647 -10.677422 0.000000
vt -6.088918 -10.729199 0.000000
vt -6.037141 -10.768928 0.000000
vt -5.962141 0.000000 0.000000
vt -5.957030 0.038823 0.000000
vt -6.062141 0.286794 0.000000
vt -6.013905 0.266814 0.000000
vt -5.942045 0.075000 0.000000
vt -5.962141 0.259999 0.000000
vt -5.918207 0.106066 0.000000
vt -5.887141 0.129904 0.000000
vt -5.850964 0.144889 0.000000
vt -5.812141 0.150000 0.000000
vt -5.707850 0.259999 0.000000
vt -5.773318 0.144889 0.000000
vt -5.737141 0.129904 0.000000
vt -5.706075 0.106066 0.000000
vt -5.656086 0.253185 0.000000
vt -5.607850 0.233205 0.000000
vt -5.682237 0.075000 0.000000
vt -5.566429 0.201421 0.000000
vt -5.467252 11.258453 0.000000
vt -5.262141 11.046973 0.000000
vt -5.462141 11.297275 0.000000
vt -5.262141 11.647180 0.000000
vt -5.467252 11.336098 0.000000
vt -5.482237 11.372275 0.000000
vt -5.506075 11.403341 0.000000
vt -5.537141 11.427179 0.000000
vt -5.508819 11.965926 0.000000
vt -5.573318 11.442164 0.000000
vt -5.612141 11.447275 0.000000
vt -5.750000 11.866025 0.000000
vt -5.650964 11.442164 0.000000
vt -5.687141 11.427179 0.000000
vt -5.957107 11.707107 0.000000
vt -5.718207 11.403341 0.000000
vt -5.742045 11.372275 0.000000
vt -5.757030 11.336098 0.000000
vt -6.116025 11.500000 0.000000
vt -5.762141 11.297275 0.000000
vt -6.215926 11.258819 0.000000
vt -5.757030 11.258453 0.000000
vt -5.976846 10.788454 0.000000
vt -5.912141 10.796973 0.000000
vt -5.482237 11.222275 0.000000
vt -5.506075 11.191209 0.000000
vt -5.270660 10.982268 0.000000
vt -5.295635 10.921973 0.000000
vt -5.335364 10.870196 0.000000
vt -5.387141 10.830466 0.000000
vt -5.537141 11.167372 0.000000
vt -5.447436 10.805491 0.000000
vt -5.512141 10.796973 0.000000
vt -5.573318 11.152387 0.000000
vt -5.612141 11.147275 0.000000
vt -5.650964 11.152387 0.000000
vt -5.687141 11.167372 0.000000
vt -5.718207 11.191209 0.000000
vt -5.742045 11.222275 0.000000
vt 5.732748 -11.341548 0.000000
vt 6.116025 -11.500000 0.000000
vt 5.737859 -11.302725 0.000000
vt 6.215926 -11.258819 0.000000
vt 5.732748 -11.263902 0.000000
vt 5.717763 -11.227725 0.000000
vt 6.250000 -11.000000 0.000000
vt 6.075082 -10.717669 0.000000
vt 6.095926 -10.706292 0.000000
vt 6.113501 -10.690320 0.000000
vt 6.126813 -10.670655 0.000000
vt 6.135113 -10.648405 0.000000
vt 6.137933 -10.624825 0.000000
vt 6.137933 -0.399997 0.000000
vt 6.250000 0.000000 0.000000
vt 6.134526 -0.374116 0.000000
vt 6.124536 -0.349997 0.000000
vt 6.108644 -0.329287 0.000000
vt 6.087933 -0.313395 0.000000
vt 6.063815 -0.303405 0.000000
vt 6.037933 -0.299997 0.000000
vt 5.882748 -0.041548 0.000000
vt 5.867763 -0.077725 0.000000
vt 5.957107 -11.707107 0.000000
vt 5.717763 -11.377725 0.000000
vt 5.693925 -11.408791 0.000000
vt 5.750000 -11.866025 0.000000
vt 5.662859 -11.432629 0.000000
vt 5.626682 -11.447614 0.000000
vt 5.587859 -11.452725 0.000000
vt 5.508819 -11.965926 0.000000
vt 5.549036 -11.447614 0.000000
vt 5.512859 -11.432629 0.000000
vt 5.481793 -11.408791 0.000000
vt 5.250000 -12.000000 0.000000
vt 5.457955 -11.377725 0.000000
vt 5.442970 -11.341548 0.000000
vt 5.204807 -11.096243 0.000000
vt 5.437859 -11.302725 0.000000
vt 5.442970 -11.263902 0.000000
vt 5.457955 -11.227725 0.000000
vt 5.289384 -11.032043 0.000000
vt 5.257490 -11.048251 0.000000
vt 5.228994 -11.069882 0.000000
vt 5.481793 -11.196659 0.000000
vt 5.512859 -11.172821 0.000000
vt 5.549036 -11.157836 0.000000
vt 5.587859 -11.152725 0.000000
vt 5.626682 -11.157836 0.000000
vt 5.662859 -11.172821 0.000000
vt 5.693925 -11.196659 0.000000
vt 5.887859 -0.002725 0.000000
vt 6.037876 0.249986 0.000000
vt 5.882748 0.036098 0.000000
vt 5.867763 0.072275 0.000000
vt 5.843925 0.103341 0.000000
vt 5.812859 0.127179 0.000000
vt 5.776682 0.142164 0.000000
vt 5.737859 0.147275 0.000000
vt 5.537201 0.249989 0.000000
vt 5.699036 0.142164 0.000000
vt 5.662859 0.127179 0.000000
vt 5.631793 0.103341 0.000000
vt 5.607955 0.072275 0.000000
vt 5.511319 0.246582 0.000000
vt 5.487201 0.236592 0.000000
vt 5.843925 -0.108791 0.000000
vt 5.812859 -0.132629 0.000000
vt 5.776682 -0.147614 0.000000
vt 5.737859 -0.152725 0.000000
vt 5.537201 -0.299998 0.000000
vt 5.699036 -0.147614 0.000000
vt 5.662859 -0.132629 0.000000
vt 5.631793 -0.108791 0.000000
vt 5.607955 -0.077725 0.000000
vt 5.511319 -0.296590 0.000000
vt 5.437201 -0.199998 0.000000
vt 5.487201 -0.286600 0.000000
vt 5.466490 -0.270708 0.000000
vt 5.450598 -0.249998 0.000000
vt 5.440608 -0.225880 0.000000
vt 5.592970 -0.041548 0.000000
vt 5.587859 -0.002725 0.000000
vt 5.437201 0.149989 0.000000
vt 5.592970 0.036098 0.000000
vt -5.228647 11.772180 0.000000
vt -5.250000 12.000000 0.000000
vt -5.188918 11.823956 0.000000
vt -5.137141 11.863686 0.000000
vt -6.250000 11.000000 0.000000
vt -6.037141 10.763479 0.000000
vt -6.088918 10.723749 0.000000
vt -6.128647 10.671973 0.000000
vt -6.153622 10.611677 0.000000
vt -6.162141 10.546973 0.000000
vt -6.162141 10.297275 0.000000
vt -6.162141 0.459999 0.000000
vt -6.155326 0.408236 0.000000
vt -6.135346 0.359999 0.000000
vt -6.103562 0.318578 0.000000
vt -5.250000 -12.000000 0.000000
vt -5.228647 -11.777629 0.000000
vt -5.253622 -11.717334 0.000000
vt 4.514055 -11.902629 0.000000
vt -5.012141 -11.902629 0.000000
vt -5.076846 -11.894111 0.000000
vt 6.137933 10.397275 0.000000
vt 6.137877 0.349986 0.000000
vt 6.134469 0.324104 0.000000
vt 4.514055 11.897180 0.000000
vt 4.548177 11.893247 0.000000
vt 4.580511 11.881655 0.000000
vt 4.633210 -11.843744 0.000000
vt 4.609359 -11.868461 0.000000
vt 4.580511 -11.887105 0.000000
vt 4.548177 -11.898696 0.000000
vt -5.137141 -11.869135 0.000000
vt -5.188918 -11.829406 0.000000
vt -5.253622 11.711884 0.000000
vt -5.076846 11.888661 0.000000
vt -5.012141 11.897180 0.000000
vt 4.609359 11.863012 0.000000
vt 4.633210 11.838295 0.000000
vt 6.095926 10.700842 0.000000
vt 6.113501 10.684870 0.000000
vt 6.126813 10.665205 0.000000
vt 6.135113 10.642955 0.000000
vt 6.137933 10.619376 0.000000
vt 6.124479 0.299986 0.000000
vt 6.108587 0.279275 0.000000
vt 6.087876 0.263383 0.000000
vt 6.063758 0.253393 0.000000
vt 5.466490 0.220700 0.000000
vt 5.450598 0.199989 0.000000
vt 5.440608 0.175871 0.000000
vt -0.000000 0.000000 0.000000
vt 0.350000 0.000000 0.000000
vt -0.000000 1.200000 0.000000
vt 0.350000 1.200000 0.000000
vt 0.000000 0.000000 0.000000
vt 0.662141 0.000000 0.000000
vt 0.000000 1.200000 0.000000
vt 0.662141 1.200000 0.000000
vt -10.159922 1.200000 0.000000
vt -9.262141 0.340000 0.000000
vt -9.762141 1.200000 0.000000
vt -9.262141 1.240000 0.000000
vt -9.762141 1.240000 0.000000
vt -10.159922 -0.000000 0.000000
vt -8.862141 0.340000 0.000000
vt -0.931902 -0.000000 0.000000
vt -1.462141 1.200000 0.000000
vt -0.962141 1.200000 0.000000
vt -1.462141 1.240000 0.000000
vt -0.962141 1.240000 0.000000
vt -0.931902 1.200000 0.000000
vt -8.862141 1.200000 0.000000
vt 0.000000 0.000000 0.000000
vt 0.319550 0.000000 0.000000
vt 0.000000 1.200000 0.000000
vt 0.319550 1.200000 0.000000
vt 0.000000 0.000000 0.000000
vt 0.005451 0.000000 0.000000
vt 0.000000 1.200000 0.000000
vt 0.005451 1.200000 0.000000
vt -0.402725 1.200000 0.000000
vt -10.500000 1.200000 0.000000
vt -0.402725 -0.000000 0.000000
vt -10.500000 -0.000000 0.000000
vt -0.300000 0.340000 0.000000
vt 1.010000 0.340000 0.000000
vt -0.300000 1.200000 0.000000
vt 1.010000 1.200000 0.000000
vt 0.000000 0.000000 0.000000
vt 0.539848 0.000000 0.000000
vt 0.000000 1.200000 0.000000
vt 0.539848 1.200000 0.000000
vt 0.000000 0.000000 0.000000
vt 0.539848 0.000000 0.000000
vt 0.000000 1.200000 0.000000
vt 0.539848 1.200000 0.000000
vt -1.200000 0.000000 0.000000
vt -0.000000 0.000000 0.000000
vt -1.200000 0.052360 0.000000
vt 0.000000 0.052360 0.000000
vt -1.200000 0.104720 0.000000
vt 0.000000 0.104720 0.000000
vt -1.200000 0.157080 0.000000
vt 0.000000 0.157080 0.000000
vt -1.200000 0.209440 0.000000
vt 0.000000 0.209440 0.000000
vt -1.200000 0.261799 0.000000
vt 0.000000 0.261799 0.000000
vt -1.200000 0.314159 0.000000
vt -0.000000 0.314159 0.000000
vt 0.000000 0.000000 0.000000
vt 0.643462 0.000000 0.000000
vt 0.000000 1.200000 0.000000
vt 0.643462 1.200000 0.000000
vt -1.200000 0.000000 0.000000
vt -0.000000 0.000000 0.000000
vt -1.200000 0.052360 0.000000
vt 0.000000 0.052360 0.000000
vt -1.200000 0.104720 0.000000
vt 0.000000 0.104720 0.000000
vt -1.200000 0.157080 0.000000
vt 0.000000 0.157080 0.000000
vt -1.200000 0.209440 0.000000
vt 0.000000 0.209440 0.000000
vt -1.200000 0.261799 0.000000
vt 0.000000 0.261799 0.000000
vt -1.200000 0.314159 0.000000
vt -0.000000 0.314159 0.000000
vt -10.456538 -0.000000 0.000000
vt -0.497275 -0.000000 0.000000
vt -10.456538 1.200000 0.000000
vt -0.497275 1.200000 0.000000
vt 0.000000 0.000000 0.000000
vt 0.740078 0.000000 0.000000
vt 0.000000 1.200000 0.000000
vt 0.740078 1.200000 0.000000
vt -1.200000 0.000000 0.000000
vt -0.000000 0.000000 0.000000
vt -1.200000 0.078540 0.000000
vt 0.000000 0.078540 0.000000
vt -1.200000 0.157080 0.000000
vt 0.000000 0.157080 0.000000
vt -1.200000 0.235619 0.000000
vt 0.000000 0.235619 0.000000
vt -1.200000 0.314159 0.000000
vt 0.000000 0.314159 0.000000
vt -1.200000 0.392699 0.000000
vt 0.000000 0.392699 0.000000
vt -1.200000 0.471239 0.000000
vt -0.000000 0.471239 0.000000
vt 0.000000 0.000000 0.000000
vt 0.897275 0.000000 0.000000
vt 0.000000 1.200000 0.000000
vt 0.897275 1.200000 0.000000
vt -11.500000 1.200000 0.000000
vt -21.497275 1.200000 0.000000
vt -11.500000 -0.000000 0.000000
vt -21.497275 -0.000000 0.000000
vt -0.000000 1.200000 0.000000
vt 0.662141 0.860000 0.000000
vt 0.962141 1.200000 0.000000
vt 0.862141 0.860000 0.000000
vt 0.888023 0.856593 0.000000
vt -0.000000 0.000000 0.000000
vt 0.662141 0.000000 0.000000
vt 0.912141 0.846603 0.000000
vt 0.932852 0.830711 0.000000
vt 0.948743 0.810000 0.000000
vt 0.958734 0.785882 0.000000
vt 0.962141 0.760000 0.000000
vt 0.000000 0.000000 0.000000
vt 0.662141 0.000000 0.000000
vt 0.000000 1.200000 0.000000
vt 0.662141 1.200000 0.000000
vt -21.602725 -0.000000 0.000000
vt -11.535077 -0.000000 0.000000
vt -21.602725 1.200000 0.000000
vt -11.535077 1.200000 0.000000
vt -0.000000 0.000000 0.000000
vt 0.902725 0.000000 0.000000
vt -0.000000 1.200000 0.000000
vt 0.902725 1.200000 0.000000
vt -1.200000 0.000000 0.000000
vt -0.000000 0.000000 0.000000
vt -1.200000 0.078540 0.000000
vt 0.000000 0.078540 0.000000
vt -1.200000 0.157080 0.000000
vt 0.000000 0.157080 0.000000
vt -1.200000 0.235619 0.000000
vt 0.000000 0.235619 0.000000
vt -1.200000 0.314159 0.000000
vt 0.000000 0.314159 0.000000
vt -1.200000 0.392699 0.000000
vt 0.000000 0.392699 0.000000
vt -1.200000 0.471239 0.000000
vt -0.000000 0.471239 0.000000
vt 0.000000 0.000000 0.000000
vt 0.740078 0.000000 0.000000
vt 0.000000 1.200000 0.000000
vt 0.740078 1.200000 0.000000
vt 1.285956 0.141421 0.000000
vt -5.614044 0.141421 0.000000
vt 1.085956 -0.141421 0.000000
vt -5.414044 -0.141421 0.000000
vt -0.141421 0.704605 0.000000
vt 0.141421 0.504605 0.000000
vt -0.141421 9.304605 0.000000
vt 0.141421 9.504605 0.000000
vt -2.364044 -0.141421 0.000000
vt 4.535956 -0.141421 0.000000
vt -2.164044 0.141421 0.000000
vt 4.335956 0.141421 0.000000
vt -0.141421 5.204605 0.000000
vt -0.141421 -3.795395 0.000000
vt 0.141421 5.004605 0.000000
vt 0.141421 -3.595395 0.000000
vt -0.000000 1.300000 0.000000
vt -8.600000 1.300000 0.000000
vt -0.000000 1.200000 0.000000
vt -8.600000 1.200000 0.000000
vt -0.000000 1.300000 0.000000
vt -6.500000 1.300000 0.000000
vt -0.000000 1.200000 0.000000
vt -6.500000 1.200000 0.000000
vt -4.528089 -10.190789 0.000000
vt -5.250000 -12.000000 0.000000
vt 2.371911 -10.190789 0.000000
vt 5.250000 -12.000000 0.000000
vt 4.414641 -9.838490 0.000000
vt 4.606380 -9.917911 0.000000
vt 4.812141 -9.945000 0.000000
vt 5.017902 -9.917911 0.000000
vt 5.508819 -11.965926 0.000000
vt 5.209641 -9.838490 0.000000
vt 5.750000 -11.866025 0.000000
vt 5.957107 -11.707107 0.000000
vt -4.528089 -1.190789 0.000000
vt -6.250000 -11.000000 0.000000
vt -5.750000 -11.866025 0.000000
vt -5.508819 -11.965926 0.000000
vt 2.371911 -1.190789 0.000000
vt -4.528089 1.209211 0.000000
vt -6.250000 0.000000 0.000000
vt 4.123651 -8.752500 0.000000
vt 4.249991 -8.587850 0.000000
vt 4.414641 -8.461510 0.000000
vt 5.580052 9.355761 0.000000
vt 5.607141 9.150000 0.000000
vt 6.250000 11.000000 0.000000
vt 5.580052 8.944239 0.000000
vt 6.250000 0.000000 0.000000
vt 5.500631 8.752500 0.000000
vt 5.374291 8.587850 0.000000
vt 5.209641 8.461510 0.000000
vt 5.017902 8.382089 0.000000
vt 4.812141 8.355000 0.000000
vt 2.371911 1.209211 0.000000
vt 4.606380 8.382089 0.000000
vt 4.414641 8.461510 0.000000
vt 4.249991 8.587850 0.000000
vt 4.123651 8.752500 0.000000
vt 2.371911 10.209211 0.000000
vt 4.044230 8.944239 0.000000
vt 4.017141 9.150000 0.000000
vt 4.044230 9.355761 0.000000
vt 4.123651 9.547500 0.000000
vt 4.249991 9.712150 0.000000
vt 4.414641 9.838490 0.000000
vt 5.250000 12.000000 0.000000
vt -5.250000 12.000000 0.000000
vt 4.606380 9.917911 0.000000
vt 4.812141 9.945000 0.000000
vt 5.017902 9.917911 0.000000
vt 5.508819 11.965926 0.000000
vt 5.209641 9.838490 0.000000
vt 5.750000 11.866025 0.000000
vt 5.957107 11.707107 0.000000
vt 6.116025 11.500000 0.000000
vt 6.215926 11.258819 0.000000
vt 5.374291 9.712150 0.000000
vt 5.500631 9.547500 0.000000
vt 5.580052 -8.944239 0.000000
vt 5.607141 -9.150000 0.000000
vt 6.250000 -11.000000 0.000000
vt 5.580052 -9.355761 0.000000
vt 5.500631 -9.547500 0.000000
vt 5.374291 -9.712150 0.000000
vt 6.215926 -11.258819 0.000000
vt 6.116025 -11.500000 0.000000
vt 4.249991 -9.712150 0.000000
vt 4.123651 -9.547500 0.000000
vt 4.044230 -9.355761 0.000000
vt 4.017141 -9.150000 0.000000
vt 4.044230 -8.944239 0.000000
vt 4.606380 -8.382089 0.000000
vt 4.812141 -8.355000 0.000000
vt 5.017902 -8.382089 0.000000
vt 5.209641 -8.461510 0.000000
vt 5.374291 -8.587850 0.000000
vt 5.500631 -8.752500 0.000000
vt -4.528089 10.209211 0.000000
vt -5.508819 11.965926 0.000000
vt -5.750000 11.866025 0.000000
vt -6.250000 11.000000 0.000000
vt -5.957107 11.707107 0.000000
vt -6.116025 11.500000 0.000000
vt -6.215926 11.258819 0.000000
vt -6.215926 -11.258819 0.000000
vt -6.116025 -11.500000 0.000000
vt -5.957107 -11.707107 0.000000
vt 1.285956 0.141421 0.000000
vt -5.614044 0.141421 0.000000
vt 1.085956 -0.141421 0.000000
vt -5.414044 -0.141421 0.000000
vt 4.335956 0.141421 0.000000
vt -2.164044 0.141421 0.000000
vt 4.535956 -0.141421 0.000000
vt -2.364044 -0.141421 0.000000
vt -0.141421 -0.495395 0.000000
vt -0.141421 -9.495395 0.000000
vt 0.141421 -0.695395 0.000000
vt 0.141421 -9.295395 0.000000
vt 0.141421 3.804605 0.000000
vt -0.141421 3.604605 0.000000
vt 0.141421 -5.195395 0.000000
vt -0.141421 -4.995395 0.000000
vt -0.000000 1.300000 0.000000
vt -8.600000 1.300000 0.000000
vt -0.000000 1.200000 0.000000
vt -8.600000 1.200000 0.000000
vt -0.000000 1.300000 0.000000
vt -6.500000 1.300000 0.000000
vt -0.000000 1.200000 0.000000
vt -6.500000 1.200000 0.000000
vt -1.100000 0.340000 0.000000
vt -0.672497 0.340000 0.000000
vt -1.100000 1.200000 0.000000
vt -0.000000 1.200000 0.000000
vt 0.000000 0.000000 0.000000
vt -0.672497 0.000000 0.000000
vt 1.200000 -0.777012 0.000000
vt 1.500000 -0.624392 0.000000
vt 1.200000 -0.568881 0.000000
vt 1.500000 -0.416261 0.000000
vt 1.200000 -0.360751 0.000000
vt 1.500000 -0.208131 0.000000
vt 1.200000 -0.152620 0.000000
vt 1.500000 0.000000 0.000000
vt 1.200000 0.055510 0.000000
vt 1.500000 0.208131 0.000000
vt 1.200000 0.263641 0.000000
vt 1.500000 0.416261 0.000000
vt 1.200000 0.471771 0.000000
vt 1.500000 0.624392 0.000000
vt 1.200000 0.679902 0.000000
vt 1.500000 0.832522 0.000000
vt 1.200000 0.888032 0.000000
vt 1.500000 1.040653 0.000000
vt 1.200000 1.096163 0.000000
vt 1.500000 1.248783 0.000000
vt 1.200000 1.304294 0.000000
vt 1.500000 1.456914 0.000000
vt 1.200000 1.512424 0.000000
vt 1.500000 1.665044 0.000000
vt 1.200000 1.720555 0.000000
vt 1.500000 1.873175 0.000000
vt 1.200000 1.928685 0.000000
vt 1.500000 2.081305 0.000000
vt 1.200000 2.136816 0.000000
vt 1.500000 2.289436 0.000000
vt 1.200000 2.344946 0.000000
vt 1.500000 2.497566 0.000000
vt 1.200000 2.553077 0.000000
vt 1.200000 -2.442056 0.000000
vt 1.500000 -2.497566 0.000000
vt 1.500000 -2.289436 0.000000
vt 1.200000 -2.233925 0.000000
vt 1.500000 -2.081305 0.000000
vt 1.200000 -2.025795 0.000000
vt 1.500000 -1.873175 0.000000
vt 1.200000 -1.817664 0.000000
vt 1.500000 -1.665044 0.000000
vt 1.200000 -1.609534 0.000000
vt 1.500000 -1.456914 0.000000
vt 1.200000 -1.401403 0.000000
vt 1.500000 -1.248783 0.000000
vt 1.200000 -1.193273 0.000000
vt 1.500000 -1.040653 0.000000
vt 1.200000 -0.985142 0.000000
vt 1.500000 -0.832522 0.000000
vt -0.000000 1.300000 0.000000
vt -6.500000 1.300000 0.000000
vt -0.000000 1.200000 0.000000
vt -6.500000 1.200000 0.000000
vt -0.000000 1.300000 0.000000
vt -8.600000 1.300000 0.000000
vt -0.000000 1.200000 0.000000
vt -8.600000 1.200000 0.000000
vt -0.000000 1.300000 0.000000
vt -8.600000 1.300000 0.000000
vt -0.000000 1.200000 0.000000
vt -8.600000 1.200000 0.000000
vt -0.000000 1.300000 0.000000
vt -6.500000 1.300000 0.000000
vt -0.000000 1.200000 0.000000
vt -6.500000 1.200000 0.000000
vt 1.200000 -0.297340 0.000000
vt 1.500000 -0.208131 0.000000
vt 1.200000 -0.089210 0.000000
vt 1.500000 0.000000 0.000000
vt 1.200000 0.118921 0.000000
vt 1.500000 0.208131 0.000000
vt 1.200000 0.327051 0.000000
vt 1.500000 0.416261 0.000000
vt 1.200000 0.535182 0.000000
vt 1.500000 0.624392 0.000000
vt 1.200000 0.743312 0.000000
vt 1.500000 0.832522 0.000000
vt 1.200000 0.951443 0.000000
vt 1.500000 1.040653 0.000000
vt 1.200000 1.159574 0.000000
vt 1.500000 1.248783 0.000000
vt 1.200000 1.367704 0.000000
vt 1.500000 1.456914 0.000000
vt 1.200000 1.575835 0.000000
vt 1.500000 1.665044 0.000000
vt 1.200000 1.783965 0.000000
vt 1.500000 1.873175 0.000000
vt 1.200000 1.992096 0.000000
vt 1.500000 2.081305 0.000000
vt 1.200000 2.200226 0.000000
vt 1.500000 2.289436 0.000000
vt 1.200000 2.408357 0.000000
vt 1.500000 2.497566 0.000000
vt 1.200000 2.616487 0.000000
vt 1.200000 -2.378645 0.000000
vt 1.500000 -2.497566 0.000000
vt 1.500000 -2.289436 0.000000
vt 1.200000 -2.170515 0.000000
vt 1.500000 -2.081305 0.000000
vt 1.200000 -1.962384 0.000000
vt 1.500000 -1.873175 0.000000
vt 1.200000 -1.754254 0.000000
vt 1.500000 -1.665044 0.000000
vt 1.200000 -1.546123 0.000000
vt 1.500000 -1.456914 0.000000
vt 1.200000 -1.337993 0.000000
vt 1.500000 -1.248783 0.000000
vt 1.200000 -1.129862 0.000000
vt 1.500000 -1.040653 0.000000
vt 1.200000 -0.921732 0.000000
vt 1.500000 -0.832522 0.000000
vt 1.200000 -0.713601 0.000000
vt 1.500000 -0.624392 0.000000
vt 1.200000 -0.505471 0.000000
vt 1.500000 -0.416261 0.000000
vt 0.000000 0.000000 0.000000
vt 11.000000 0.000000 0.000000
vt -0.000000 1.500000 0.000000
vt 11.000000 1.500000 0.000000
vt 22.000000 0.000000 0.000000
vt 22.000000 1.500000 0.000000
vt -1.500000 -1.570796 0.000000
vt -0.000000 -1.570796 0.000000
vt -1.500000 -1.308997 0.000000
vt 0.000000 -1.308997 0.000000
vt -1.500000 -1.047198 0.000000
vt -0.000000 -1.047198 0.000000
vt -1.500000 -0.785398 0.000000
vt 0.000000 -0.785398 0.000000
vt -1.500000 -0.523599 0.000000
vt 0.000000 -0.523599 0.000000
vt -1.500000 -0.261799 0.000000
vt 0.000000 -0.261799 0.000000
vt -1.500000 -0.000000 0.000000
vt -0.000000 0.000000 0.000000
vt 0.000000 0.000000 0.000000
vt 10.500000 0.000000 0.000000
vt -0.000000 1.500000 0.000000
vt 10.500000 1.500000 0.000000
vt -1.500000 -1.570796 0.000000
vt -0.000000 -1.570796 0.000000
vt -1.500000 -1.308997 0.000000
vt -0.000000 -1.308997 0.000000
vt -1.500000 -1.047198 0.000000
vt -0.000000 -1.047198 0.000000
vt -1.500000 -0.785398 0.000000
vt -0.000000 -0.785398 0.000000
vt -1.500000 -0.523599 0.000000
vt -0.000000 -0.523599 0.000000
vt -1.500000 -0.261799 0.000000
vt -0.000000 -0.261799 0.000000
vt -1.500000 0.000000 0.000000
vt -0.000000 0.000000 0.000000
vt 0.000000 0.000000 0.000000
vt 11.000000 0.000000 0.000000
vt 0.000000 1.500000 0.000000
vt 11.000000 1.500000 0.000000
vt 22.000000 0.000000 0.000000
vt 22.000000 1.500000 0.000000
vt -1.500000 -1.570796 0.000000
vt -0.000000 -1.570796 0.000000
vt -1.500000 -1.308997 0.000000
vt -0.000000 -1.308997 0.000000
vt -1.500000 -1.047198 0.000000
vt -0.000000 -1.047198 0.000000
vt -1.500000 -0.785398 0.000000
vt -0.000000 -0.785398 0.000000
vt -1.500000 -0.523599 0.000000
vt -0.000000 -0.523599 0.000000
vt -1.500000 -0.261799 0.000000
vt -0.000000 -0.261799 0.000000
vt -1.500000 0.000000 0.000000
vt -0.000000 0.000000 0.000000
vt 0.000000 0.000000 0.000000
vt 10.500000 0.000000 0.000000
vt 0.000000 1.500000 0.000000
vt 10.500000 1.500000 0.000000
vt -1.500000 -1.570796 0.000000
vt -0.000000 -1.570796 0.000000
vt -1.500000 -1.308997 0.000000
vt -0.000000 -1.308997 0.000000
vt -1.500000 -1.047198 0.000000
vt -0.000000 -1.047198 0.000000
vt -1.500000 -0.785398 0.000000
vt -0.000000 -0.785398 0.000000
vt -1.500000 -0.523599 0.000000
vt -0.000000 -0.523599 0.000000
vt -1.500000 -0.261799 0.000000
vt -0.000000 -0.261799 0.000000
vt -1.500000 0.000000 0.000000
vt -0.000000 0.000000 0.000000
vn 0.000000 -1.000000 -0.000000
vn 0.000000 -1.000000 -0.000000
vn 0.000000 -0.965926 0.258819
vn 0.000000 -0.965926 0.258819
vn 0.000000 -0.866025 0.500000
vn 0.000000 -0.866025 0.500000
vn 0.000000 -0.707107 0.707107
vn 0.000000 -0.707107 0.707107
vn 0.000000 -0.500000 0.866025
vn 0.000000 -0.500000 0.866025
vn 0.000000 -0.258819 0.965926
vn 0.000000 -0.258819 0.965926
vn -0.000000 0.000000 1.000000
vn -0.000000 0.000000 1.000000
vn -1.000000 0.000000 -0.000000
vn -1.000000 0.000000 -0.000000
vn -0.965926 -0.000000 0.258819
vn -0.965926 -0.000000 0.258819
vn -0.866025 -0.000000 0.500000
vn -0.866025 -0.000000 0.500000
vn -0.707107 -0.000000 0.707107
vn -0.707107 -0.000000 0.707107
vn -0.500000 -0.000000 0.866025
vn -0.500000 -0.000000 0.866025
vn -0.258819 -0.000000 0.965926
vn -0.258819 -0.000000 0.965926
vn -0.000000 -0.000000 1.000000
vn -0.258819 -0.000000 0.965926
vn -0.500000 -0.000000 0.866025
vn -0.707107 -0.000000 0.707107
vn -0.866025 -0.000000 0.500000
vn -0.965926 -0.000000 0.258819
vn -0.153913 -0.185744 0.970469
vn -0.388644 -0.084530 0.917502
vn -0.459042 -0.310406 0.832423
vn -0.666568 -0.201121 0.717801
vn -0.495400 -0.518881 0.696665
vn -0.702554 -0.407464 0.583430
vn -0.495400 -0.696665 0.518881
vn -0.702554 -0.583430 0.407464
vn -0.459042 -0.832423 0.310406
vn -0.666568 -0.717801 0.201121
vn -0.500000 -0.866025 0.000000
vn -0.707107 -0.707107 0.000000
vn -0.828668 -0.554261 0.078131
vn -0.866025 -0.500000 0.000000
vn -0.861830 -0.430436 0.268280
vn -0.962374 -0.248108 0.110813
vn -0.962374 -0.110813 0.248108
vn -0.861830 -0.268280 0.430436
vn -0.828668 -0.078131 0.554261
vn -0.965926 -0.258819 0.000000
vn -0.388644 -0.917502 0.084530
vn -0.258819 -0.965926 0.000000
vn -0.153913 -0.970469 0.185744
vn -0.220233 -0.890318 0.398536
vn -0.254486 -0.762422 0.594936
vn -0.254486 -0.594936 0.762422
vn -0.220233 -0.398536 0.890318
vn 1.000000 -0.000000 0.000000
vn 1.000000 -0.000000 0.000000
vn 1.000000 -0.000000 0.000000
vn 1.000000 -0.000000 0.000000
vn 1.000000 -0.000000 0.000000
vn 1.000000 -0.000000 0.000000
vn 1.000000 -0.000000 0.000000
vn 1.000000 -0.000000 0.000000
vn 1.000000 -0.000000 0.000000
vn 1.000000 -0.000000 0.000000
vn 1.000000 -0.000000 0.000000
vn 1.000000 -0.000000 0.000000
vn 0.000000 -1.000000 -0.000000
vn 0.000000 -1.000000 -0.000000
vn -0.258819 -0.965926 -0.000000
vn -0.500000 -0.866025 -0.000000
vn -0.707107 -0.707107 -0.000000
vn -0.866025 -0.500000 -0.000000
vn -0.965926 -0.258819 -0.000000
vn -1.000000 0.000000 -0.000000
vn -0.965926 -0.258819 -0.000000
vn -0.866025 -0.500000 -0.000000
vn -0.707107 -0.707107 -0.000000
vn -0.500000 -0.866025 -0.000000
vn -0.258819 -0.965926 -0.000000
vn -1.000000 0.000000 -0.000000
vn -1.000000 0.000000 -0.000000
vn -1.000000 0.000000 -0.000000
vn -1.000000 0.000000 -0.000000
vn -1.000000 0.000000 -0.000000
vn -1.000000 0.000000 -0.000000
vn -1.000000 0.000000 -0.000000
vn -1.000000 0.000000 -0.000000
vn -1.000000 0.000000 -0.000000
vn -1.000000 0.000000 -0.000000
vn -1.000000 0.000000 -0.000000
vn 0.000000 0.000000 1.000000
vn 0.000000 0.000000 1.000000
vn -0.000000 -0.258819 0.965926
vn -0.000000 -0.258819 0.965926
vn -0.000000 -0.500000 0.866025
vn -0.000000 -0.500000 0.866025
vn -0.000000 -0.707107 0.707107
vn -0.000000 -0.707107 0.707107
vn -0.000000 -0.866025 0.500000
vn -0.000000 -0.866025 0.500000
vn -0.000000 -0.965926 0.258819
vn -0.000000 -0.965926 0.258819
vn -0.000000 -1.000000 -0.000000
vn -0.000000 -1.000000 -0.000000
vn -0.000000 -0.965926 0.258819
vn -0.000000 -0.866025 0.500000
vn -0.000000 -0.707107 0.707107
vn -0.000000 -0.500000 0.866025
vn -0.000000 -0.258819 0.965926
vn -1.000000 -0.000000 0.000000
vn -1.000000 -0.000000 0.000000
vn -0.965926 -0.000000 0.258819
vn -0.965926 -0.000000 0.258819
vn -0.866025 -0.000000 0.500000
vn -0.866025 -0.000000 0.500000
vn -0.707107 -0.000000 0.707107
vn -0.707107 -0.000000 0.707107
vn -0.500000 -0.000000 0.866025
vn -0.500000 -0.000000 0.866025
vn -0.258819 -0.000000 0.965926
vn -0.258819 -0.000000 0.965926
vn -0.000000 -0.000000 1.000000
vn -0.185744 -0.153913 0.970469
vn -0.398536 -0.220233 0.890318
vn -0.594936 -0.254486 0.762422
vn -0.762422 -0.254486 0.594936
vn -0.890318 -0.220233 0.398536
vn -0.970469 -0.153913 0.185744
vn -0.965926 -0.258819 0.000000
vn -0.917502 -0.388644 0.084530
vn -0.866025 -0.500000 0.000000
vn -0.832423 -0.459042 0.310406
vn -0.717801 -0.666568 0.201121
vn -0.696665 -0.495400 0.518881
vn -0.583430 -0.702554 0.407464
vn -0.518881 -0.495400 0.696665
vn -0.407464 -0.702554 0.583430
vn -0.310406 -0.459042 0.832423
vn -0.201121 -0.666568 0.717801
vn -0.078131 -0.828668 0.554261
vn -0.268280 -0.861830 0.430436
vn -0.110813 -0.962374 0.248108
vn -0.248108 -0.962374 0.110813
vn -0.258819 -0.965926 0.000000
vn -0.500000 -0.866025 0.000000
vn -0.430436 -0.861830 0.268280
vn -0.554261 -0.828668 0.078131
vn -0.707107 -0.707107 0.000000
vn -0.084530 -0.388644 0.917502
vn -0.000000 1.000000 -0.000000
vn -0.000000 1.000000 -0.000000
vn -0.000000 0.965926 0.258819
vn -0.000000 0.965926 0.258819
vn -0.000000 0.866025 0.500000
vn -0.000000 0.866025 0.500000
vn -0.000000 0.707107 0.707107
vn -0.000000 0.707107 0.707107
vn -0.000000 0.500000 0.866025
vn -0.000000 0.500000 0.866025
vn -0.000000 0.258819 0.965926
vn -0.000000 0.258819 0.965926
vn -0.000000 -0.000000 1.000000
vn -0.000000 0.258819 0.965926
vn -0.000000 0.500000 0.866025
vn -0.000000 0.707107 0.707107
vn -0.000000 0.866025 0.500000
vn -0.000000 0.965926 0.258819
vn -0.185744 0.153913 0.970469
vn -0.084530 0.388644 0.917502
vn -0.310406 0.459042 0.832423
vn -0.201121 0.666568 0.717801
vn -0.518881 0.495400 0.696665
vn -0.407464 0.702554 0.583430
vn -0.696665 0.495400 0.518881
vn -0.583430 0.702554 0.407464
vn -0.832423 0.459042 0.310406
vn -0.717801 0.666568 0.201121
vn -0.866025 0.500000 0.000000
vn -0.707107 0.707107 0.000000
vn -0.554261 0.828668 0.078131
vn -0.500000 0.866025 0.000000
vn -0.430436 0.861830 0.268280
vn -0.248108 0.962374 0.110813
vn -0.110813 0.962374 0.248108
vn -0.268280 0.861830 0.430436
vn -0.078131 0.828668 0.554261
vn -0.258819 0.965926 0.000000
vn -0.917502 0.388644 0.084530
vn -0.965926 0.258819 0.000000
vn -0.970469 0.153913 0.185744
vn -0.890318 0.220233 0.398536
vn -0.762422 0.254486 0.594936
vn -0.594936 0.254486 0.762422
vn -0.398536 0.220233 0.890318
vn -0.000000 -1.000000 -0.000000
vn -0.258819 -0.965926 -0.000000
vn -0.500000 -0.866025 -0.000000
vn -0.707107 -0.707107 -0.000000
vn -0.866025 -0.500000 -0.000000
vn -0.965926 -0.258819 -0.000000
vn -1.000000 0.000000 -0.000000
vn -0.965926 -0.258819 -0.000000
vn -0.866025 -0.500000 -0.000000
vn -0.707107 -0.707107 -0.000000
vn -0.500000 -0.866025 -0.000000
vn -0.258819 -0.965926 -0.000000
vn -1.000000 -0.000000 -0.000000
vn -0.965926 0.258819 -0.000000
vn -0.866025 0.500000 -0.000000
vn -0.707107 0.707107 -0.000000
vn -0.500000 0.866025 -0.000000
vn -0.258819 0.965926 -0.000000
vn -0.000000 1.000000 -0.000000
vn -0.258819 0.965926 -0.000000
vn -0.500000 0.866025 -0.000000
vn -0.707107 0.707107 -0.000000
vn -0.866025 0.500000 -0.000000
vn -0.965926 0.258819 -0.000000
vn -0.000000 1.000000 -0.000000
vn -0.000000 -0.000000 1.000000
vn -0.000000 -0.000000 1.000000
vn -0.258819 -0.000000 0.965926
vn -0.258819 -0.000000 0.965926
vn -0.500000 -0.000000 0.866025
vn -0.500000 -0.000000 0.866025
vn -0.707107 -0.000000 0.707107
vn -0.707107 -0.000000 0.707107
vn -0.866025 -0.000000 0.500000
vn -0.866025 -0.000000 0.500000
vn -0.965926 -0.000000 0.258819
vn -0.965926 -0.000000 0.258819
vn -1.000000 0.000000 -0.000000
vn -1.000000 0.000000 -0.000000
vn -0.965926 -0.000000 0.258819
vn -0.866025 -0.000000 0.500000
vn -0.707107 -0.000000 0.707107
vn -0.500000 -0.000000 0.866025
vn -0.258819 -0.000000 0.965926
vn -0.000000 -0.000000 1.000000
vn -0.000000 0.258819 0.965926
vn -0.000000 0.258819 0.965926
vn -0.000000 0.500000 0.866025
vn -0.000000 0.500000 0.866025
vn -0.000000 0.707107 0.707107
vn -0.000000 0.707107 0.707107
vn -0.000000 0.866025 0.500000
vn -0.000000 0.866025 0.500000
vn -0.000000 0.965926 0.258819
vn -0.000000 0.965926 0.258819
vn -0.000000 1.000000 -0.000000
vn -0.000000 1.000000 -0.000000
vn -0.153913 0.185744 0.970469
vn -0.220233 0.398536 0.890318
vn -0.254486 0.594936 0.762422
vn -0.254486 0.762422 0.594936
vn -0.220233 0.890318 0.398536
vn -0.153913 0.970469 0.185744
vn -0.258819 0.965926 0.000000
vn -0.388644 0.917502 0.084530
vn -0.500000 0.866025 0.000000
vn -0.459042 0.832423 0.310406
vn -0.666568 0.717801 0.201121
vn -0.495400 0.696665 0.518881
vn -0.702554 0.583430 0.407464
vn -0.495400 0.518881 0.696665
vn -0.702554 0.407464 0.583430
vn -0.459042 0.310406 0.832423
vn -0.666568 0.201121 0.717801
vn -0.828668 0.078131 0.554261
vn -0.861830 0.268280 0.430436
vn -0.962374 0.110813 0.248108
vn -0.962374 0.248108 0.110813
vn -0.965926 0.258819 0.000000
vn -0.866025 0.500000 0.000000
vn -0.861830 0.430436 0.268280
vn -0.828668 0.554261 0.078131
vn -0.707107 0.707107 0.000000
vn -0.388644 0.084530 0.917502
vn -1.000000 0.000000 -0.000000
vn -1.000000 0.000000 -0.000000
vn -1.000000 0.000000 -0.000000
vn -1.000000 0.000000 -0.000000
vn -1.000000 0.000000 -0.000000
vn -1.000000 0.000000 -0.000000
vn -1.000000 0.000000 -0.000000
vn -1.000000 0.000000 -0.000000
vn -1.000000 0.000000 -0.000000
vn -1.000000 0.000000 -0.000000
vn -1.000000 0.000000 -0.000000
vn -1.000000 0.000000 -0.000000
vn -0.965926 0.258819 -0.000000
vn -0.866025 0.500000 -0.000000
vn -0.707107 0.707107 -0.000000
vn -0.500000 0.866025 -0.000000
vn -0.258819 0.965926 -0.000000
vn -0.000000 1.000000 -0.000000
vn -0.258819 0.965926 -0.000000
vn -0.500000 0.866025 -0.000000
vn -0.707107 0.707107 -0.000000
vn -0.866025 0.500000 -0.000000
vn -0.965926 0.258819 -0.000000
vn 0.000000 1.000000 0.000000
vn -0.000000 1.000000 -0.000000
vn -0.000000 1.000000 -0.000000
vn -0.000000 0.965926 0.258819
vn -0.000000 0.965926 0.258819
vn -0.000000 0.866025 0.500000
vn -0.000000 0.866025 0.500000
vn -0.000000 0.707107 0.707107
vn -0.000000 0.707107 0.707107
vn -0.000000 0.500000 0.866025
vn -0.000000 0.500000 0.866025
vn -0.000000 0.258819 0.965926
vn -0.000000 0.258819 0.965926
vn -0.000000 0.000000 1.000000
vn -0.000000 0.000000 1.000000
vn 1.000000 -0.000000 -0.000000
vn 1.000000 -0.000000 -0.000000
vn 0.995185 0.000000 0.098017
vn 0.965926 0.000000 0.258819
vn 0.980785 0.000000 0.195090
vn 0.923880 0.000000 0.382683
vn 0.866025 0.000000 0.500000
vn 0.831470 0.000000 0.555570
vn 0.707107 0.000000 0.707107
vn 0.707107 0.000000 0.707107
vn 0.555570 0.000000 0.831470
vn 0.500000 0.000000 0.866025
vn 0.382683 0.000000 0.923880
vn 0.258819 0.000000 0.965926
vn 0.195090 0.000000 0.980785
vn 0.000000 0.000000 1.000000
vn 0.258819 0.000000 0.965926
vn 0.500000 0.000000 0.866025
vn 0.707107 0.000000 0.707107
vn 0.866025 0.000000 0.500000
vn 0.965926 0.000000 0.258819
vn -0.000000 -0.000000 1.000000
vn -0.000000 0.195090 0.980785
vn -0.000000 0.258819 0.965926
vn -0.000000 0.382683 0.923880
vn -0.000000 0.500000 0.866025
vn -0.000000 0.555570 0.831470
vn -0.000000 0.707107 0.707107
vn -0.000000 0.707107 0.707107
vn -0.000000 0.831470 0.555570
vn -0.000000 0.866025 0.500000
vn -0.000000 0.923880 0.382683
vn -0.000000 0.965926 0.258819
vn -0.000000 0.980785 0.195090
vn -0.000000 0.995185 0.098017
vn -0.000000 0.965926 0.258819
vn -0.000000 1.000000 -0.000000
vn -0.000000 0.258819 0.965926
vn -0.000000 0.500000 0.866025
vn -0.000000 0.707107 0.707107
vn -0.000000 0.866025 0.500000
vn -0.000000 1.000000 -0.000000
vn 1.000000 -0.000000 -0.000000
vn 1.000000 -0.000000 -0.000000
vn 0.965926 0.000000 0.258819
vn 0.965926 0.000000 0.258819
vn 0.866025 0.000000 0.500000
vn 0.866025 0.000000 0.500000
vn 0.707107 0.000000 0.707107
vn 0.707107 0.000000 0.707107
vn 0.500000 0.000000 0.866025
vn 0.500000 0.000000 0.866025
vn 0.258819 0.000000 0.965926
vn 0.258819 0.000000 0.965926
vn 0.000000 0.000000 1.000000
vn 0.248108 0.110813 0.962374
vn 0.110813 0.248108 0.962374
vn 0.268280 0.430436 0.861830
vn 0.078131 0.554261 0.828668
vn 0.407464 0.583430 0.702554
vn 0.201121 0.717801 0.666568
vn 0.518881 0.696665 0.495400
vn 0.310406 0.832423 0.459042
vn 0.594936 0.762422 0.254486
vn 0.398536 0.890318 0.220233
vn 0.500000 0.866025 0.000000
vn 0.258819 0.965926 0.000000
vn 0.430436 0.268280 0.861830
vn 0.554261 0.078131 0.828668
vn 0.717801 0.201121 0.666568
vn 0.832423 0.310406 0.459042
vn 0.917502 0.084530 0.388644
vn 0.970469 0.185744 0.153913
vn 0.965926 0.258819 0.000000
vn 0.890318 0.398536 0.220233
vn 0.696665 0.518881 0.495400
vn 0.583430 0.407464 0.702554
vn 0.866025 0.500000 0.000000
vn 0.762422 0.594936 0.254486
vn 0.707107 0.707107 0.000000
vn 0.185744 0.970469 0.153913
vn 0.084530 0.917502 0.388644
vn -0.000000 -1.000000 0.000000
vn -0.000000 -1.000000 0.000000
vn -0.000000 -0.995185 0.098017
vn -0.000000 -0.965926 0.258819
vn -0.000000 -0.980785 0.195090
vn -0.000000 -0.923880 0.382683
vn -0.000000 -0.866025 0.500000
vn -0.000000 -0.831470 0.555570
vn -0.000000 -0.707107 0.707107
vn -0.000000 -0.707107 0.707107
vn -0.000000 -0.555570 0.831470
vn -0.000000 -0.500000 0.866025
vn -0.000000 -0.382683 0.923880
vn -0.000000 -0.258819 0.965926
vn -0.000000 -0.195090 0.980785
vn -0.000000 -0.000000 1.000000
vn -0.000000 -0.258819 0.965926
vn -0.000000 -0.500000 0.866025
vn -0.000000 -0.707107 0.707107
vn -0.000000 -0.866025 0.500000
vn -0.000000 -0.965926 0.258819
vn 0.000000 0.000000 1.000000
vn 0.195090 0.000000 0.980785
vn 0.258819 0.000000 0.965926
vn 0.382683 0.000000 0.923880
vn 0.500000 0.000000 0.866025
vn 0.555570 0.000000 0.831470
vn 0.707107 0.000000 0.707107
vn 0.707107 0.000000 0.707107
vn 0.831470 0.000000 0.555570
vn 0.866025 0.000000 0.500000
vn 0.923880 0.000000 0.382683
vn 0.965926 0.000000 0.258819
vn 0.980785 0.000000 0.195090
vn 0.995185 0.000000 0.098017
vn 0.965926 0.000000 0.258819
vn 1.000000 -0.000000 -0.000000
vn 0.258819 0.000000 0.965926
vn 0.500000 0.000000 0.866025
vn 0.707107 0.000000 0.707107
vn 0.866025 0.000000 0.500000
vn 1.000000 -0.000000 -0.000000
vn -0.000000 -0.000000 1.000000
vn -0.000000 -0.258819 0.965926
vn -0.000000 -0.258819 0.965926
vn -0.000000 -0.500000 0.866025
vn -0.000000 -0.500000 0.866025
vn -0.000000 -0.707107 0.707107
vn -0.000000 -0.707107 0.707107
vn -0.000000 -0.866025 0.500000
vn -0.000000 -0.866025 0.500000
vn -0.000000 -0.965926 0.258819
vn -0.000000 -0.965926 0.258819
vn -0.000000 -1.000000 0.000000
vn -0.000000 -1.000000 0.000000
vn 0.153913 -0.185744 0.970469
vn 0.220233 -0.398536 0.890318
vn 0.254486 -0.594936 0.762422
vn 0.254486 -0.762422 0.594936
vn 0.220233 -0.890318 0.398536
vn 0.153913 -0.970469 0.185744
vn 0.258819 -0.965926 0.000000
vn 0.388644 -0.917502 0.084530
vn 0.500000 -0.866025 0.000000
vn 0.459042 -0.832423 0.310406
vn 0.666568 -0.717801 0.201121
vn 0.495400 -0.696665 0.518881
vn 0.702554 -0.583430 0.407464
vn 0.495400 -0.518881 0.696665
vn 0.702554 -0.407464 0.583430
vn 0.459042 -0.310406 0.832423
vn 0.666568 -0.201121 0.717801
vn 0.828668 -0.078131 0.554261
vn 0.861830 -0.268280 0.430436
vn 0.962374 -0.110813 0.248108
vn 0.962374 -0.248108 0.110813
vn 0.965926 -0.258819 0.000000
vn 0.866025 -0.500000 0.000000
vn 0.861830 -0.430436 0.268280
vn 0.828668 -0.554261 0.078131
vn 0.707107 -0.707107 0.000000
vn 0.388644 -0.084530 0.917502
vn 0.110813 -0.248108 0.962374
vn 0.248108 -0.110813 0.962374
vn 0.430436 -0.268280 0.861830
vn 0.554261 -0.078131 0.828668
vn 0.583430 -0.407464 0.702554
vn 0.717801 -0.201121 0.666568
vn 0.696665 -0.518881 0.495400
vn 0.832423 -0.310406 0.459042
vn 0.762422 -0.594936 0.254486
vn 0.890318 -0.398536 0.220233
vn 0.866025 -0.500000 0.000000
vn 0.965926 -0.258819 0.000000
vn 0.268280 -0.430436 0.861830
vn 0.078131 -0.554261 0.828668
vn 0.201121 -0.717801 0.666568
vn 0.310406 -0.832423 0.459042
vn 0.084530 -0.917502 0.388644
vn 0.185744 -0.970469 0.153913
vn 0.258819 -0.965926 0.000000
vn 0.398536 -0.890318 0.220233
vn 0.518881 -0.696665 0.495400
vn 0.407464 -0.583430 0.702554
vn 0.500000 -0.866025 0.000000
vn 0.594936 -0.762422 0.254486
vn 0.707107 -0.707107 0.000000
vn 0.970469 -0.185744 0.153913
vn 0.917502 -0.084530 0.388644
vn 0.153913 0.185744 0.970469
vn 0.388644 0.084530 0.917502
vn 0.459042 0.310406 0.832423
vn 0.666568 0.201121 0.717801
vn 0.495400 0.518881 0.696665
vn 0.702554 0.407464 0.583430
vn 0.495400 0.696665 0.518881
vn 0.702554 0.583430 0.407464
vn 0.459042 0.832423 0.310406
vn 0.666568 0.717801 0.201121
vn 0.500000 0.866025 0.000000
vn 0.707107 0.707107 0.000000
vn 0.828668 0.554261 0.078131
vn 0.866025 0.500000 0.000000
vn 0.861830 0.430436 0.268280
vn 0.962374 0.248108 0.110813
vn 0.962374 0.110813 0.248108
vn 0.861830 0.268280 0.430436
vn 0.828668 0.078131 0.554261
vn 0.965926 0.258819 0.000000
vn 0.388644 0.917502 0.084530
vn 0.258819 0.965926 0.000000
vn 0.153913 0.970469 0.185744
vn 0.220233 0.890318 0.398536
vn 0.254486 0.762422 0.594936
vn 0.254486 0.594936 0.762422
vn 0.220233 0.398536 0.890318
vn -0.000000 1.000000 -0.000000
vn 0.258819 0.965926 -0.000000
vn 0.500000 0.866025 -0.000000
vn 0.707107 0.707107 -0.000000
vn 0.866025 0.500000 -0.000000
vn 0.965926 0.258819 -0.000000
vn 1.000000 0.000000 -0.000000
vn 0.965926 0.258819 -0.000000
vn 0.866025 0.500000 -0.000000
vn 0.707107 0.707107 -0.000000
vn 0.500000 0.866025 -0.000000
vn 0.258819 0.965926 -0.000000
vn 1.000000 0.000000 0.000000
vn -0.000000 1.000000 -0.000000
vn -0.000000 1.000000 -0.000000
vn 0.258819 0.965926 0.000000
vn 0.500000 0.866025 0.000000
vn 0.707107 0.707107 0.000000
vn 0.866025 0.500000 0.000000
vn 0.965926 0.258819 0.000000
vn 1.000000 -0.000000 0.000000
vn 0.965926 0.258819 0.000000
vn 0.866025 0.500000 0.000000
vn 0.707107 0.707107 0.000000
vn 0.500000 0.866025 0.000000
vn 0.258819 0.965926 0.000000
vn 1.000000 -0.000000 -0.000000
vn 0.965926 -0.258819 -0.000000
vn 0.866025 -0.500000 -0.000000
vn 0.707107 -0.707107 -0.000000
vn 0.500000 -0.866025 -0.000000
vn 0.258819 -0.965926 -0.000000
vn 0.000000 -1.000000 -0.000000
vn 0.258819 -0.965926 -0.000000
vn 0.500000 -0.866025 -0.000000
vn 0.707107 -0.707107 -0.000000
vn 0.866025 -0.500000 -0.000000
vn 0.965926 -0.258819 -0.000000
vn -0.000000 -1.000000 -0.000000
vn 1.000000 0.000000 0.000000
vn 1.000000 0.000000 0.000000
vn 0.965926 -0.258819 -0.000000
vn 0.866025 -0.500000 -0.000000
vn 0.707107 -0.707107 -0.000000
vn 0.500000 -0.866025 -0.000000
vn 0.258819 -0.965926 -0.000000
vn -0.000000 -1.000000 -0.000000
vn 0.258819 -0.965926 -0.000000
vn 0.500000 -0.866025 -0.000000
vn 0.707107 -0.707107 -0.000000
vn 0.866025 -0.500000 -0.000000
vn 0.965926 -0.258819 -0.000000
vn 0.000000 -1.000000 -0.000000
vn -0.000000 1.000000 -0.000000
vn -0.000000 1.000000 -0.000000
vn 0.258819 0.965926 -0.000000
vn 0.258819 0.965926 -0.000000
vn 0.500000 0.866025 -0.000000
vn 0.500000 0.866025 -0.000000
vn 0.707107 0.707107 -0.000000
vn 0.707107 0.707107 -0.000000
vn 0.866025 0.500000 -0.000000
vn 0.866025 0.500000 -0.000000
vn 0.965926 0.258819 -0.000000
vn 0.965926 0.258819 -0.000000
vn 1.000000 -0.000000 -0.000000
vn 1.000000 0.000000 -0.000000
vn 0.965926 0.258819 -0.000000
vn 0.866025 0.500000 -0.000000
vn 0.707107 0.707107 -0.000000
vn 0.500000 0.866025 -0.000000
vn 0.258819 0.965926 -0.000000
vn 1.000000 0.000000 0.000000
vn 1.000000 0.000000 0.000000
vn -0.000000 -0.000000 1.000000
vn -0.000000 -0.000000 1.000000
vn -0.000000 -0.000000 1.000000
vn -0.000000 -0.000000 1.000000
vn -0.000000 -0.000000 1.000000
vn -0.000000 -0.000000 1.000000
vn -0.000000 -0.000000 1.000000
vn -0.000000 -0.000000 1.000000
vn -0.000000 -0.000000 1.000000
vn -0.000000 -0.000000 1.000000
vn -0.000000 -0.000000 1.000000
vn -0.000000 -0.000000 1.000000
vn -0.000000 -0.000000 1.000000
vn -0.000000 -0.000000 1.000000
vn -0.000000 -0.000000 1.000000
vn -0.000000 -0.000000 1.000000
vn -0.000000 -0.000000 1.000000
vn -0.000000 -0.000000 1.000000
vn -0.000000 -0.000000 1.000000
vn -0.000000 -0.000000 1.000000
vn -0.000000 -0.000000 1.000000
vn -0.000000 -0.000000 1.000000
vn -0.000000 -0.000000 1.000000
vn -0.000000 -0.000000 1.000000
vn -0.000000 -0.000000 1.000000
vn -0.000000 -0.000000 1.000000
vn -0.000000 -0.000000 1.000000
vn -0.000000 -0.000000 1.000000
vn -0.000000 1.000000 -0.000000
vn 0.000000 1.000000 0.000000
vn 0.258819 0.965926 0.000000
vn 0.258819 0.965926 0.000000
vn 0.500000 0.866025 0.000000
vn 0.500000 0.866025 0.000000
vn 0.707107 0.707107 0.000000
vn 0.707107 0.707107 0.000000
vn 0.866025 0.500000 0.000000
vn 0.866025 0.500000 0.000000
vn 0.965926 0.258819 0.000000
vn 0.965926 0.258819 0.000000
vn 1.000000 0.000000 0.000000
vn 1.000000 0.000000 0.000000
vn 0.965926 0.258819 0.000000
vn 0.866025 0.500000 0.000000
vn 0.707107 0.707107 0.000000
vn 0.500000 0.866025 0.000000
vn 0.258819 0.965926 0.000000
vn 1.000000 -0.000000 -0.000000
vn 1.000000 -0.000000 -0.000000
vn -1.000000 0.000000 -0.000000
vn -1.000000 0.000000 -0.000000
vn -0.965926 0.258819 -0.000000
vn -0.965926 0.258819 -0.000000
vn -0.866025 0.500000 -0.000000
vn -0.866025 0.500000 -0.000000
vn -0.707107 0.707107 -0.000000
vn -0.707107 0.707107 -0.000000
vn -0.500000 0.866025 -0.000000
vn -0.500000 0.866025 -0.000000
vn -0.258819 0.965926 -0.000000
vn -0.258819 0.965926 -0.000000
vn -0.000000 1.000000 -0.000000
vn -0.000000 1.000000 -0.000000
vn -0.258819 0.965926 -0.000000
vn -0.500000 0.866025 -0.000000
vn -0.707107 0.707107 -0.000000
vn -0.866025 0.500000 -0.000000
vn -0.965926 0.258819 -0.000000
vn -0.000000 -0.000000 1.000000
vn -0.000000 -0.000000 1.000000
vn -0.000000 -0.000000 1.000000
vn -0.000000 -0.000000 1.000000
vn -0.000000 -0.000000 1.000000
vn -0.000000 -0.000000 1.000000
vn -0.000000 -0.000000 1.000000
vn -0.000000 -0.000000 1.000000
vn -0.000000 -0.000000 1.000000
vn -0.000000 -0.000000 1.000000
vn -0.000000 -0.000000 1.000000
vn -0.000000 -0.000000 1.000000
vn -1.000000 -0.000000 -0.000000
vn -1.000000 -0.000000 -0.000000
vn -1.000000 0.000000 -0.000000
vn -1.000000 0.000000 -0.000000
vn -0.965926 0.258819 -0.000000
vn -0.965926 0.258819 -0.000000
vn -0.866025 0.500000 -0.000000
vn -0.866025 0.500000 -0.000000
vn -0.707107 0.707107 -0.000000
vn -0.707107 0.707107 -0.000000
vn -0.500000 0.866025 -0.000000
vn -0.500000 0.866025 -0.000000
vn -0.258819 0.965926 -0.000000
vn -0.258819 0.965926 -0.000000
vn 0.000000 1.000000 0.000000
vn 0.000000 1.000000 0.000000
vn -0.258819 0.965926 -0.000000
vn -0.500000 0.866025 -0.000000
vn -0.707107 0.707107 -0.000000
vn -0.866025 0.500000 -0.000000
vn -0.965926 0.258819 -0.000000
vn -0.000000 1.000000 -0.000000
vn -0.000000 1.000000 -0.000000
vn -0.000000 -0.000000 1.000000
vn -0.000000 -0.000000 1.000000
vn -0.000000 -0.000000 1.000000
vn -0.000000 -0.000000 1.000000
vn -0.000000 -0.000000 1.000000
vn -0.000000 -0.000000 1.000000
vn -0.000000 -0.000000 1.000000
vn -0.000000 -0.000000 1.000000
vn -0.000000 -0.000000 1.000000
vn -0.000000 -0.000000 1.000000
vn -0.000000 -0.000000 1.000000
vn -0.000000 -0.000000 1.000000
vn -0.000000 -0.000000 1.000000
vn -0.000000 -0.000000 1.000000
vn -0.000000 -0.000000 1.000000
vn -0.000000 -0.000000 1.000000
vn -0.000000 -0.000000 1.000000
vn -0.000000 -0.000000 1.000000
vn -0.000000 -0.000000 1.000000
vn -0.777988 -0.628279 0.000000
vn -0.777988 -0.628279 0.000000
vn -0.899185 -0.437568 0.000000
vn -0.899185 -0.437568 0.000000
vn -0.974470 -0.224516 0.000000
vn -0.974470 -0.224516 0.000000
vn -1.000000 -0.000000 0.000000
vn -1.000000 -0.000000 0.000000
vn -0.974470 -0.224516 0.000000
vn -0.899185 -0.437568 0.000000
vn -1.000000 -0.000000 -0.000000
vn -1.000000 -0.000000 -0.000000
vn -0.000000 -0.000000 1.000000
vn -0.000000 -0.000000 1.000000
vn -0.000000 -0.000000 1.000000
vn -0.000000 -0.000000 1.000000
vn -0.000000 -0.000000 1.000000
vn -0.000000 -0.000000 1.000000
vn -0.000000 -0.000000 1.000000
vn -0.000000 -0.000000 1.000000
vn -0.000000 -0.000000 1.000000
vn -0.000000 -0.000000 1.000000
vn -0.000000 -0.000000 1.000000
vn -0.000000 -0.000000 1.000000
vn -0.661440 -0.749998 -0.000000
vn -0.661440 -0.749998 -0.000000
vn -0.463397 -0.886151 -0.000000
vn -0.463397 -0.886151 -0.000000
vn -0.238589 -0.971121 -0.000000
vn -0.238589 -0.971121 -0.000000
vn 0.000000 -1.000000 0.000000
vn 0.000000 -1.000000 0.000000
vn -0.238589 -0.971121 -0.000000
vn -0.463397 -0.886151 -0.000000
vn 0.000000 -1.000000 -0.000000
vn 0.000000 -1.000000 -0.000000
vn -0.258819 -0.965926 -0.000000
vn -0.258819 -0.965926 -0.000000
vn -0.500000 -0.866025 -0.000000
vn -0.500000 -0.866025 -0.000000
vn -0.707107 -0.707107 -0.000000
vn -0.707107 -0.707107 -0.000000
vn -0.866025 -0.500000 -0.000000
vn -0.866025 -0.500000 -0.000000
vn -0.965926 -0.258819 -0.000000
vn -0.965926 -0.258819 -0.000000
vn -1.000000 -0.000000 -0.000000
vn -1.000000 -0.000000 -0.000000
vn -0.965926 -0.258819 -0.000000
vn -0.866025 -0.500000 -0.000000
vn -0.707107 -0.707107 -0.000000
vn -0.500000 -0.866025 -0.000000
vn -0.258819 -0.965926 -0.000000
vn -1.000000 0.000000 -0.000000
vn -1.000000 0.000000 -0.000000
vn -1.000000 0.000000 -0.000000
vn -1.000000 0.000000 -0.000000
vn -0.000000 -0.000000 1.000000
vn -0.000000 -0.000000 1.000000
vn -0.000000 -0.000000 1.000000
vn -0.000000 -0.000000 1.000000
vn -0.000000 -0.000000 1.000000
vn -0.000000 -0.000000 1.000000
vn -0.000000 -0.000000 1.000000
vn -0.000000 -0.000000 1.000000
vn -0.000000 -0.000000 1.000000
vn -0.000000 -0.000000 1.000000
vn -0.000000 -0.000000 1.000000
vn -0.000000 -0.000000 1.000000
vn -0.000000 -0.000000 1.000000
vn -0.000000 -0.000000 1.000000
vn 1.000000 -0.000000 -0.000000
vn 1.000000 -0.000000 -0.000000
vn 0.965926 -0.258819 -0.000000
vn 0.965926 -0.258819 -0.000000
vn 0.866025 -0.500000 -0.000000
vn 0.866025 -0.500000 -0.000000
vn 0.707107 -0.707107 -0.000000
vn 0.707107 -0.707107 -0.000000
vn 0.500000 -0.866025 -0.000000
vn 0.500000 -0.866025 -0.000000
vn 0.258819 -0.965926 -0.000000
vn 0.258819 -0.965926 -0.000000
vn -0.000000 -1.000000 -0.000000
vn 0.000000 -1.000000 -0.000000
vn 0.258819 -0.965926 -0.000000
vn 0.500000 -0.866025 -0.000000
vn 0.707107 -0.707107 -0.000000
vn 0.866025 -0.500000 -0.000000
vn 0.965926 -0.258819 -0.000000
vn -0.000000 -1.000000 -0.000000
vn -0.000000 -1.000000 -0.000000
vn -0.000000 -0.000000 1.000000
vn -0.000000 -0.000000 1.000000
vn -0.000000 -0.000000 1.000000
vn -0.000000 -0.000000 1.000000
vn -0.000000 -0.000000 1.000000
vn -0.000000 -0.000000 1.000000
vn -0.000000 -0.000000 1.000000
vn -0.000000 -0.000000 1.000000
vn -0.000000 -0.000000 1.000000
vn -0.000000 -0.000000 1.000000
vn -0.000000 -0.000000 1.000000
vn -0.000000 -0.000000 1.000000
vn -0.000000 -0.000000 1.000000
vn -0.000000 -0.000000 1.000000
vn -0.000000 -0.000000 1.000000
vn -0.000000 -0.000000 1.000000
vn -0.000000 -0.000000 1.000000
vn -0.000000 -0.000000 1.000000
vn -0.000000 -0.000000 1.000000
vn -0.000000 -0.000000 1.000000
vn -0.000000 -0.000000 1.000000
vn -0.000000 -0.000000 1.000000
vn -0.000000 -0.000000 1.000000
vn -0.000000 -0.000000 1.000000
vn 1.000000 0.000000 0.000000
vn 1.000000 0.000000 0.000000
vn 0.965926 -0.258819 -0.000000
vn 0.965926 -0.258819 -0.000000
vn 0.866025 -0.500000 -0.000000
vn 0.866025 -0.500000 -0.000000
vn 0.707107 -0.707107 -0.000000
vn 0.707107 -0.707107 -0.000000
vn 0.500000 -0.866025 -0.000000
vn 0.500000 -0.866025 -0.000000
vn 0.258819 -0.965926 -0.000000
vn 0.258819 -0.965926 -0.000000
vn -0.000000 -1.000000 -0.000000
vn -0.000000 -1.000000 -0.000000
vn 0.258819 -0.965926 -0.000000
vn 0.500000 -0.866025 -0.000000
vn 0.707107 -0.707107 -0.000000
vn 0.866025 -0.500000 -0.000000
vn 0.965926 -0.258819 -0.000000
vn 0.000000 -1.000000 -0.000000
vn 0.000000 -1.000000 -0.000000
vn -0.258819 -0.965926 -0.000000
vn -0.258819 -0.965926 -0.000000
vn -0.500000 -0.866025 -0.000000
vn -0.500000 -0.866025 -0.000000
vn -0.707107 -0.707107 -0.000000
vn -0.707107 -0.707107 -0.000000
vn -0.866025 -0.500000 -0.000000
vn -0.866025 -0.500000 -0.000000
vn -0.965926 -0.258819 -0.000000
vn -0.965926 -0.258819 -0.000000
vn -1.000000 0.000000 -0.000000
vn -1.000000 -0.000000 -0.000000
vn -0.965926 -0.258819 -0.000000
vn -0.866025 -0.500000 -0.000000
vn -0.707107 -0.707107 -0.000000
vn -0.500000 -0.866025 -0.000000
vn -0.258819 -0.965926 -0.000000
vn -1.000000 -0.000000 -0.000000
vn -1.000000 -0.000000 -0.000000
vn -1.000000 0.000000 -0.000000
vn -1.000000 0.000000 -0.000000
vn -0.965926 0.258819 -0.000000
vn -0.965926 0.258819 -0.000000
vn -0.866025 0.500000 -0.000000
vn -0.866025 0.500000 -0.000000
vn -0.707107 0.707107 -0.000000
vn -0.707107 0.707107 -0.000000
vn -0.500000 0.866025 -0.000000
vn -0.500000 0.866025 -0.000000
vn -0.258819 0.965926 -0.000000
vn -0.258819 0.965926 -0.000000
vn -0.000000 1.000000 -0.000000
vn -0.000000 1.000000 -0.000000
vn -0.258819 0.965926 -0.000000
vn -0.500000 0.866025 -0.000000
vn -0.707107 0.707107 -0.000000
vn -0.866025 0.500000 -0.000000
vn -0.965926 0.258819 -0.000000
vn -1.000000 -0.000000 -0.000000
vn -1.000000 -0.000000 -0.000000
vn 0.000000 1.000000 0.000000
vn 0.000000 1.000000 0.000000
vn 0.000000 1.000000 0.000000
vn 0.000000 1.000000 0.000000
vn -1.000000 -0.000000 -0.000000
vn -1.000000 -0.000000 -0.000000
vn -1.000000 -0.000000 -0.000000
vn -1.000000 -0.000000 -0.000000
vn 0.000000 1.000000 0.000000
vn 0.000000 1.000000 0.000000
vn 0.000000 1.000000 0.000000
vn 0.000000 1.000000 0.000000
vn -1.000000 -0.000000 -0.000000
vn -1.000000 -0.000000 -0.000000
vn -1.000000 -0.000000 -0.000000
vn -1.000000 -0.000000 -0.000000
vn 0.000000 -1.000000 -0.000000
vn 0.000000 -1.000000 -0.000000
vn 0.000000 -1.000000 -0.000000
vn 0.000000 -1.000000 -0.000000
vn 1.000000 -0.000000 -0.000000
vn 1.000000 -0.000000 -0.000000
vn 1.000000 -0.000000 -0.000000
vn 1.000000 -0.000000 -0.000000
vn -0.000000 -0.000000 1.000000
vn -0.000000 -0.000000 1.000000
vn -0.000000 -0.000000 1.000000
vn -0.000000 -0.000000 1.000000
vn -0.000000 -0.000000 1.000000
vn -0.000000 -0.000000 1.000000
vn 1.000000 0.000000 0.000000
vn 1.000000 0.000000 0.000000
vn 1.000000 0.000000 0.000000
vn 1.000000 0.000000 0.000000
vn -0.000000 -1.000000 -0.000000
vn -0.000000 -1.000000 -0.000000
vn -0.000000 -1.000000 -0.000000
vn -0.000000 -1.000000 -0.000000
vn -0.000000 -1.000000 -0.000000
vn -0.000000 -1.000000 -0.000000
vn -1.000000 0.000000 -0.000000
vn -1.000000 0.000000 -0.000000
vn -1.000000 0.000000 -0.000000
vn -1.000000 0.000000 -0.000000
vn -0.000000 -0.000000 1.000000
vn -0.000000 -0.000000 1.000000
vn -0.000000 -0.000000 1.000000
vn -0.000000 -0.000000 1.000000
vn 1.000000 0.000000 0.000000
vn 1.000000 0.000000 0.000000
vn 1.000000 0.000000 0.000000
vn 1.000000 0.000000 0.000000
vn -1.000000 -0.000000 -0.000000
vn -1.000000 -0.000000 -0.000000
vn -1.000000 -0.000000 -0.000000
vn -1.000000 -0.000000 -0.000000
vn -1.000000 -0.000000 -0.000000
vn -1.000000 -0.000000 -0.000000
vn -0.000000 -1.000000 -0.000000
vn -0.000000 -1.000000 -0.000000
vn -0.000000 -1.000000 -0.000000
vn -0.000000 -1.000000 -0.000000
vn -0.000000 -1.000000 -0.000000
vn -0.000000 -0.000000 1.000000
vn -0.000000 -0.000000 1.000000
vn -0.000000 -0.000000 1.000000
vn -0.000000 -0.000000 1.000000
vn 1.000000 0.000000 0.000000
vn 1.000000 0.000000 0.000000
vn 1.000000 0.000000 0.000000
vn 1.000000 0.000000 0.000000
vn -0.000000 -0.000000 1.000000
vn -0.000000 -0.000000 1.000000
vn -0.000000 -0.000000 1.000000
vn -0.000000 -0.000000 1.000000
vn -0.000000 -0.000000 1.000000
vn -0.000000 -0.000000 1.000000
vn -0.000000 -0.000000 1.000000
vn -0.000000 -0.000000 1.000000
vn -0.000000 -0.000000 1.000000
vn -0.000000 -0.000000 1.000000
vn -0.000000 -0.000000 1.000000
vn -0.000000 -0.000000 1.000000
vn -0.000000 -0.000000 1.000000
vn -0.000000 -0.000000 1.000000
vn -0.000000 -0.000000 1.000000
vn -0.000000 -0.000000 1.000000
vn -0.000000 -0.000000 1.000000
vn -0.000000 -0.000000 1.000000
vn -0.000000 -0.000000 1.000000
vn -0.000000 -0.000000 1.000000
vn -0.000000 -0.000000 1.000000
vn -0.000000 -0.000000 1.000000
vn -0.000000 -0.000000 1.000000
vn -0.000000 -0.000000 1.000000
vn -0.000000 -0.000000 1.000000
vn -0.000000 -0.000000 1.000000
vn -0.000000 -0.000000 1.000000
vn -0.000000 -0.000000 1.000000
vn -0.000000 -0.000000 1.000000
vn -0.000000 -0.000000 1.000000
vn -0.000000 -0.000000 1.000000
vn -0.000000 -0.000000 1.000000
vn -0.000000 -0.000000 1.000000
vn -0.000000 -0.000000 1.000000
vn -0.000000 -0.000000 1.000000
vn -0.000000 -0.000000 1.000000
vn -0.000000 -0.000000 1.000000
vn -0.000000 -0.000000 1.000000
vn -0.000000 -0.000000 1.000000
vn -0.000000 -0.000000 1.000000
vn -0.000000 -0.000000 1.000000
vn -0.000000 -0.000000 1.000000
vn -0.000000 -0.000000 1.000000
vn -0.000000 -0.000000 1.000000
vn -0.000000 -0.000000 1.000000
vn -0.000000 -0.000000 1.000000
vn -0.000000 -0.000000 1.000000
vn -0.000000 -0.000000 1.000000
vn -0.000000 -0.000000 1.000000
vn -0.000000 -0.000000 1.000000
vn -0.000000 -0.000000 1.000000
vn -0.000000 -0.000000 1.000000
vn -0.000000 -0.000000 1.000000
vn -0.000000 -0.000000 1.000000
vn -0.000000 -0.000000 1.000000
vn -0.000000 -0.000000 1.000000
vn -0.000000 -0.000000 1.000000
vn -0.000000 -0.000000 1.000000
vn -0.000000 -0.000000 1.000000
vn -0.000000 -0.000000 1.000000
vn -0.000000 -0.000000 1.000000
vn -0.000000 -0.000000 1.000000
vn -0.000000 -0.000000 1.000000
vn -0.000000 -0.000000 1.000000
vn -0.000000 -0.000000 1.000000
vn -0.000000 -0.000000 1.000000
vn -0.000000 -0.000000 1.000000
vn -0.000000 -0.000000 1.000000
vn -0.000000 -0.000000 1.000000
vn -0.000000 -0.000000 1.000000
vn -0.000000 -0.000000 1.000000
vn -0.000000 -0.000000 1.000000
vn -0.000000 -0.000000 1.000000
vn -0.000000 -0.000000 1.000000
vn -0.000000 -0.000000 1.000000
vn -0.000000 -0.000000 1.000000
vn -0.000000 -0.000000 1.000000
vn -0.000000 -0.000000 1.000000
vn -0.000000 -0.000000 1.000000
vn -0.000000 -0.000000 1.000000
vn -0.000000 -0.000000 1.000000
vn -0.000000 -0.000000 1.000000
vn -0.000000 -0.000000 1.000000
vn -0.000000 -0.000000 1.000000
vn -0.000000 -0.000000 1.000000
vn -0.000000 -0.000000 1.000000
vn -0.000000 -0.000000 1.000000
vn -0.000000 -0.000000 1.000000
vn -0.000000 -0.000000 1.000000
vn -0.000000 -0.000000 1.000000
vn -0.000000 -0.000000 1.000000
vn -0.000000 -0.000000 1.000000
vn -0.000000 -0.000000 1.000000
vn -0.000000 -0.000000 1.000000
vn -0.000000 -0.000000 1.000000
vn -0.000000 -0.000000 1.000000
vn -0.000000 -0.000000 1.000000
vn -0.000000 -0.000000 1.000000
vn -0.000000 -0.000000 1.000000
vn -0.000000 -0.000000 1.000000
vn -0.000000 -0.000000 1.000000
vn -0.000000 -0.000000 1.000000
vn -0.000000 -0.000000 1.000000
vn -0.000000 -0.000000 1.000000
vn -0.000000 -0.000000 1.000000
vn -0.000000 -0.000000 1.000000
vn -0.000000 -0.000000 1.000000
vn -0.000000 -0.000000 1.000000
vn -0.000000 -0.000000 1.000000
vn -0.000000 -0.000000 1.000000
vn -0.000000 -0.000000 1.000000
vn -0.000000 -0.000000 1.000000
vn -0.000000 -0.000000 1.000000
vn -0.000000 -0.000000 1.000000
vn -0.000000 -0.000000 1.000000
vn -0.000000 -0.000000 1.000000
vn -0.000000 -0.000000 1.000000
vn -0.000000 -0.000000 1.000000
vn -0.000000 -0.000000 1.000000
vn -0.000000 -0.000000 1.000000
vn -0.000000 -0.000000 1.000000
vn -0.000000 -0.000000 1.000000
vn -0.000000 -0.000000 1.000000
vn -0.000000 -0.000000 1.000000
vn -0.000000 -0.000000 1.000000
vn -0.000000 -0.000000 1.000000
vn -0.000000 -0.000000 1.000000
vn -0.000000 -0.000000 1.000000
vn -0.000000 -0.000000 1.000000
vn -0.000000 -0.000000 1.000000
vn -0.000000 -0.000000 1.000000
vn -0.000000 -0.000000 1.000000
vn -0.000000 -0.000000 1.000000
vn -0.000000 -0.000000 1.000000
vn -0.000000 -0.000000 1.000000
vn -0.000000 -0.000000 1.000000
vn -0.000000 -0.000000 1.000000
vn -0.000000 -0.000000 1.000000
vn -0.000000 -0.000000 1.000000
vn -0.000000 -0.000000 1.000000
vn -0.000000 -0.000000 1.000000
vn -0.000000 -0.000000 1.000000
vn -0.000000 -0.000000 1.000000
vn -0.000000 -0.000000 1.000000
vn -0.000000 -0.000000 1.000000
vn -0.000000 -0.000000 1.000000
vn -0.000000 -0.000000 1.000000
vn -0.000000 -0.000000 1.000000
vn -0.000000 -0.000000 1.000000
vn -0.000000 -0.000000 1.000000
vn -0.000000 -0.000000 1.000000
vn -0.000000 -0.000000 1.000000
vn -0.000000 -0.000000 1.000000
vn -0.000000 -0.000000 1.000000
vn -0.000000 -0.000000 1.000000
vn -0.000000 -0.000000 1.000000
vn -0.000000 -0.000000 1.000000
vn -0.000000 -0.000000 1.000000
vn -0.000000 -0.000000 1.000000
vn -0.000000 -0.000000 1.000000
vn -0.000000 -0.000000 1.000000
vn -0.000000 -0.000000 1.000000
vn -0.000000 -0.000000 1.000000
vn -0.000000 -0.000000 1.000000
vn -0.000000 -0.000000 1.000000
vn -0.000000 -0.000000 1.000000
vn -0.000000 -0.000000 1.000000
vn -0.000000 -0.000000 1.000000
vn -0.000000 -0.000000 1.000000
vn -0.000000 -0.000000 1.000000
vn -0.000000 -0.000000 1.000000
vn -0.000000 -0.000000 1.000000
vn -0.000000 -0.000000 1.000000
vn -0.000000 -0.000000 1.000000
vn -0.000000 -0.000000 1.000000
vn -0.000000 -0.000000 1.000000
vn -0.000000 -0.000000 1.000000
vn -0.000000 -0.000000 1.000000
vn -0.000000 -0.000000 1.000000
vn -0.000000 -0.000000 1.000000
vn -0.000000 -0.000000 1.000000
vn -0.000000 -0.000000 1.000000
vn -0.000000 -0.000000 1.000000
vn -0.000000 -0.000000 1.000000
vn -0.000000 -0.000000 1.000000
vn -0.000000 -0.000000 1.000000
vn -0.000000 -0.000000 1.000000
vn -0.000000 -0.000000 1.000000
vn -0.000000 -0.000000 1.000000
vn -0.000000 -0.000000 1.000000
vn -0.000000 -0.000000 1.000000
vn -0.000000 -0.000000 1.000000
vn -0.000000 -0.000000 1.000000
vn -0.000000 -0.000000 1.000000
vn -0.000000 -0.000000 1.000000
vn -0.000000 -0.000000 1.000000
vn -0.000000 -0.000000 1.000000
vn -0.000000 -0.000000 1.000000
vn -0.000000 -0.000000 1.000000
vn -0.000000 -0.000000 1.000000
vn -0.000000 -0.000000 1.000000
vn -0.000000 -0.000000 1.000000
vn -0.000000 -0.000000 1.000000
vn -0.000000 -0.000000 1.000000
vn -0.000000 -0.000000 1.000000
vn -0.000000 -0.000000 1.000000
vn -0.000000 -0.000000 1.000000
vn -0.000000 -0.000000 1.000000
vn -0.000000 -0.000000 1.000000
vn -0.000000 -0.000000 1.000000
vn -0.000000 -0.000000 1.000000
vn -0.000000 -0.000000 1.000000
vn -0.000000 -0.000000 1.000000
vn -0.000000 -0.000000 1.000000
vn -0.000000 -0.000000 1.000000
vn -0.000000 -0.000000 1.000000
vn -0.000000 -0.000000 1.000000
vn -0.000000 -0.000000 1.000000
vn -0.000000 -0.000000 1.000000
vn -0.000000 -0.000000 1.000000
vn -0.000000 -0.000000 1.000000
vn -0.000000 -0.000000 1.000000
vn -0.000000 -0.000000 1.000000
vn -0.000000 -0.000000 1.000000
vn -0.000000 -0.000000 1.000000
vn -0.000000 -0.000000 1.000000
vn -0.000000 -0.000000 1.000000
vn -0.000000 -0.000000 1.000000
vn -0.000000 -0.000000 1.000000
vn -0.000000 -0.000000 1.000000
vn -0.000000 -0.000000 1.000000
vn -0.000000 -0.000000 1.000000
vn -0.000000 -0.000000 1.000000
vn -0.000000 -0.000000 1.000000
vn -0.000000 -0.000000 1.000000
vn -0.000000 -0.000000 1.000000
vn -0.000000 -0.000000 1.000000
vn -0.000000 -0.000000 1.000000
vn -0.000000 -0.000000 1.000000
vn -0.000000 -0.000000 1.000000
vn -0.000000 -0.000000 1.000000
vn -0.000000 -0.000000 1.000000
vn -0.000000 -0.000000 1.000000
vn -0.000000 -0.000000 1.000000
vn -0.000000 -0.000000 1.000000
vn -0.000000 -0.000000 1.000000
vn -0.000000 -0.000000 1.000000
vn -0.000000 -0.000000 1.000000
vn -0.000000 -0.000000 1.000000
vn -0.000000 -0.000000 1.000000
vn -0.000000 -0.000000 1.000000
vn -0.000000 -0.000000 1.000000
vn -0.000000 -0.000000 1.000000
vn -0.000000 -0.000000 1.000000
vn -0.000000 -0.000000 1.000000
vn -0.000000 -0.000000 1.000000
vn -0.000000 -0.000000 1.000000
vn -0.000000 -0.000000 1.000000
vn -0.000000 -0.000000 1.000000
vn -0.000000 -0.000000 1.000000
vn -0.000000 -0.000000 1.000000
vn 1.000000 -0.000000 0.000000
vn 1.000000 -0.000000 0.000000
vn 1.000000 -0.000000 0.000000
vn 1.000000 -0.000000 0.000000
vn 0.000000 -1.000000 -0.000000
vn 0.000000 -1.000000 -0.000000
vn 0.000000 -1.000000 -0.000000
vn 0.000000 -1.000000 -0.000000
vn 0.000000 -1.000000 -0.000000
vn 0.000000 -1.000000 -0.000000
vn 0.000000 -1.000000 -0.000000
vn 0.000000 -1.000000 -0.000000
vn -0.000000 -0.000000 1.000000
vn -0.000000 -0.000000 1.000000
vn -0.000000 -0.000000 1.000000
vn -0.000000 -0.000000 1.000000
vn -0.000000 -0.000000 1.000000
vn 0.000000 1.000000 0.000000
vn 0.000000 1.000000 0.000000
vn 0.000000 1.000000 0.000000
vn 0.000000 1.000000 0.000000
vn 0.000000 1.000000 0.000000
vn 0.000000 1.000000 0.000000
vn 1.000000 0.000000 0.000000
vn 1.000000 0.000000 0.000000
vn 1.000000 0.000000 0.000000
vn 1.000000 0.000000 0.000000
vn -0.000000 -1.000000 -0.000000
vn -0.000000 -1.000000 -0.000000
vn -0.000000 -1.000000 -0.000000
vn -0.000000 -1.000000 -0.000000
vn 1.000000 -0.000000 0.000000
vn 1.000000 -0.000000 0.000000
vn 1.000000 -0.000000 0.000000
vn 1.000000 -0.000000 0.000000
vn 0.000000 -1.000000 0.000000
vn 0.000000 -1.000000 0.000000
vn 0.000000 -1.000000 0.000000
vn 0.000000 -1.000000 0.000000
vn 1.000000 -0.000000 0.000000
vn 1.000000 -0.000000 0.000000
vn 1.000000 -0.000000 0.000000
vn 1.000000 -0.000000 0.000000
vn 0.000000 1.000000 0.000000
vn 0.000000 1.000000 0.000000
vn 0.000000 1.000000 0.000000
vn 0.000000 1.000000 0.000000
vn 1.000000 -0.000000 0.000000
vn 1.000000 -0.000000 0.000000
vn 1.000000 -0.000000 0.000000
vn 1.000000 -0.000000 0.000000
vn 1.000000 -0.000000 0.000000
vn 1.000000 -0.000000 0.000000
vn 1.000000 -0.000000 0.000000
vn 1.000000 -0.000000 0.000000
vn 1.000000 -0.000000 0.000000
vn -0.000000 -0.000000 1.000000
vn -0.000000 -0.000000 1.000000
vn -0.000000 -0.000000 1.000000
vn -0.000000 -0.000000 1.000000
vn 0.000000 -1.000000 -0.000000
vn 0.000000 -1.000000 -0.000000
vn 0.000000 -1.000000 -0.000000
vn 0.000000 -1.000000 -0.000000
vn 0.000000 -1.000000 -0.000000
vn 0.000000 -1.000000 -0.000000
vn 0.000000 -1.000000 -0.000000
vn 0.000000 -1.000000 -0.000000
vn 0.000000 -1.000000 -0.000000
vn 0.000000 -1.000000 -0.000000
vn -1.000000 -0.000000 -0.000000
vn -1.000000 -0.000000 -0.000000
vn -1.000000 -0.000000 -0.000000
vn -1.000000 -0.000000 -0.000000
vn 0.000000 -1.000000 -0.000000
vn 0.000000 -1.000000 -0.000000
vn 0.000000 -1.000000 -0.000000
vn 0.000000 -1.000000 -0.000000
vn 0.000000 1.000000 0.000000
vn 0.000000 1.000000 0.000000
vn 0.000000 1.000000 0.000000
vn 0.000000 1.000000 0.000000
vn -1.000000 -0.000000 -0.000000
vn -1.000000 -0.000000 -0.000000
vn -1.000000 -0.000000 -0.000000
vn -1.000000 -0.000000 -0.000000
vn 0.000000 -1.000000 -0.000000
vn 0.000000 -1.000000 -0.000000
vn 0.000000 -1.000000 -0.000000
vn 0.000000 -1.000000 -0.000000
vn 0.000000 1.000000 0.000000
vn 0.000000 1.000000 0.000000
vn 0.000000 1.000000 0.000000
vn 0.000000 1.000000 0.000000
vn -1.000000 -0.000000 -0.000000
vn -1.000000 -0.000000 -0.000000
vn -1.000000 -0.000000 -0.000000
vn -1.000000 -0.000000 -0.000000
vn -1.000000 -0.000000 -0.000000
vn -1.000000 -0.000000 -0.000000
vn -1.000000 -0.000000 -0.000000
vn -1.000000 -0.000000 -0.000000
vn 0.000000 -1.000000 0.000000
vn 0.000000 -1.000000 0.000000
vn 0.000000 -1.000000 0.000000
vn 0.000000 -1.000000 0.000000
vn 0.000000 -1.000000 0.000000
vn 0.000000 -1.000000 0.000000
vn 1.000000 0.000000 0.000000
vn 1.000000 0.000000 0.000000
vn 1.000000 0.000000 0.000000
vn 1.000000 0.000000 0.000000
vn -0.000000 -1.000000 -0.000000
vn -1.000000 0.000000 -0.000000
vn -1.000000 0.000000 -0.000000
vn -1.000000 0.000000 -0.000000
vn -1.000000 0.000000 -0.000000
vn -1.000000 -0.000000 -0.000000
vn -1.000000 -0.000000 -0.000000
vn -1.000000 -0.000000 -0.000000
vn -1.000000 -0.000000 -0.000000
vn -1.000000 -0.000000 -0.000000
vn -1.000000 -0.000000 -0.000000
vn -1.000000 -0.000000 -0.000000
vn -1.000000 -0.000000 -0.000000
vn -1.000000 -0.000000 -0.000000
vn -1.000000 -0.000000 -0.000000
vn -1.000000 -0.000000 -0.000000
vn -1.000000 -0.000000 -0.000000
vn -1.000000 -0.000000 -0.000000
vn -1.000000 -0.000000 -0.000000
vn -1.000000 -0.000000 -0.000000
vn -1.000000 -0.000000 -0.000000
vn 0.000000 1.000000 0.000000
vn 0.000000 -1.000000 0.000000
vn 0.000000 -1.000000 0.000000
vn 0.000000 -1.000000 0.000000
vn 0.000000 -1.000000 0.000000
vn 0.000000 -1.000000 0.000000
vn 0.000000 -1.000000 0.000000
vn 0.000000 -1.000000 0.000000
vn 0.000000 -1.000000 0.000000
vn 0.000000 -1.000000 0.000000
vn 0.000000 -1.000000 0.000000
vn 0.000000 -0.000000 1.000000
vn 0.000000 -0.000000 1.000000
vn 0.000000 -0.000000 1.000000
vn 0.000000 -0.000000 1.000000
vn 0.000000 -0.000000 1.000000
vn 0.000000 -0.000000 1.000000
vn 0.000000 -0.000000 1.000000
vn 0.000000 -0.000000 1.000000
vn 0.000000 -0.000000 1.000000
vn 0.000000 -0.000000 1.000000
vn 0.000000 -0.000000 1.000000
vn 0.000000 -0.000000 1.000000
vn 0.000000 -0.000000 1.000000
vn 0.000000 -0.000000 1.000000
vn 0.000000 -0.000000 1.000000
vn 0.000000 -0.000000 1.000000
vn 0.000000 -0.000000 1.000000
vn 0.000000 -0.000000 1.000000
vn 0.000000 -0.000000 1.000000
vn 0.000000 -0.000000 1.000000
vn 0.000000 -0.000000 1.000000
vn 0.000000 -0.000000 1.000000
vn 0.000000 -0.000000 1.000000
vn 0.000000 -0.000000 1.000000
vn 0.000000 -0.000000 1.000000
vn 0.000000 -0.000000 1.000000
vn 0.000000 -0.000000 1.000000
vn 0.000000 -0.000000 1.000000
vn 0.000000 -0.000000 1.000000
vn 0.000000 -0.000000 1.000000
vn 0.000000 -0.000000 1.000000
vn 0.000000 -0.000000 1.000000
vn 0.000000 -0.000000 1.000000
vn 0.000000 -0.000000 1.000000
vn 0.000000 -0.000000 1.000000
vn 0.000000 -0.000000 1.000000
vn 0.000000 -0.000000 1.000000
vn 0.000000 -0.000000 1.000000
vn 0.000000 -0.000000 1.000000
vn 0.000000 -0.000000 1.000000
vn 0.000000 -0.000000 1.000000
vn 0.000000 -0.000000 1.000000
vn 0.000000 -0.000000 1.000000
vn 0.000000 -0.000000 1.000000
vn 0.000000 -0.000000 1.000000
vn 0.000000 -0.000000 1.000000
vn 0.000000 -0.000000 1.000000
vn 0.000000 -0.000000 1.000000
vn 0.000000 -0.000000 1.000000
vn 0.000000 -0.000000 1.000000
vn 0.000000 -0.000000 1.000000
vn 0.000000 -0.000000 1.000000
vn 0.000000 -0.000000 1.000000
vn 0.000000 -0.000000 1.000000
vn 0.000000 -0.000000 1.000000
vn 0.000000 -0.000000 1.000000
vn 0.000000 -0.000000 1.000000
vn 0.000000 -0.000000 1.000000
vn 0.000000 -0.000000 1.000000
vn 0.000000 -0.000000 1.000000
vn 0.000000 -0.000000 1.000000
vn 0.000000 -0.000000 1.000000
vn 0.000000 -0.000000 1.000000
vn 0.000000 -0.000000 1.000000
vn 0.000000 -0.000000 1.000000
vn 0.000000 -0.000000 1.000000
vn 0.000000 -0.000000 1.000000
vn 0.000000 -0.000000 1.000000
vn 0.000000 -0.000000 1.000000
vn 0.000000 -0.000000 1.000000
vn 0.000000 -0.000000 1.000000
vn 0.000000 -0.000000 1.000000
vn 0.000000 -0.000000 1.000000
vn 0.000000 -0.000000 1.000000
vn 0.000000 -0.000000 1.000000
vn 0.000000 -0.000000 1.000000
vn 0.000000 -0.000000 1.000000
vn 0.000000 -0.000000 1.000000
vn 0.000000 -0.000000 1.000000
vn 0.000000 -0.000000 1.000000
vn 0.000000 -0.000000 1.000000
vn 0.000000 -0.000000 1.000000
vn 0.000000 -0.000000 1.000000
vn 0.000000 -0.000000 1.000000
vn 0.000000 -0.000000 1.000000
vn 0.000000 -0.000000 1.000000
vn 0.000000 -0.000000 1.000000
vn 0.000000 -0.000000 1.000000
vn 0.000000 -0.000000 1.000000
vn 0.000000 -0.000000 1.000000
vn 0.000000 -0.000000 1.000000
vn 0.000000 -0.000000 1.000000
vn 0.000000 -0.000000 1.000000
vn 0.000000 -0.000000 1.000000
vn 0.000000 -0.000000 1.000000
vn 0.000000 -0.000000 1.000000
vn 0.000000 -0.000000 1.000000
vn 0.000000 -0.000000 1.000000
vn 0.000000 -0.000000 1.000000
vn 0.000000 -0.000000 1.000000
vn 0.000000 -0.000000 1.000000
vn 0.000000 -0.000000 1.000000
vn 0.000000 -0.000000 1.000000
vn 0.000000 -0.000000 1.000000
vn 0.000000 -0.000000 1.000000
vn 0.000000 -0.000000 1.000000
vn 0.000000 -0.000000 1.000000
vn 0.000000 -0.000000 1.000000
vn 0.000000 -0.000000 1.000000
vn 0.000000 -0.000000 1.000000
vn 0.000000 -0.000000 1.000000
vn 0.000000 -0.000000 1.000000
vn 0.000000 -0.000000 1.000000
vn 0.000000 -0.000000 1.000000
vn 0.000000 -0.000000 1.000000
vn 0.000000 -0.000000 1.000000
vn 0.000000 -0.000000 1.000000
vn 0.000000 -0.000000 1.000000
vn 0.000000 -0.000000 1.000000
vn 0.000000 -0.000000 1.000000
vn 0.000000 -0.000000 1.000000
vn 0.000000 -0.000000 1.000000
vn 0.000000 -0.000000 1.000000
vn 0.000000 -0.000000 1.000000
vn 0.000000 -0.000000 1.000000
vn 0.000000 -0.000000 1.000000
vn 0.000000 -0.000000 1.000000
vn 0.000000 -0.000000 1.000000
vn 0.000000 -0.000000 1.000000
vn 0.000000 -0.000000 1.000000
vn 0.000000 -0.000000 1.000000
vn 0.000000 -0.000000 1.000000
vn 0.000000 -0.000000 1.000000
vn 0.000000 -0.000000 1.000000
vn 0.000000 -0.000000 1.000000
vn 0.000000 -0.000000 1.000000
vn 0.000000 -0.000000 1.000000
vn 0.000000 -0.000000 1.000000
vn 0.000000 -0.000000 1.000000
vn 0.000000 -0.000000 1.000000
vn 0.000000 -0.000000 1.000000
vn 0.000000 -0.000000 1.000000
vn 0.000000 -0.000000 1.000000
vn 0.000000 -0.000000 1.000000
vn 0.000000 -0.000000 1.000000
vn 0.000000 -0.000000 1.000000
vn 0.000000 -0.000000 1.000000
vn 0.000000 -0.000000 1.000000
vn 0.000000 -0.000000 1.000000
vn 0.000000 -0.000000 1.000000
vn 0.000000 -0.000000 1.000000
vn 0.000000 -0.000000 1.000000
vn 0.000000 -0.000000 1.000000
vn 0.000000 -0.000000 1.000000
vn 0.000000 -0.000000 1.000000
vn 0.000000 -0.000000 1.000000
vn 0.000000 -0.000000 1.000000
vn 0.000000 -0.000000 1.000000
vn 0.000000 -0.000000 1.000000
vn 0.000000 -0.000000 1.000000
vn 0.000000 -0.000000 1.000000
vn 0.000000 -0.000000 1.000000
vn 0.000000 -0.000000 1.000000
vn 0.000000 -0.000000 1.000000
vn 0.000000 -0.000000 1.000000
vn 0.000000 -0.000000 1.000000
vn 0.000000 -0.000000 1.000000
vn 0.000000 -0.000000 1.000000
vn 0.000000 -0.000000 1.000000
vn 0.000000 -0.000000 1.000000
vn 0.000000 -0.000000 1.000000
vn 0.000000 -0.000000 1.000000
vn 0.000000 -0.000000 1.000000
vn 0.000000 -0.000000 1.000000
vn 0.000000 -0.000000 1.000000
vn 0.000000 -0.000000 1.000000
vn 0.000000 -0.000000 1.000000
vn 0.000000 -0.000000 1.000000
vn 0.000000 -0.000000 1.000000
vn 0.000000 -0.000000 1.000000
vn 0.000000 -0.000000 1.000000
vn 0.000000 -0.000000 1.000000
vn 0.000000 -0.000000 1.000000
vn -0.000000 -1.000000 -0.000000
vn -0.000000 -1.000000 -0.000000
vn -0.000000 -1.000000 -0.000000
vn -0.000000 -1.000000 -0.000000
vn 0.000000 -1.000000 -0.000000
vn 0.000000 -1.000000 -0.000000
vn -0.000000 1.000000 -0.000000
vn -0.000000 1.000000 -0.000000
vn 1.000000 -0.000000 0.000000
vn 1.000000 -0.000000 0.000000
vn 1.000000 -0.000000 0.000000
vn 1.000000 -0.000000 0.000000
vn 1.000000 -0.000000 0.000000
vn 1.000000 -0.000000 0.000000
vn 1.000000 -0.000000 0.000000
vn 1.000000 -0.000000 0.000000
vn 1.000000 -0.000000 0.000000
vn 1.000000 -0.000000 0.000000
vn -0.965926 0.258819 0.000000
vn -0.965926 0.258819 0.000000
vn -1.000000 0.000000 0.000000
vn -1.000000 0.000000 0.000000
vn -0.965926 -0.258819 -0.000000
vn -0.965926 -0.258819 -0.000000
vn -0.866025 -0.500000 -0.000000
vn -0.866025 -0.500000 -0.000000
vn -0.707107 -0.707107 -0.000000
vn -0.707107 -0.707107 -0.000000
vn -0.500000 -0.866025 -0.000000
vn -0.500000 -0.866025 -0.000000
vn -0.258819 -0.965926 -0.000000
vn -0.258819 -0.965926 -0.000000
vn 0.000000 -1.000000 0.000000
vn 0.000000 -1.000000 0.000000
vn 0.258819 -0.965926 0.000000
vn 0.258819 -0.965926 0.000000
vn 0.500000 -0.866025 0.000000
vn 0.500000 -0.866025 0.000000
vn 0.707107 -0.707107 0.000000
vn 0.707107 -0.707107 0.000000
vn 0.866025 -0.500000 0.000000
vn 0.866025 -0.500000 0.000000
vn 0.965926 -0.258819 0.000000
vn 0.965926 -0.258819 0.000000
vn 1.000000 -0.000000 0.000000
vn 1.000000 -0.000000 0.000000
vn 0.965926 0.258819 0.000000
vn 0.965926 0.258819 0.000000
vn 0.866025 0.500000 0.000000
vn 0.866025 0.500000 0.000000
vn 0.707107 0.707107 0.000000
vn 0.707107 0.707107 0.000000
vn 0.500000 0.866025 0.000000
vn 0.500000 0.866025 0.000000
vn 0.258819 0.965926 0.000000
vn 0.258819 0.965926 0.000000
vn 0.000000 1.000000 0.000000
vn 0.000000 1.000000 0.000000
vn -0.258819 0.965926 0.000000
vn -0.258819 0.965926 0.000000
vn -0.500000 0.866025 0.000000
vn -0.500000 0.866025 0.000000
vn -0.707107 0.707107 0.000000
vn -0.707107 0.707107 0.000000
vn -0.866025 0.500000 0.000000
vn -0.866025 0.500000 0.000000
vn 0.000000 0.000000 1.000000
vn 0.000000 0.000000 1.000000
vn 0.000000 0.000000 1.000000
vn 0.000000 0.000000 1.000000
vn 0.000000 0.000000 1.000000
vn 0.000000 0.000000 1.000000
vn 0.000000 0.000000 1.000000
vn 0.000000 0.000000 1.000000
vn 0.000000 0.000000 1.000000
vn 0.000000 0.000000 1.000000
vn 0.000000 0.000000 1.000000
vn 0.000000 0.000000 1.000000
vn 0.000000 0.000000 1.000000
vn 0.000000 0.000000 1.000000
vn 0.000000 0.000000 1.000000
vn 0.000000 0.000000 1.000000
vn 0.000000 0.000000 1.000000
vn 0.000000 0.000000 1.000000
vn 0.000000 0.000000 1.000000
vn 0.000000 0.000000 1.000000
vn 0.000000 0.000000 1.000000
vn 0.000000 0.000000 1.000000
vn 0.000000 0.000000 1.000000
vn 0.000000 0.000000 1.000000
vn -0.965926 0.258819 0.000000
vn -0.965926 0.258819 0.000000
vn -1.000000 0.000000 0.000000
vn -1.000000 0.000000 0.000000
vn -0.965926 -0.258819 -0.000000
vn -0.965926 -0.258819 -0.000000
vn -0.866025 -0.500000 -0.000000
vn -0.866025 -0.500000 -0.000000
vn -0.707107 -0.707107 -0.000000
vn -0.707107 -0.707107 -0.000000
vn -0.500000 -0.866025 -0.000000
vn -0.500000 -0.866025 -0.000000
vn -0.258819 -0.965926 -0.000000
vn -0.258819 -0.965926 -0.000000
vn 0.000000 -1.000000 0.000000
vn 0.000000 -1.000000 0.000000
vn 0.258819 -0.965926 0.000000
vn 0.258819 -0.965926 0.000000
vn 0.500000 -0.866025 0.000000
vn 0.500000 -0.866025 0.000000
vn 0.707107 -0.707107 0.000000
vn 0.707107 -0.707107 0.000000
vn 0.866025 -0.500000 0.000000
vn 0.866025 -0.500000 0.000000
vn 0.965926 -0.258819 0.000000
vn 0.965926 -0.258819 0.000000
vn 1.000000 -0.000000 0.000000
vn 1.000000 -0.000000 0.000000
vn 0.965926 0.258819 0.000000
vn 0.965926 0.258819 0.000000
vn 0.866025 0.500000 0.000000
vn 0.866025 0.500000 0.000000
vn 0.707107 0.707107 0.000000
vn 0.707107 0.707107 0.000000
vn 0.500000 0.866025 0.000000
vn 0.500000 0.866025 0.000000
vn 0.258819 0.965926 0.000000
vn 0.258819 0.965926 0.000000
vn 0.000000 1.000000 0.000000
vn 0.000000 1.000000 0.000000
vn -0.258819 0.965926 0.000000
vn -0.258819 0.965926 0.000000
vn -0.500000 0.866025 0.000000
vn -0.500000 0.866025 0.000000
vn -0.707107 0.707107 0.000000
vn -0.707107 0.707107 0.000000
vn -0.866025 0.500000 0.000000
vn -0.866025 0.500000 0.000000
vn 0.000000 0.000000 1.000000
vn 0.000000 0.000000 1.000000
vn 0.000000 0.000000 1.000000
vn 0.000000 0.000000 1.000000
vn 0.000000 0.000000 1.000000
vn 0.000000 0.000000 1.000000
vn 0.000000 0.000000 1.000000
vn 0.000000 0.000000 1.000000
vn 0.000000 0.000000 1.000000
vn 0.000000 0.000000 1.000000
vn 0.000000 0.000000 1.000000
vn 0.000000 0.000000 1.000000
vn 0.000000 0.000000 1.000000
vn 0.000000 0.000000 1.000000
vn 0.000000 0.000000 1.000000
vn 0.000000 0.000000 1.000000
vn 0.000000 0.000000 1.000000
vn 0.000000 0.000000 1.000000
vn 0.000000 0.000000 1.000000
vn 0.000000 0.000000 1.000000
vn 0.000000 0.000000 1.000000
vn 0.000000 0.000000 1.000000
vn 0.000000 0.000000 1.000000
vn 0.000000 0.000000 1.000000
vn -0.965926 0.258819 0.000000
vn -0.965926 0.258819 0.000000
vn -1.000000 0.000000 0.000000
vn -1.000000 0.000000 0.000000
vn -0.965926 -0.258819 -0.000000
vn -0.965926 -0.258819 -0.000000
vn -0.866025 -0.500000 -0.000000
vn -0.866025 -0.500000 -0.000000
vn -0.707107 -0.707107 -0.000000
vn -0.707107 -0.707107 -0.000000
vn -0.500000 -0.866025 -0.000000
vn -0.500000 -0.866025 -0.000000
vn -0.258819 -0.965926 -0.000000
vn -0.258819 -0.965926 -0.000000
vn 0.000000 -1.000000 0.000000
vn 0.000000 -1.000000 0.000000
vn 0.258819 -0.965926 0.000000
vn 0.258819 -0.965926 0.000000
vn 0.500000 -0.866025 0.000000
vn 0.500000 -0.866025 0.000000
vn 0.707107 -0.707107 0.000000
vn 0.707107 -0.707107 0.000000
vn 0.866025 -0.500000 0.000000
vn 0.866025 -0.500000 0.000000
vn 0.965926 -0.258819 0.000000
vn 0.965926 -0.258819 0.000000
vn 1.000000 -0.000000 0.000000
vn 1.000000 -0.000000 0.000000
vn 0.965926 0.258819 0.000000
vn 0.965926 0.258819 0.000000
vn 0.866025 0.500000 0.000000
vn 0.866025 0.500000 0.000000
vn 0.707107 0.707107 0.000000
vn 0.707107 0.707107 0.000000
vn 0.500000 0.866025 0.000000
vn 0.500000 0.866025 0.000000
vn 0.258819 0.965926 0.000000
vn 0.258819 0.965926 0.000000
vn 0.000000 1.000000 0.000000
vn 0.000000 1.000000 0.000000
vn -0.258819 0.965926 0.000000
vn -0.258819 0.965926 0.000000
vn -0.500000 0.866025 0.000000
vn -0.500000 0.866025 0.000000
vn -0.707107 0.707107 0.000000
vn -0.707107 0.707107 0.000000
vn -0.866025 0.500000 0.000000
vn -0.866025 0.500000 0.000000
vn 0.000000 0.000000 1.000000
vn 0.000000 0.000000 1.000000
vn 0.000000 0.000000 1.000000
vn 0.000000 0.000000 1.000000
vn 0.000000 0.000000 1.000000
vn 0.000000 0.000000 1.000000
vn 0.000000 0.000000 1.000000
vn 0.000000 0.000000 1.000000
vn 0.000000 0.000000 1.000000
vn 0.000000 0.000000 1.000000
vn 0.000000 0.000000 1.000000
vn 0.000000 0.000000 1.000000
vn 0.000000 0.000000 1.000000
vn 0.000000 0.000000 1.000000
vn 0.000000 0.000000 1.000000
vn 0.000000 0.000000 1.000000
vn 0.000000 0.000000 1.000000
vn 0.000000 0.000000 1.000000
vn 0.000000 0.000000 1.000000
vn 0.000000 0.000000 1.000000
vn 0.000000 0.000000 1.000000
vn 0.000000 0.000000 1.000000
vn 0.000000 0.000000 1.000000
vn 0.000000 0.000000 1.000000
vn -0.965926 0.258819 0.000000
vn -0.965926 0.258819 0.000000
vn -1.000000 0.000000 0.000000
vn -1.000000 0.000000 0.000000
vn -0.965926 -0.258819 -0.000000
vn -0.965926 -0.258819 -0.000000
vn -0.866025 -0.500000 -0.000000
vn -0.866025 -0.500000 -0.000000
vn -0.707107 -0.707107 -0.000000
vn -0.707107 -0.707107 -0.000000
vn -0.500000 -0.866025 -0.000000
vn -0.500000 -0.866025 -0.000000
vn -0.258819 -0.965926 -0.000000
vn -0.258819 -0.965926 -0.000000
vn 0.000000 -1.000000 0.000000
vn 0.000000 -1.000000 0.000000
vn 0.258819 -0.965926 0.000000
vn 0.258819 -0.965926 0.000000
vn 0.500000 -0.866025 0.000000
vn 0.500000 -0.866025 0.000000
vn 0.707107 -0.707107 0.000000
vn 0.707107 -0.707107 0.000000
vn 0.866025 -0.500000 0.000000
vn 0.866025 -0.500000 0.000000
vn 0.965926 -0.258819 0.000000
vn 0.965926 -0.258819 0.000000
vn 1.000000 -0.000000 0.000000
vn 1.000000 -0.000000 0.000000
vn 0.965926 0.258819 0.000000
vn 0.965926 0.258819 0.000000
vn 0.866025 0.500000 0.000000
vn 0.866025 0.500000 0.000000
vn 0.707107 0.707107 0.000000
vn 0.707107 0.707107 0.000000
vn 0.500000 0.866025 0.000000
vn 0.500000 0.866025 0.000000
vn 0.258819 0.965926 0.000000
vn 0.258819 0.965926 0.000000
vn 0.000000 1.000000 0.000000
vn 0.000000 1.000000 0.000000
vn -0.258819 0.965926 0.000000
vn -0.258819 0.965926 0.000000
vn -0.500000 0.866025 0.000000
vn -0.500000 0.866025 0.000000
vn -0.707107 0.707107 0.000000
vn -0.707107 0.707107 0.000000
vn -0.866025 0.500000 0.000000
vn -0.866025 0.500000 0.000000
vn 0.000000 0.000000 1.000000
vn 0.000000 0.000000 1.000000
vn 0.000000 0.000000 1.000000
vn 0.000000 0.000000 1.000000
vn 0.000000 0.000000 1.000000
vn 0.000000 0.000000 1.000000
vn 0.000000 0.000000 1.000000
vn 0.000000 0.000000 1.000000
vn 0.000000 0.000000 1.000000
vn 0.000000 0.000000 1.000000
vn 0.000000 0.000000 1.000000
vn 0.000000 0.000000 1.000000
vn 0.000000 0.000000 1.000000
vn 0.000000 0.000000 1.000000
vn 0.000000 0.000000 1.000000
vn 0.000000 0.000000 1.000000
vn 0.000000 0.000000 1.000000
vn 0.000000 0.000000 1.000000
vn 0.000000 0.000000 1.000000
vn 0.000000 0.000000 1.000000
vn 0.000000 0.000000 1.000000
vn 0.000000 0.000000 1.000000
vn 0.000000 0.000000 1.000000
vn 0.000000 0.000000 1.000000
vn -0.965926 0.258819 0.000000
vn -0.965926 0.258819 0.000000
vn -1.000000 0.000000 0.000000
vn -1.000000 0.000000 0.000000
vn -0.965926 -0.258819 -0.000000
vn -0.965926 -0.258819 -0.000000
vn -0.866025 -0.500000 -0.000000
vn -0.866025 -0.500000 -0.000000
vn -0.707107 -0.707107 -0.000000
vn -0.707107 -0.707107 -0.000000
vn -0.500000 -0.866025 -0.000000
vn -0.500000 -0.866025 -0.000000
vn -0.258819 -0.965926 -0.000000
vn -0.258819 -0.965926 -0.000000
vn 0.000000 -1.000000 0.000000
vn 0.000000 -1.000000 0.000000
vn 0.258819 -0.965926 0.000000
vn 0.258819 -0.965926 0.000000
vn 0.500000 -0.866025 0.000000
vn 0.500000 -0.866025 0.000000
vn 0.707107 -0.707107 0.000000
vn 0.707107 -0.707107 0.000000
vn 0.866025 -0.500000 0.000000
vn 0.866025 -0.500000 0.000000
vn 0.965926 -0.258819 0.000000
vn 0.965926 -0.258819 0.000000
vn 1.000000 -0.000000 0.000000
vn 1.000000 -0.000000 0.000000
vn 0.965926 0.258819 0.000000
vn 0.965926 0.258819 0.000000
vn 0.866025 0.500000 0.000000
vn 0.866025 0.500000 0.000000
vn 0.707107 0.707107 0.000000
vn 0.707107 0.707107 0.000000
vn 0.500000 0.866025 0.000000
vn 0.500000 0.866025 0.000000
vn 0.258819 0.965926 0.000000
vn 0.258819 0.965926 0.000000
vn 0.000000 1.000000 0.000000
vn 0.000000 1.000000 0.000000
vn -0.258819 0.965926 0.000000
vn -0.258819 0.965926 0.000000
vn -0.500000 0.866025 0.000000
vn -0.500000 0.866025 0.000000
vn -0.707107 0.707107 0.000000
vn -0.707107 0.707107 0.000000
vn -0.866025 0.500000 0.000000
vn -0.866025 0.500000 0.000000
vn 0.000000 0.000000 1.000000
vn 0.000000 0.000000 1.000000
vn 0.000000 0.000000 1.000000
vn 0.000000 0.000000 1.000000
vn 0.000000 0.000000 1.000000
vn 0.000000 0.000000 1.000000
vn 0.000000 0.000000 1.000000
vn 0.000000 0.000000 1.000000
vn 0.000000 0.000000 1.000000
vn 0.000000 0.000000 1.000000
vn 0.000000 0.000000 1.000000
vn 0.000000 0.000000 1.000000
vn 0.000000 0.000000 1.000000
vn 0.000000 0.000000 1.000000
vn 0.000000 0.000000 1.000000
vn 0.000000 0.000000 1.000000
vn 0.000000 0.000000 1.000000
vn 0.000000 0.000000 1.000000
vn 0.000000 0.000000 1.000000
vn 0.000000 0.000000 1.000000
vn 0.000000 0.000000 1.000000
vn 0.000000 0.000000 1.000000
vn 0.000000 0.000000 1.000000
vn 0.000000 0.000000 1.000000
vn -0.965926 0.258819 0.000000
vn -0.965926 0.258819 0.000000
vn -1.000000 0.000000 0.000000
vn -1.000000 0.000000 0.000000
vn -0.965926 -0.258819 -0.000000
vn -0.965926 -0.258819 -0.000000
vn -0.866025 -0.500000 -0.000000
vn -0.866025 -0.500000 -0.000000
vn -0.707107 -0.707107 -0.000000
vn -0.707107 -0.707107 -0.000000
vn -0.500000 -0.866025 -0.000000
vn -0.500000 -0.866025 -0.000000
vn -0.258819 -0.965926 -0.000000
vn -0.258819 -0.965926 -0.000000
vn 0.000000 -1.000000 0.000000
vn 0.000000 -1.000000 0.000000
vn 0.258819 -0.965926 0.000000
vn 0.258819 -0.965926 0.000000
vn 0.500000 -0.866025 0.000000
vn 0.500000 -0.866025 0.000000
vn 0.707107 -0.707107 0.000000
vn 0.707107 -0.707107 0.000000
vn 0.866025 -0.500000 0.000000
vn 0.866025 -0.500000 0.000000
vn 0.965926 -0.258819 0.000000
vn 0.965926 -0.258819 0.000000
vn 1.000000 -0.000000 0.000000
vn 1.000000 -0.000000 0.000000
vn 0.965926 0.258819 0.000000
vn 0.965926 0.258819 0.000000
vn 0.866025 0.500000 0.000000
vn 0.866025 0.500000 0.000000
vn 0.707107 0.707107 0.000000
vn 0.707107 0.707107 0.000000
vn 0.500000 0.866025 0.000000
vn 0.500000 0.866025 0.000000
vn 0.258819 0.965926 0.000000
vn 0.258819 0.965926 0.000000
vn 0.000000 1.000000 0.000000
vn 0.000000 1.000000 0.000000
vn -0.258819 0.965926 0.000000
vn -0.258819 0.965926 0.000000
vn -0.500000 0.866025 0.000000
vn -0.500000 0.866025 0.000000
vn -0.707107 0.707107 0.000000
vn -0.707107 0.707107 0.000000
vn -0.866025 0.500000 0.000000
vn -0.866025 0.500000 0.000000
vn 0.000000 0.000000 1.000000
vn 0.000000 0.000000 1.000000
vn 0.000000 0.000000 1.000000
vn 0.000000 0.000000 1.000000
vn 0.000000 0.000000 1.000000
vn 0.000000 0.000000 1.000000
vn 0.000000 0.000000 1.000000
vn 0.000000 0.000000 1.000000
vn 0.000000 0.000000 1.000000
vn 0.000000 0.000000 1.000000
vn 0.000000 0.000000 1.000000
vn 0.000000 0.000000 1.000000
vn 0.000000 0.000000 1.000000
vn 0.000000 0.000000 1.000000
vn 0.000000 0.000000 1.000000
vn 0.000000 0.000000 1.000000
vn 0.000000 0.000000 1.000000
vn 0.000000 0.000000 1.000000
vn 0.000000 0.000000 1.000000
vn 0.000000 0.000000 1.000000
vn 0.000000 0.000000 1.000000
vn 0.000000 0.000000 1.000000
vn 0.000000 0.000000 1.000000
vn 0.000000 0.000000 1.000000
vn 0.000000 -1.000000 0.000000
vn 0.000000 -1.000000 0.000000
vn -0.258819 -0.965926 0.000000
vn -0.258819 -0.965926 0.000000
vn -0.500000 -0.866025 0.000000
vn -0.500000 -0.866025 0.000000
vn -0.707107 -0.707107 0.000000
vn -0.707107 -0.707107 0.000000
vn -0.866025 -0.500000 0.000000
vn -0.866025 -0.500000 0.000000
vn -0.965926 -0.258819 0.000000
vn -0.965926 -0.258819 0.000000
vn -1.000000 -0.000000 0.000000
vn -1.000000 -0.000000 0.000000
vn 0.000000 -1.000000 0.000000
vn 0.000000 -1.000000 0.000000
vn -1.000000 -0.000000 0.000000
vn -1.000000 -0.000000 0.000000
vn -0.965926 -0.258819 0.000000
vn -0.965926 -0.258819 0.000000
vn -0.866025 -0.500000 0.000000
vn -0.866025 -0.500000 0.000000
vn -0.707107 -0.707107 0.000000
vn -0.707107 -0.707107 0.000000
vn -0.500000 -0.866025 0.000000
vn -0.500000 -0.866025 0.000000
vn -0.258819 -0.965926 0.000000
vn -0.258819 -0.965926 0.000000
vn -1.000000 -0.000000 0.000000
vn -1.000000 -0.000000 0.000000
vn -0.000000 1.000000 -0.000000
vn -0.000000 1.000000 -0.000000
vn -0.258819 0.965926 -0.000000
vn -0.258819 0.965926 -0.000000
vn -0.500000 0.866025 -0.000000
vn -0.500000 0.866025 -0.000000
vn -0.707107 0.707107 -0.000000
vn -0.707107 0.707107 -0.000000
vn -0.866025 0.500000 -0.000000
vn -0.866025 0.500000 -0.000000
vn -0.965926 0.258819 -0.000000
vn -0.965926 0.258819 -0.000000
vn -0.000000 1.000000 0.000000
vn -0.000000 1.000000 0.000000
vn -1.000000 0.000000 0.000000
vn -1.000000 0.000000 0.000000
vn -0.965926 0.258819 0.000000
vn -0.965926 0.258819 0.000000
vn -0.866025 0.500000 0.000000
vn -0.866025 0.500000 0.000000
vn -0.707107 0.707107 0.000000
vn -0.707107 0.707107 0.000000
vn -0.500000 0.866025 0.000000
vn -0.500000 0.866025 0.000000
vn -0.258819 0.965926 0.000000
vn -0.258819 0.965926 0.000000
vn -1.000000 0.000000 0.000000
vn -1.000000 0.000000 0.000000
vn -0.371487 -0.928438 0.000000
vn -0.371487 -0.928438 0.000000
vn -0.371487 -0.928438 0.000000
vn -0.371487 -0.928438 0.000000
vn -0.771934 -0.635703 0.000000
vn -0.771934 -0.635703 0.000000
vn -0.655458 -0.755232 0.000000
vn -0.655458 -0.755232 0.000000
vn -0.520724 -0.853725 0.000000
vn -0.520724 -0.853725 0.000000
vn -0.771934 -0.635703 0.000000
vn -0.771934 -0.635703 0.000000
vn -0.000000 -1.000000 0.000000
vn -0.000000 -1.000000 0.000000
vn -0.218688 -0.975795 0.000000
vn -0.218688 -0.975795 0.000000
vn -0.426789 -0.904351 0.000000
vn -0.426789 -0.904351 0.000000
vn -0.614229 -0.789128 0.000000
vn -0.614229 -0.789128 0.000000
vn 0.000000 -1.000000 0.000000
vn 0.000000 -1.000000 0.000000
vn 0.000000 -1.000000 0.000000
vn 0.000000 -1.000000 0.000000
vn 1.000000 -0.000000 0.000000
vn 1.000000 -0.000000 0.000000
vn 0.965926 -0.258819 0.000000
vn 0.965926 -0.258819 0.000000
vn 0.866025 -0.500000 0.000000
vn 0.866025 -0.500000 0.000000
vn 0.707107 -0.707107 0.000000
vn 0.707107 -0.707107 0.000000
vn 0.500000 -0.866025 0.000000
vn 0.500000 -0.866025 0.000000
vn 0.258819 -0.965926 0.000000
vn 0.258819 -0.965926 0.000000
vn 1.000000 -0.000000 0.000000
vn 1.000000 -0.000000 0.000000
vn 0.000005 -1.000000 -0.000000
vn 0.000005 -1.000000 -0.000000
vn 0.258823 -0.965925 -0.000000
vn 0.258823 -0.965925 -0.000000
vn 0.500003 -0.866024 -0.000000
vn 0.500003 -0.866024 -0.000000
vn 0.707108 -0.707105 -0.000000
vn 0.707108 -0.707105 -0.000000
vn 0.866026 -0.499999 -0.000000
vn 0.866026 -0.499999 -0.000000
vn 0.965926 -0.258818 -0.000000
vn 0.965926 -0.258818 -0.000000
vn -0.000016 -1.000000 0.000000
vn -0.000016 -1.000000 0.000000
vn -0.000016 -1.000000 0.000000
vn -0.000016 -1.000000 0.000000
vn 1.000000 0.000000 -0.000000
vn 1.000000 0.000000 -0.000000
vn 0.965925 -0.258822 0.000000
vn 0.965925 -0.258822 0.000000
vn 0.866023 -0.500005 0.000000
vn 0.866023 -0.500005 0.000000
vn 0.707101 -0.707112 0.000000
vn 0.707101 -0.707112 0.000000
vn 0.499991 -0.866031 0.000000
vn 0.499991 -0.866031 0.000000
vn 0.258806 -0.965929 0.000000
vn 0.258806 -0.965929 0.000000
vn 1.000000 0.000000 0.000000
vn 1.000000 0.000000 0.000000
vn 0.000001 1.000000 -0.000000
vn 0.000001 1.000000 -0.000000
vn 0.258820 0.965926 -0.000000
vn 0.258820 0.965926 -0.000000
vn 0.500001 0.866025 -0.000000
vn 0.500001 0.866025 -0.000000
vn 0.707107 0.707106 -0.000000
vn 0.707107 0.707106 -0.000000
vn 0.866026 0.500000 -0.000000
vn 0.866026 0.500000 -0.000000
vn 0.965926 0.258819 -0.000000
vn 0.965926 0.258819 -0.000000
vn 0.000001 1.000000 -0.000000
vn 0.000001 1.000000 -0.000000
vn 1.000000 -0.000000 -0.000000
vn 1.000000 -0.000000 -0.000000
vn 0.965926 0.258819 -0.000000
vn 0.965926 0.258819 -0.000000
vn 0.866026 0.500000 -0.000000
vn 0.866026 0.500000 -0.000000
vn 0.707107 0.707106 -0.000000
vn 0.707107 0.707106 -0.000000
vn 0.500001 0.866025 -0.000000
vn 0.500001 0.866025 -0.000000
vn 0.258820 0.965926 -0.000000
vn 0.258820 0.965926 -0.000000
vn 1.000000 -0.000000 0.000000
vn 1.000000 -0.000000 0.000000
vn 0.000002 -1.000000 -0.000000
vn 0.000002 -1.000000 -0.000000
vn 0.258821 -0.965925 -0.000000
vn 0.258821 -0.965925 -0.000000
vn 0.500001 -0.866025 -0.000000
vn 0.500001 -0.866025 -0.000000
vn 0.707107 -0.707106 -0.000000
vn 0.707107 -0.707106 -0.000000
vn 0.866026 -0.499999 -0.000000
vn 0.866026 -0.499999 -0.000000
vn 0.965926 -0.258819 -0.000000
vn 0.965926 -0.258819 -0.000000
vn 0.000002 -1.000000 0.000000
vn 0.000002 -1.000000 0.000000
vn 1.000000 0.000002 -0.000000
vn 1.000000 0.000002 -0.000000
vn 0.965926 -0.258817 0.000000
vn 0.965926 -0.258817 0.000000
vn 0.866026 -0.499998 0.000000
vn 0.866026 -0.499998 0.000000
vn 0.707108 -0.707105 0.000000
vn 0.707108 -0.707105 0.000000
vn 0.500002 -0.866024 0.000000
vn 0.500002 -0.866024 0.000000
vn 0.258821 -0.965925 0.000000
vn 0.258821 -0.965925 0.000000
vn 1.000000 0.000002 -0.000000
vn 1.000000 0.000002 -0.000000
vn 1.000000 -0.000000 0.000000
vn 1.000000 -0.000000 0.000000
vn 1.000000 -0.000000 0.000000
vn 1.000000 -0.000000 0.000000
vn -0.000016 1.000000 0.000000
vn -0.000016 1.000000 0.000000
vn 0.258806 0.965929 -0.000000
vn 0.258806 0.965929 -0.000000
vn 0.499991 0.866031 -0.000000
vn 0.499991 0.866031 -0.000000
vn 0.707101 0.707112 -0.000000
vn 0.707101 0.707112 -0.000000
vn 0.866023 0.500005 -0.000000
vn 0.866023 0.500005 -0.000000
vn 0.965925 0.258822 -0.000000
vn 0.965925 0.258822 -0.000000
vn -0.000016 1.000000 0.000000
vn -0.000016 1.000000 0.000000
vn 1.000000 -0.000000 -0.000000
vn 1.000000 -0.000000 -0.000000
vn 0.965926 0.258818 -0.000000
vn 0.965926 0.258818 -0.000000
vn 0.866026 0.499999 -0.000000
vn 0.866026 0.499999 -0.000000
vn 0.707108 0.707105 -0.000000
vn 0.707108 0.707105 -0.000000
vn 0.500003 0.866024 -0.000000
vn 0.500003 0.866024 -0.000000
vn 0.258823 0.965925 -0.000000
vn 0.258823 0.965925 -0.000000
vn 0.000005 1.000000 -0.000000
vn 0.000005 1.000000 -0.000000
vn 1.000000 -0.000000 0.000000
vn 1.000000 -0.000000 0.000000
vn -0.000000 1.000000 0.000000
vn -0.000000 1.000000 0.000000
vn 0.258819 0.965926 -0.000000
vn 0.258819 0.965926 -0.000000
vn 0.500000 0.866025 -0.000000
vn 0.500000 0.866025 -0.000000
vn 0.707107 0.707107 -0.000000
vn 0.707107 0.707107 -0.000000
vn 0.866025 0.500000 -0.000000
vn 0.866025 0.500000 -0.000000
vn 0.965926 0.258819 -0.000000
vn 0.965926 0.258819 -0.000000
vn -0.000000 1.000000 0.000000
vn -0.000000 1.000000 0.000000
vn -0.771934 0.635703 0.000000
vn -0.771934 0.635703 0.000000
vn -0.614229 0.789128 0.000000
vn -0.614229 0.789128 0.000000
vn -0.426789 0.904351 0.000000
vn -0.426789 0.904351 0.000000
vn -0.218688 0.975795 0.000000
vn -0.218688 0.975795 0.000000
vn -0.771934 0.635703 0.000000
vn -0.771934 0.635703 0.000000
vn -0.371487 0.928438 -0.000000
vn -0.371487 0.928438 -0.000000
vn -0.520724 0.853725 -0.000000
vn -0.520724 0.853725 -0.000000
vn -0.655458 0.755232 -0.000000
vn -0.655458 0.755232 -0.000000
vn -0.371487 0.928438 0.000000
vn -0.371487 0.928438 0.000000
vn -1.000000 0.000000 0.000000
vn -1.000000 0.000000 0.000000
vn -1.000000 0.000000 0.000000
vn -1.000000 0.000000 0.000000
vn -1.000000 -0.000000 0.000000
vn -1.000000 -0.000000 0.000000
vn 0.794369 -0.607436 0.000000
vn 0.794369 -0.607436 0.000000
vn 0.673437 -0.739244 0.000000
vn 0.673437 -0.739244 0.000000
vn 0.530957 -0.847399 0.000000
vn 0.371487 -0.928438 0.000000
vn 0.371487 -0.928438 0.000000
vn 0.530957 -0.847399 0.000000
vn 0.794369 -0.607436 0.000000
vn 0.794369 -0.607436 0.000000
vn 0.000000 -1.000000 -0.000000
vn 0.000000 -1.000000 -0.000000
vn 0.227483 -0.973782 -0.000000
vn 0.227483 -0.973782 -0.000000
vn 0.443037 -0.896503 -0.000000
vn 0.443037 -0.896503 -0.000000
vn 0.635361 -0.772215 -0.000000
vn 0.635361 -0.772215 -0.000000
vn -0.000000 -1.000000 0.000000
vn -0.000000 -1.000000 0.000000
vn -1.000000 -0.000000 0.000000
vn -1.000000 -0.000000 0.000000
vn -0.965926 -0.258819 0.000000
vn -0.965926 -0.258819 0.000000
vn -0.866025 -0.500000 0.000000
vn -0.866025 -0.500000 0.000000
vn -0.707107 -0.707107 0.000000
vn -0.707107 -0.707107 0.000000
vn -0.500000 -0.866025 0.000000
vn -0.500000 -0.866025 0.000000
vn -0.258819 -0.965926 0.000000
vn -0.258819 -0.965926 0.000000
vn -1.000000 -0.000000 0.000000
vn -1.000000 -0.000000 0.000000
vn -0.000000 -1.000000 0.000000
vn -0.000000 -1.000000 0.000000
vn -0.258819 -0.965926 0.000000
vn -0.258819 -0.965926 0.000000
vn -0.500000 -0.866025 0.000000
vn -0.500000 -0.866025 0.000000
vn -0.707107 -0.707107 0.000000
vn -0.707107 -0.707107 0.000000
vn -0.866025 -0.500000 0.000000
vn -0.866025 -0.500000 0.000000
vn -0.965926 -0.258819 0.000000
vn -0.965926 -0.258819 0.000000
vn 0.000000 -1.000000 0.000000
vn 0.000000 -1.000000 0.000000
vn -1.000000 -0.000000 0.000000
vn -1.000000 -0.000000 0.000000
vn -0.965926 -0.258819 0.000000
vn -0.965926 -0.258819 0.000000
vn -0.866025 -0.500000 0.000000
vn -0.866025 -0.500000 0.000000
vn -0.707107 -0.707107 0.000000
vn -0.707107 -0.707107 0.000000
vn -0.500000 -0.866025 0.000000
vn -0.500000 -0.866025 0.000000
vn -0.258819 -0.965926 0.000000
vn -0.258819 -0.965926 0.000000
vn -1.000000 -0.000000 0.000000
vn -1.000000 -0.000000 0.000000
vn -0.000000 1.000000 -0.000000
vn -0.000000 1.000000 -0.000000
vn -0.258819 0.965926 -0.000000
vn -0.258819 0.965926 -0.000000
vn -0.500000 0.866025 -0.000000
vn -0.500000 0.866025 -0.000000
vn -0.707107 0.707107 -0.000000
vn -0.707107 0.707107 -0.000000
vn -0.866025 0.500000 -0.000000
vn -0.866025 0.500000 -0.000000
vn -0.965926 0.258819 -0.000000
vn -0.965926 0.258819 -0.000000
vn -0.000000 1.000000 0.000000
vn -0.000000 1.000000 0.000000
vn -0.000000 1.000000 0.000000
vn -0.000000 1.000000 0.000000
vn -1.000000 -0.000002 0.000000
vn -1.000000 -0.000002 0.000000
vn -0.965926 0.258817 0.000000
vn -0.965926 0.258817 0.000000
vn -0.866026 0.499999 0.000000
vn -0.866026 0.499999 0.000000
vn -0.707107 0.707106 0.000000
vn -0.707107 0.707106 0.000000
vn -0.500001 0.866025 0.000000
vn -0.500001 0.866025 0.000000
vn -0.258819 0.965926 0.000000
vn -0.258819 0.965926 0.000000
vn -1.000000 -0.000002 0.000000
vn -1.000000 -0.000002 0.000000
vn 0.000000 -1.000000 0.000000
vn 0.000000 -1.000000 0.000000
vn -0.258819 -0.965926 0.000000
vn -0.258819 -0.965926 0.000000
vn -0.499999 -0.866026 0.000000
vn -0.499999 -0.866026 0.000000
vn -0.707106 -0.707107 0.000000
vn -0.707106 -0.707107 0.000000
vn -0.866025 -0.500001 0.000000
vn -0.866025 -0.500001 0.000000
vn -0.965925 -0.258821 0.000000
vn -0.965925 -0.258821 0.000000
vn 0.000000 -1.000000 0.000000
vn 0.000000 -1.000000 0.000000
vn -1.000000 -0.000000 0.000000
vn -1.000000 -0.000000 0.000000
vn -0.965926 -0.258819 0.000000
vn -0.965926 -0.258819 0.000000
vn -0.866025 -0.500000 0.000000
vn -0.866025 -0.500000 0.000000
vn -0.707107 -0.707107 0.000000
vn -0.707107 -0.707107 0.000000
vn -0.500000 -0.866025 0.000000
vn -0.500000 -0.866025 0.000000
vn -0.258819 -0.965926 0.000000
vn -0.258819 -0.965926 0.000000
vn 0.000000 -1.000000 -0.000000
vn 0.000000 -1.000000 -0.000000
vn -1.000000 -0.000000 0.000000
vn -1.000000 -0.000000 0.000000
vn -1.000000 0.000000 0.000000
vn -1.000000 0.000000 0.000000
vn -1.000000 0.000000 0.000000
vn -1.000000 0.000000 0.000000
vn -0.000000 1.000000 -0.000000
vn -0.000000 1.000000 -0.000000
vn -0.258819 0.965926 -0.000000
vn -0.258819 0.965926 -0.000000
vn -0.500000 0.866025 -0.000000
vn -0.500000 0.866025 -0.000000
vn -0.707107 0.707107 -0.000000
vn -0.707107 0.707107 -0.000000
vn -0.866025 0.500000 -0.000000
vn -0.866025 0.500000 -0.000000
vn -0.965926 0.258819 -0.000000
vn -0.965926 0.258819 -0.000000
vn 0.000000 1.000000 -0.000000
vn 0.000000 1.000000 -0.000000
vn -1.000000 0.000000 0.000000
vn -1.000000 0.000000 0.000000
vn -0.965926 0.258819 0.000000
vn -0.965926 0.258819 0.000000
vn -0.866025 0.500000 0.000000
vn -0.866025 0.500000 0.000000
vn -0.707107 0.707107 0.000000
vn -0.707107 0.707107 0.000000
vn -0.500000 0.866025 0.000000
vn -0.500000 0.866025 0.000000
vn -0.258819 0.965926 0.000000
vn -0.258819 0.965926 0.000000
vn -1.000000 0.000000 0.000000
vn -1.000000 0.000000 0.000000
vn -0.000000 1.000000 -0.000000
vn -0.000000 1.000000 -0.000000
vn -0.258819 0.965926 -0.000000
vn -0.258819 0.965926 -0.000000
vn -0.500000 0.866025 -0.000000
vn -0.500000 0.866025 -0.000000
vn -0.707107 0.707107 -0.000000
vn -0.707107 0.707107 -0.000000
vn -0.866025 0.500000 -0.000000
vn -0.866025 0.500000 -0.000000
vn -0.965926 0.258819 -0.000000
vn -0.965926 0.258819 -0.000000
vn -0.000000 1.000000 0.000000
vn -0.000000 1.000000 0.000000
vn 0.794369 0.607436 -0.000000
vn 0.794369 0.607436 -0.000000
vn 0.635361 0.772215 -0.000000
vn 0.635361 0.772215 -0.000000
vn 0.443037 0.896503 -0.000000
vn 0.443037 0.896503 -0.000000
vn 0.227483 0.973782 -0.000000
vn 0.227483 0.973782 -0.000000
vn 0.000000 1.000000 -0.000000
vn 0.000000 1.000000 -0.000000
vn 0.794369 0.607436 -0.000000
vn 0.794369 0.607436 -0.000000
vn 0.371487 0.928438 -0.000000
vn 0.371487 0.928438 -0.000000
vn 0.530957 0.847399 -0.000000
vn 0.530957 0.847399 -0.000000
vn 0.673437 0.739244 -0.000000
vn 0.673437 0.739244 -0.000000
vn 0.371487 0.928438 -0.000000
vn 0.371487 0.928438 -0.000000
vn 1.000000 0.000000 -0.000000
vn 1.000000 0.000000 -0.000000
vn 0.971803 0.235796 -0.000000
vn 0.971803 0.235796 -0.000000
vn 0.888801 0.458294 -0.000000
vn 0.888801 0.458294 -0.000000
vn 0.755675 0.654946 -0.000000
vn 0.755675 0.654946 -0.000000
vn 0.579934 0.814664 -0.000000
vn 0.579934 0.814664 -0.000000
vn 1.000000 -0.000000 0.000000
vn 1.000000 -0.000000 0.000000
vn 1.000000 -0.000006 0.000000
vn 1.000000 -0.000006 0.000000
vn 1.000000 -0.000006 0.000000
vn 1.000000 -0.000006 0.000000
vn -0.000006 -1.000000 0.000000
vn -0.000006 -1.000000 0.000000
vn 0.258814 -0.965927 -0.000000
vn 0.258814 -0.965927 -0.000000
vn 0.499995 -0.866028 -0.000000
vn 0.499995 -0.866028 -0.000000
vn 0.707103 -0.707111 -0.000000
vn 0.707103 -0.707111 -0.000000
vn 0.866023 -0.500005 -0.000000
vn 0.866023 -0.500005 -0.000000
vn 0.965924 -0.258824 -0.000000
vn 0.965924 -0.258824 -0.000000
vn -0.000006 -1.000000 0.000000
vn -0.000006 -1.000000 0.000000
vn 1.000000 0.000000 -0.000000
vn 1.000000 0.000000 -0.000000
vn 0.965926 -0.258820 0.000000
vn 0.965926 -0.258820 0.000000
vn 0.866025 -0.500002 0.000000
vn 0.866025 -0.500002 0.000000
vn 0.707105 -0.707109 0.000000
vn 0.707105 -0.707109 0.000000
vn 0.499997 -0.866027 0.000000
vn 0.499997 -0.866027 0.000000
vn 0.258815 -0.965927 0.000000
vn 0.258815 -0.965927 0.000000
vn 1.000000 0.000000 -0.000000
vn 1.000000 0.000000 -0.000000
vn -0.000000 1.000000 0.000000
vn -0.000000 1.000000 0.000000
vn 0.258819 0.965926 -0.000000
vn 0.258819 0.965926 -0.000000
vn 0.500000 0.866026 -0.000000
vn 0.500000 0.866026 -0.000000
vn 0.707107 0.707107 -0.000000
vn 0.707107 0.707107 -0.000000
vn 0.866025 0.500000 -0.000000
vn 0.866025 0.500000 -0.000000
vn 0.965926 0.258819 -0.000000
vn 0.965926 0.258819 -0.000000
vn -0.000000 1.000000 0.000000
vn -0.000000 1.000000 0.000000
vn 1.000000 0.000000 -0.000000
vn 1.000000 0.000000 -0.000000
vn 0.965926 0.258819 -0.000000
vn 0.965926 0.258819 -0.000000
vn 0.866025 0.500000 -0.000000
vn 0.866025 0.500000 -0.000000
vn 0.707107 0.707107 -0.000000
vn 0.707107 0.707107 -0.000000
vn 0.500000 0.866026 -0.000000
vn 0.500000 0.866026 -0.000000
vn 0.258819 0.965926 -0.000000
vn 0.258819 0.965926 -0.000000
vn 1.000000 -0.000000 0.000000
vn 1.000000 -0.000000 0.000000
vn 0.371487 -0.928438 -0.000000
vn 0.371487 -0.928438 -0.000000
vn 0.579934 -0.814664 -0.000000
vn 0.579934 -0.814664 -0.000000
vn 0.755675 -0.654946 -0.000000
vn 0.755675 -0.654946 -0.000000
vn 0.888801 -0.458294 -0.000000
vn 0.888801 -0.458294 -0.000000
vn 0.971803 -0.235796 -0.000000
vn 0.971803 -0.235796 -0.000000
vn 0.000000 0.000000 1.000000
vn 0.000000 0.000000 1.000000
vn 0.000000 0.000000 1.000000
vn 0.000000 0.000000 1.000000
vn 0.000000 0.000000 1.000000
vn 0.000000 0.000000 1.000000
vn 0.000000 0.000000 1.000000
vn 0.000000 0.000000 1.000000
vn 0.000000 0.000000 1.000000
vn 0.000000 0.000000 1.000000
vn 0.000000 0.000000 1.000000
vn 0.000000 0.000000 1.000000
vn 0.000000 0.000000 1.000000
vn 0.000000 0.000000 1.000000
vn 0.000000 0.000000 1.000000
vn 0.000000 0.000000 1.000000
vn 0.000000 0.000000 1.000000
vn 0.000000 0.000000 1.000000
vn 0.000000 0.000000 1.000000
vn 0.000000 0.000000 1.000000
vn 0.000000 0.000000 1.000000
vn 0.000000 0.000000 1.000000
vn 0.000000 0.000000 1.000000
vn 0.000000 0.000000 1.000000
vn 0.000000 0.000000 1.000000
vn 0.000000 0.000000 1.000000
vn 0.000000 0.000000 1.000000
vn 0.000000 0.000000 1.000000
vn 0.000000 0.000000 1.000000
vn 0.000000 0.000000 1.000000
vn 0.000000 0.000000 1.000000
vn 0.000000 0.000000 1.000000
vn 0.000000 0.000000 1.000000
vn 0.000000 0.000000 1.000000
vn 0.000000 0.000000 1.000000
vn 0.000000 0.000000 1.000000
vn 0.000000 0.000000 1.000000
vn 0.000000 0.000000 1.000000
vn 0.000000 0.000000 1.000000
vn 0.000000 0.000000 1.000000
vn 0.000000 0.000000 1.000000
vn 0.000000 0.000000 1.000000
vn 0.000000 0.000000 1.000000
vn 0.000000 0.000000 1.000000
vn 0.000000 0.000000 1.000000
vn 0.000000 0.000000 1.000000
vn 0.000000 0.000000 1.000000
vn 0.000000 0.000000 1.000000
vn 0.000000 0.000000 1.000000
vn 0.000000 0.000000 1.000000
vn 0.000000 0.000000 1.000000
vn 0.000000 0.000000 1.000000
vn 0.000000 0.000000 1.000000
vn 0.000000 0.000000 1.000000
vn 0.000000 0.000000 1.000000
vn 0.000000 0.000000 1.000000
vn 0.000000 0.000000 1.000000
vn 0.000000 0.000000 1.000000
vn 0.000000 0.000000 1.000000
vn 0.000000 0.000000 1.000000
vn 0.000000 0.000000 1.000000
vn 0.000000 0.000000 1.000000
vn 0.000000 0.000000 1.000000
vn 0.000000 0.000000 1.000000
vn 0.000000 0.000000 1.000000
vn 0.000000 0.000000 1.000000
vn 0.000000 0.000000 1.000000
vn 0.000000 0.000000 1.000000
vn 0.000000 0.000000 1.000000
vn 0.000000 0.000000 1.000000
vn 0.000000 0.000000 1.000000
vn 0.000000 0.000000 1.000000
vn 0.000000 0.000000 1.000000
vn 0.000000 0.000000 1.000000
vn 0.000000 0.000000 1.000000
vn 0.000000 0.000000 1.000000
vn 0.000000 0.000000 1.000000
vn 0.000000 0.000000 1.000000
vn 0.000000 0.000000 1.000000
vn 0.000000 0.000000 1.000000
vn 0.000000 0.000000 1.000000
vn 0.000000 0.000000 1.000000
vn 0.000000 0.000000 1.000000
vn 0.000000 0.000000 1.000000
vn 0.000000 0.000000 1.000000
vn 0.000000 0.000000 1.000000
vn 0.000000 0.000000 1.000000
vn 0.000000 0.000000 1.000000
vn 0.000000 0.000000 1.000000
vn 0.000000 0.000000 1.000000
vn 0.000000 0.000000 1.000000
vn 0.000000 0.000000 1.000000
vn 0.000000 0.000000 1.000000
vn 0.000000 0.000000 1.000000
vn 0.000000 0.000000 1.000000
vn 0.000000 0.000000 1.000000
vn 0.000000 0.000000 1.000000
vn 0.000000 0.000000 1.000000
vn 0.000000 0.000000 1.000000
vn 0.000000 0.000000 1.000000
vn 0.000000 0.000000 1.000000
vn 0.000000 0.000000 1.000000
vn 0.000000 0.000000 1.000000
vn 0.000000 0.000000 1.000000
vn 0.000000 0.000000 1.000000
vn 0.000000 0.000000 1.000000
vn 0.000000 0.000000 1.000000
vn 0.000000 0.000000 1.000000
vn 0.000000 0.000000 1.000000
vn 0.000000 0.000000 1.000000
vn 0.000000 0.000000 1.000000
vn 0.000000 0.000000 1.000000
vn 0.000000 0.000000 1.000000
vn 0.000000 0.000000 1.000000
vn 0.000000 0.000000 1.000000
vn 0.000000 0.000000 1.000000
vn 0.000000 0.000000 1.000000
vn 0.000000 0.000000 1.000000
vn 0.000000 0.000000 1.000000
vn 0.000000 0.000000 1.000000
vn 0.000000 0.000000 1.000000
vn 0.000000 0.000000 1.000000
vn 0.000000 0.000000 1.000000
vn 0.000000 0.000000 1.000000
vn 0.000000 0.000000 1.000000
vn 0.000000 0.000000 1.000000
vn 0.000000 0.000000 1.000000
vn 0.000000 0.000000 1.000000
vn 0.000000 0.000000 1.000000
vn 0.000000 0.000000 1.000000
vn 0.000000 0.000000 1.000000
vn 0.000000 0.000000 1.000000
vn 0.000000 0.000000 1.000000
vn 0.000000 0.000000 1.000000
vn 0.000000 0.000000 1.000000
vn 0.000000 0.000000 1.000000
vn 0.000000 0.000000 1.000000
vn 0.000000 0.000000 1.000000
vn 0.000000 0.000000 1.000000
vn 0.000000 0.000000 1.000000
vn 0.000000 0.000000 1.000000
vn 0.000000 0.000000 1.000000
vn 0.000000 0.000000 1.000000
vn 0.000000 0.000000 1.000000
vn 0.000000 0.000000 1.000000
vn 0.000000 0.000000 1.000000
vn 0.000000 0.000000 1.000000
vn 0.000000 0.000000 1.000000
vn 0.000000 0.000000 1.000000
vn 0.000000 0.000000 1.000000
vn 0.000000 0.000000 1.000000
vn 0.000000 0.000000 1.000000
vn 0.000000 0.000000 1.000000
vn 0.000000 0.000000 1.000000
vn 0.000000 0.000000 1.000000
vn 0.000000 0.000000 1.000000
vn 0.000000 0.000000 1.000000
vn 0.000000 0.000000 1.000000
vn 0.000000 0.000000 1.000000
vn 0.000000 0.000000 1.000000
vn 0.000000 0.000000 1.000000
vn 0.000000 0.000000 1.000000
vn 0.000000 0.000000 1.000000
vn 0.000000 0.000000 1.000000
vn 0.000000 0.000000 1.000000
vn 0.000000 0.000000 1.000000
vn 0.000000 0.000000 1.000000
vn 0.000000 0.000000 1.000000
vn 0.000000 0.000000 1.000000
vn 0.000000 0.000000 1.000000
vn 0.000000 0.000000 1.000000
vn 0.000000 0.000000 1.000000
vn 0.000000 0.000000 1.000000
vn 0.000000 0.000000 1.000000
vn 0.000000 0.000000 1.000000
vn 0.000000 0.000000 1.000000
vn 0.000000 0.000000 1.000000
vn 0.000000 0.000000 1.000000
vn 0.000000 0.000000 1.000000
vn 0.000000 0.000000 1.000000
vn 0.000000 0.000000 1.000000
vn 0.000000 0.000000 1.000000
vn 0.000000 0.000000 1.000000
vn 0.000000 0.000000 1.000000
vn 0.000000 0.000000 1.000000
vn 0.000000 0.000000 1.000000
vn 0.000000 0.000000 1.000000
vn 0.000000 0.000000 1.000000
vn 0.000000 0.000000 1.000000
vn 0.000000 0.000000 1.000000
vn 0.000000 0.000000 1.000000
vn 0.000000 0.000000 1.000000
vn 0.000000 0.000000 1.000000
vn 0.000000 0.000000 1.000000
vn 0.000000 0.000000 1.000000
vn 0.000000 0.000000 1.000000
vn 0.000000 0.000000 1.000000
vn 0.000000 0.000000 1.000000
vn 0.000000 0.000000 1.000000
vn 0.000000 0.000000 1.000000
vn 0.000000 0.000000 1.000000
vn 0.000000 0.000000 1.000000
vn 0.000000 0.000000 1.000000
vn 0.000000 0.000000 1.000000
vn 0.000000 0.000000 1.000000
vn 0.000000 0.000000 1.000000
vn 0.000000 0.000000 1.000000
vn 0.000000 0.000000 1.000000
vn 0.000000 0.000000 1.000000
vn 0.000000 0.000000 1.000000
vn 0.000000 0.000000 1.000000
vn 0.000000 0.000000 1.000000
vn 0.000000 0.000000 1.000000
vn 0.000000 0.000000 1.000000
vn 0.000000 0.000000 1.000000
vn 0.000000 0.000000 1.000000
vn 0.000000 0.000000 1.000000
vn 0.000000 0.000000 1.000000
vn 0.000000 0.000000 1.000000
vn 0.000000 0.000000 1.000000
vn 0.000000 0.000000 1.000000
vn 0.000000 0.000000 1.000000
vn 0.000000 0.000000 1.000000
vn 0.000000 0.000000 1.000000
vn 0.000000 0.000000 1.000000
vn 0.000000 0.000000 1.000000
vn 0.000000 0.000000 1.000000
vn 0.000000 0.000000 1.000000
vn 0.000000 0.000000 1.000000
vn 0.000000 0.000000 1.000000
vn 0.000000 0.000000 1.000000
vn 0.000000 0.000000 1.000000
vn 0.000000 0.000000 1.000000
vn 0.000000 0.000000 1.000000
vn 0.000000 0.000000 1.000000
vn 0.000000 0.000000 1.000000
vn 0.000000 0.000000 1.000000
vn 0.000000 0.000000 1.000000
vn 0.000000 0.000000 1.000000
vn 0.000000 0.000000 1.000000
vn 0.000000 0.000000 1.000000
vn 0.000000 0.000000 1.000000
vn 0.000000 0.000000 1.000000
vn 0.000000 0.000000 1.000000
vn 0.000000 0.000000 1.000000
vn 0.000000 0.000000 1.000000
vn 0.000000 0.000000 1.000000
vn 0.000000 0.000000 1.000000
vn 0.000000 0.000000 1.000000
vn 0.000000 0.000000 1.000000
vn 0.000000 -0.000000 1.000000
vn 0.000000 -0.000000 1.000000
vn 0.000000 -0.000000 1.000000
vn 0.000000 -0.000000 1.000000
vn 0.000000 -0.000000 1.000000
vn 0.000000 -0.000000 1.000000
vn 0.000000 -0.000000 1.000000
vn 0.000000 -0.000000 1.000000
vn 0.000000 -0.000000 1.000000
vn 0.000000 -0.000000 1.000000
vn 0.000000 -0.000000 1.000000
vn 0.000000 -0.000000 1.000000
vn 0.000000 -0.000000 1.000000
vn 0.000000 -0.000000 1.000000
vn 0.000000 -0.000000 1.000000
vn 0.000000 -0.000000 1.000000
vn 0.000000 -0.000000 1.000000
vn 0.000000 -0.000000 1.000000
vn 0.000000 -0.000000 1.000000
vn 0.000000 -0.000000 1.000000
vn 0.000000 -0.000000 1.000000
vn 0.000000 -0.000000 1.000000
vn 0.000000 -0.000000 1.000000
vn 0.000000 -0.000000 1.000000
vn 0.000000 -0.000000 1.000000
vn 0.000000 -0.000000 1.000000
vn 0.000000 -0.000000 1.000000
vn 0.000000 -0.000000 1.000000
vn 0.000000 -0.000000 1.000000
vn 0.000000 -0.000000 1.000000
vn 0.000000 -0.000000 1.000000
vn 0.000000 -0.000000 1.000000
vn 0.000000 -0.000000 1.000000
vn 0.000000 -0.000000 1.000000
vn 0.000000 -0.000000 1.000000
vn 0.000000 -0.000000 1.000000
vn 0.000000 -0.000000 1.000000
vn 0.000000 -0.000000 1.000000
vn 0.000000 -0.000000 1.000000
vn 0.000000 -0.000000 1.000000
vn 0.000000 -0.000000 1.000000
vn 0.000000 -0.000000 1.000000
vn 0.000000 -0.000000 1.000000
vn 0.000000 -0.000000 1.000000
vn 0.000000 -0.000000 1.000000
vn 0.000000 -0.000000 1.000000
vn 0.000000 -0.000000 1.000000
vn 0.000000 -0.000000 1.000000
vn 0.000000 -0.000000 1.000000
vn 0.000000 -0.000000 1.000000
vn 0.000000 -0.000000 1.000000
vn 0.000000 -0.000000 1.000000
vn 0.000000 -0.000000 1.000000
vn 0.000000 -0.000000 1.000000
vn 0.000000 -0.000000 1.000000
vn 0.000000 -0.000000 1.000000
vn 0.000000 -0.000000 1.000000
vn 0.000000 -0.000000 1.000000
vn 0.000000 -0.000000 1.000000
vn 0.000000 -0.000000 1.000000
vn 0.000000 -0.000000 1.000000
vn 0.000000 -0.000000 1.000000
vn 0.000000 -0.000000 1.000000
vn 0.000000 -0.000000 1.000000
vn 0.000000 -0.000000 1.000000
vn 0.000000 -0.000000 1.000000
vn 0.000000 -0.000000 1.000000
vn 0.000000 -0.000000 1.000000
vn 0.000000 -0.000000 1.000000
vn 0.000000 -0.000000 1.000000
vn 0.000000 -0.000000 1.000000
vn 0.000000 -0.000000 1.000000
vn 0.000000 -0.000000 1.000000
vn 0.000000 -0.000000 1.000000
vn 0.000000 -0.000000 1.000000
vn 0.000000 -0.000000 1.000000
vn 0.000000 -0.000000 1.000000
vn 0.000000 -0.000000 1.000000
vn 0.000000 -0.000000 1.000000
vn 0.000000 -0.000000 1.000000
vn 0.000000 -0.000000 1.000000
vn 0.000000 -0.000000 1.000000
vn 0.000000 -0.000000 1.000000
vn 0.000000 -0.000000 1.000000
vn 0.000000 -0.000000 1.000000
vn 0.000000 -0.000000 1.000000
vn 0.000000 -0.000000 1.000000
vn 0.000000 -0.000000 1.000000
vn 0.000000 -0.000000 1.000000
vn 0.000000 -0.000000 1.000000
vn 0.000000 -0.000000 1.000000
vn 0.000000 -0.000000 1.000000
vn 0.000000 -0.000000 1.000000
vn 0.000000 -0.000000 1.000000
vn 0.000000 -0.000000 1.000000
vn 0.000000 -0.000000 1.000000
vn 0.000000 -0.000000 1.000000
vn 0.000000 -0.000000 1.000000
vn 0.000000 -0.000000 1.000000
vn 0.000000 -0.000000 1.000000
vn 0.000000 -0.000000 1.000000
vn 0.000000 -0.000000 1.000000
vn 0.000000 -0.000000 1.000000
vn 0.000000 -0.000000 1.000000
vn 0.000000 -0.000000 1.000000
vn 0.000000 -0.000000 1.000000
vn 0.000000 -0.000000 1.000000
vn 0.000000 -0.000000 1.000000
vn 0.000000 -0.000000 1.000000
vn 0.000000 -0.000000 1.000000
vn 0.000000 -0.000000 1.000000
vn 0.000000 -0.000000 1.000000
vn 0.000000 -0.000000 1.000000
vn 0.000000 -0.000000 1.000000
vn 0.000000 -0.000000 1.000000
vn 0.000000 -0.000000 1.000000
vn 0.000000 -0.000000 1.000000
vn 0.000000 -0.000000 1.000000
vn 0.000000 -0.000000 1.000000
vn 0.000000 -0.000000 1.000000
vn 0.000000 -0.000000 1.000000
vn 0.000000 -0.000000 1.000000
vn 0.000000 -0.000000 1.000000
vn 0.000000 -0.000000 1.000000
vn 0.000000 -0.000000 1.000000
vn 0.000000 -0.000000 1.000000
vn 0.000000 -0.000000 1.000000
vn 0.000000 -0.000000 1.000000
vn 0.000000 -0.000000 1.000000
vn 0.000000 -0.000000 1.000000
vn 0.000000 -0.000000 1.000000
vn 0.000000 -0.000000 1.000000
vn 0.000000 -0.000000 1.000000
vn 0.000000 -0.000000 1.000000
vn 0.000000 -0.000000 1.000000
vn 0.000000 -0.000000 1.000000
vn 0.000000 -0.000000 1.000000
vn 0.000000 -0.000000 1.000000
vn 0.000000 -0.000000 1.000000
vn 0.000000 -0.000000 1.000000
vn 0.000000 -0.000000 1.000000
vn 0.000000 -0.000000 1.000000
vn 0.000000 -0.000000 1.000000
vn 0.000000 -0.000000 1.000000
vn 0.000000 -0.000000 1.000000
vn 0.000000 -0.000000 1.000000
vn 0.000000 -0.000000 1.000000
vn 0.000000 -0.000000 1.000000
vn 0.000000 -0.000000 1.000000
vn 0.000000 -0.000000 1.000000
vn 0.000000 -0.000000 1.000000
vn 0.000000 -0.000000 1.000000
vn 0.000000 -0.000000 1.000000
vn 0.000000 -0.000000 1.000000
vn 0.000000 -0.000000 1.000000
vn 0.000000 -0.000000 1.000000
vn 0.000000 -0.000000 1.000000
vn 0.000000 -0.000000 1.000000
vn 0.000000 -0.000000 1.000000
vn 0.000000 -0.000000 1.000000
vn 0.000000 -0.000000 1.000000
vn 0.000000 -0.000000 1.000000
vn 0.000000 -0.000000 1.000000
vn 0.000000 -0.000000 1.000000
vn 0.000000 -0.000000 1.000000
vn 0.000000 -0.000000 1.000000
vn 0.000000 -0.000000 1.000000
vn 0.000000 -0.000000 1.000000
vn 0.000000 -0.000000 1.000000
vn 0.000000 -0.000000 1.000000
vn 0.000000 -0.000000 1.000000
vn 0.000000 -0.000000 1.000000
vn 0.000000 -0.000000 1.000000
vn 0.000000 -0.000000 1.000000
vn 0.000000 -0.000000 1.000000
vn 0.000000 -0.000000 1.000000
vn 0.000000 -0.000000 1.000000
vn 0.000000 -0.000000 1.000000
vn 0.000000 -0.000000 1.000000
vn 0.000000 -0.000000 1.000000
vn 0.000000 -0.000000 1.000000
vn 0.000000 -0.000000 1.000000
vn 0.000000 -0.000000 1.000000
vn 0.000000 -0.000000 1.000000
vn 0.000000 -0.000000 1.000000
vn 0.000000 -0.000000 1.000000
vn 0.000000 -0.000000 1.000000
vn 0.000000 -0.000000 1.000000
vn 0.000000 -0.000000 1.000000
vn 0.000000 -0.000000 1.000000
vn 0.000000 -0.000000 1.000000
vn 0.000000 -0.000000 1.000000
vn 0.000000 -0.000000 1.000000
vn 0.000000 -0.000000 1.000000
vn 0.000000 -0.000000 1.000000
vn 0.000000 -0.000000 1.000000
vn 0.000000 -0.000000 1.000000
vn 0.000000 -0.000000 1.000000
vn 0.000000 -0.000000 1.000000
vn 0.000000 -0.000000 1.000000
vn 0.000000 -0.000000 1.000000
vn 0.000000 -0.000000 1.000000
vn 0.000000 -0.000000 1.000000
vn 0.000000 -0.000000 1.000000
vn 0.000000 -0.000000 1.000000
vn 0.000000 -0.000000 1.000000
vn 0.000000 -0.000000 1.000000
vn 0.000000 -0.000000 1.000000
vn 0.000000 -0.000000 1.000000
vn 0.000000 -0.000000 1.000000
vn 0.000000 -0.000000 1.000000
vn 0.000000 -0.000000 1.000000
vn 0.000000 -0.000000 1.000000
vn 0.000000 -0.000000 1.000000
vn 0.000000 -0.000000 1.000000
vn 0.000000 -0.000000 1.000000
vn 0.000000 -0.000000 1.000000
vn 0.000000 -0.000000 1.000000
vn 0.000000 -0.000000 1.000000
vn 0.000000 -0.000000 1.000000
vn 0.000000 -0.000000 1.000000
vn 0.000000 -0.000000 1.000000
vn 0.000000 -0.000000 1.000000
vn 0.000000 -0.000000 1.000000
vn 0.000000 -0.000000 1.000000
vn 0.000000 -0.000000 1.000000
vn 0.000000 -0.000000 1.000000
vn 0.000000 -0.000000 1.000000
vn 0.000000 -0.000000 1.000000
vn 0.000000 -0.000000 1.000000
vn 0.000000 -0.000000 1.000000
vn 0.000000 -0.000000 1.000000
vn 0.000000 -0.000000 1.000000
vn 0.000000 -0.000000 1.000000
vn 0.000000 -0.000000 1.000000
vn 0.000000 -0.000000 1.000000
vn 0.000000 -0.000000 1.000000
vn 0.000000 -0.000000 1.000000
vn 0.000000 -0.000000 1.000000
vn 0.000000 -0.000000 1.000000
vn 0.000000 -0.000000 1.000000
vn 0.000000 -0.000000 1.000000
vn 0.000000 -0.000000 1.000000
vn 0.000000 -0.000000 1.000000
vn 0.000000 -0.000000 1.000000
vn 0.000000 -0.000000 1.000000
vn 0.000000 -0.000000 1.000000
vn 0.000000 -0.000000 1.000000
vn 0.000000 -0.000000 1.000000
vn 0.000000 -0.000000 1.000000
vn 0.000000 -0.000000 1.000000
vn 0.000000 -0.000000 1.000000
vn 0.000000 -0.000000 1.000000
vn 0.000000 -0.000000 1.000000
vn 0.000000 -0.000000 1.000000
vn 0.000000 -0.000000 1.000000
vn 0.000000 -0.000000 1.000000
vn 0.000000 -0.000000 1.000000
vn 0.000000 -0.000000 1.000000
vn 0.000000 -0.000000 1.000000
vn 0.000000 -0.000000 1.000000
vn 0.000000 -0.000000 1.000000
vn 0.000000 -0.000000 1.000000
vn 0.000000 -0.000000 1.000000
vn 0.000000 -0.000000 1.000000
vn 0.000000 -0.000000 1.000000
vn 0.000000 -0.000000 1.000000
vn 0.000000 -0.000000 1.000000
vn 0.000000 -0.000000 1.000000
vn 0.000000 -0.000000 1.000000
vn 0.000000 -0.000000 1.000000
vn 0.000000 -0.000000 1.000000
vn 0.000000 -0.000000 1.000000
vn 0.000000 -0.000000 1.000000
vn 0.000000 -0.000000 1.000000
vn 0.000000 -0.000000 1.000000
vn 0.000000 -0.000000 1.000000
vn 0.000000 -0.000000 1.000000
vn 0.000000 -0.000000 1.000000
vn 0.000000 -0.000000 1.000000
vn 0.000000 -0.000000 1.000000
vn 0.000000 -0.000000 1.000000
vn 0.000000 -0.000000 1.000000
vn 0.000000 -0.000000 1.000000
vn 0.000000 -0.000000 1.000000
vn 0.000000 -0.000000 1.000000
vn 0.000000 -0.000000 1.000000
vn 0.000000 -0.000000 1.000000
vn 0.000000 -0.000000 1.000000
vn 0.000000 -0.000000 1.000000
vn 0.000000 -0.000000 1.000000
vn 0.000000 -0.000000 1.000000
vn 0.000000 -0.000000 1.000000
vn 0.000000 -0.000000 1.000000
vn 0.000000 -0.000000 1.000000
vn 0.000000 -0.000000 1.000000
vn 0.000000 -0.000000 1.000000
vn 0.000000 -0.000000 1.000000
vn 0.000000 -0.000000 1.000000
vn 0.000000 -0.000000 1.000000
vn 0.000000 -0.000000 1.000000
vn 0.000000 -0.000000 1.000000
vn 0.000000 -0.000000 1.000000
vn 0.000000 -0.000000 1.000000
vn -1.000000 0.000000 0.000000
vn -1.000000 0.000000 0.000000
vn -1.000000 0.000000 0.000000
vn -1.000000 0.000000 0.000000
vn 0.000000 1.000000 -0.000000
vn 0.000000 1.000000 -0.000000
vn 0.000000 1.000000 -0.000000
vn 0.000000 1.000000 -0.000000
vn 0.000000 1.000000 0.000000
vn 0.000000 1.000000 0.000000
vn 0.000000 1.000000 0.000000
vn 0.000000 1.000000 0.000000
vn 0.000000 1.000000 0.000000
vn 0.000000 1.000000 0.000000
vn 0.000000 1.000000 0.000000
vn 0.000000 1.000000 0.000000
vn 0.000000 1.000000 0.000000
vn 0.000000 1.000000 0.000000
vn 0.000000 1.000000 0.000000
vn 0.000000 1.000000 0.000000
vn 0.000000 1.000000 0.000000
vn 0.000000 1.000000 0.000000
vn -1.000000 0.000000 0.000000
vn -1.000000 0.000000 0.000000
vn -1.000000 0.000000 0.000000
vn -1.000000 0.000000 0.000000
vn -0.999625 0.027391 0.000000
vn -0.999625 0.027391 0.000000
vn -0.999625 0.027391 0.000000
vn -0.999625 0.027391 0.000000
vn -1.000000 -0.000000 -0.000000
vn -1.000000 -0.000000 -0.000000
vn -1.000000 -0.000000 -0.000000
vn -1.000000 -0.000000 -0.000000
vn 0.000000 1.000000 0.000000
vn 0.000000 1.000000 0.000000
vn 0.000000 1.000000 0.000000
vn 0.000000 1.000000 0.000000
vn 0.000000 -1.000000 0.000000
vn 0.000000 -1.000000 0.000000
vn 0.000000 -1.000000 0.000000
vn 0.000000 -1.000000 0.000000
vn 0.000000 1.000000 -0.000000
vn 0.000000 1.000000 -0.000000
vn 0.000000 1.000000 -0.000000
vn 0.000000 1.000000 -0.000000
vn 1.000000 -0.000000 -0.000000
vn 1.000000 -0.000000 -0.000000
vn 0.965926 0.258819 -0.000000
vn 0.965926 0.258819 -0.000000
vn 0.866025 0.500000 -0.000000
vn 0.866025 0.500000 -0.000000
vn 0.707107 0.707107 -0.000000
vn 0.707107 0.707107 -0.000000
vn 0.500000 0.866025 -0.000000
vn 0.500000 0.866025 -0.000000
vn 0.258819 0.965926 -0.000000
vn 0.258819 0.965926 -0.000000
vn 1.000000 0.000000 0.000000
vn 1.000000 0.000000 0.000000
vn 0.258819 -0.965926 -0.000000
vn 0.258819 -0.965926 -0.000000
vn 0.500000 -0.866025 -0.000000
vn 0.500000 -0.866025 -0.000000
vn 0.707107 -0.707107 -0.000000
vn 0.707107 -0.707107 -0.000000
vn 0.866025 -0.500000 -0.000000
vn 0.866025 -0.500000 -0.000000
vn 0.965926 -0.258819 -0.000000
vn 0.965926 -0.258819 -0.000000
vn 1.000000 -0.000000 -0.000000
vn 1.000000 -0.000000 -0.000000
vn 1.000000 -0.000000 -0.000000
vn 1.000000 -0.000000 -0.000000
vn 0.000000 1.000000 -0.000000
vn 0.000000 1.000000 -0.000000
vn 0.000000 1.000000 -0.000000
vn 0.000000 1.000000 -0.000000
vn 1.000000 -0.000000 -0.000000
vn 1.000000 -0.000000 -0.000000
vn 0.965926 0.258819 -0.000000
vn 0.965926 0.258819 -0.000000
vn 0.866025 0.500000 -0.000000
vn 0.866025 0.500000 -0.000000
vn 0.707107 0.707107 -0.000000
vn 0.707107 0.707107 -0.000000
vn 0.500000 0.866025 -0.000000
vn 0.500000 0.866025 -0.000000
vn 0.258819 0.965926 -0.000000
vn 0.258819 0.965926 -0.000000
vn 1.000000 0.000000 -0.000000
vn 1.000000 0.000000 -0.000000
vn 1.000000 -0.000000 -0.000000
vn 1.000000 -0.000000 -0.000000
vn 1.000000 -0.000000 -0.000000
vn 1.000000 -0.000000 -0.000000
vn 0.000000 1.000000 0.000000
vn 0.000000 1.000000 0.000000
vn 0.000000 1.000000 0.000000
vn 0.000000 1.000000 0.000000
vn 0.000000 1.000000 0.000000
vn 0.000000 1.000000 0.000000
vn 0.000000 1.000000 0.000000
vn 0.000000 1.000000 0.000000
vn 0.000000 1.000000 0.000000
vn 0.000000 1.000000 0.000000
vn 0.000000 1.000000 0.000000
vn 0.000000 1.000000 0.000000
vn 0.000000 -1.000000 0.000000
vn 0.000000 -1.000000 0.000000
vn 0.000000 -1.000000 0.000000
vn 0.000000 -1.000000 0.000000
vn -1.000000 -0.000000 -0.000000
vn -1.000000 -0.000000 -0.000000
vn -1.000000 -0.000000 -0.000000
vn -1.000000 -0.000000 -0.000000
vn 1.000000 -0.000000 0.000000
vn 1.000000 -0.000000 0.000000
vn 1.000000 -0.000000 0.000000
vn 1.000000 -0.000000 0.000000
vn 0.000000 -1.000000 -0.000000
vn 0.000000 -1.000000 -0.000000
vn 0.258819 -0.965926 -0.000000
vn 0.258819 -0.965926 -0.000000
vn 0.500000 -0.866025 -0.000000
vn 0.500000 -0.866025 -0.000000
vn 0.707107 -0.707107 -0.000000
vn 0.707107 -0.707107 -0.000000
vn 0.866025 -0.500000 -0.000000
vn 0.866025 -0.500000 -0.000000
vn 0.965926 -0.258819 -0.000000
vn 0.965926 -0.258819 -0.000000
vn 0.000000 -1.000000 0.000000
vn 0.000000 -1.000000 0.000000
vn -0.000000 -0.707107 -0.707107
vn -0.000000 -0.707107 -0.707107
vn -0.000000 -0.707107 -0.707107
vn -0.000000 -0.707107 -0.707107
vn 0.707107 0.000000 -0.707107
vn 0.707107 0.000000 -0.707107
vn 0.707107 0.000000 -0.707107
vn 0.707107 0.000000 -0.707107
vn 0.000000 0.707107 -0.707107
vn 0.000000 0.707107 -0.707107
vn 0.000000 0.707107 -0.707107
vn 0.000000 0.707107 -0.707107
vn -0.707107 0.000000 -0.707107
vn -0.707107 0.000000 -0.707107
vn -0.707107 0.000000 -0.707107
vn -0.707107 0.000000 -0.707107
vn 1.000000 -0.000000 -0.000000
vn 1.000000 -0.000000 -0.000000
vn 1.000000 -0.000000 -0.000000
vn 1.000000 -0.000000 -0.000000
vn 0.000000 -1.000000 -0.000000
vn 0.000000 -1.000000 -0.000000
vn 0.000000 -1.000000 -0.000000
vn 0.000000 -1.000000 -0.000000
vn -0.000000 -0.000000 -1.000000
vn -0.000000 -0.000000 -1.000000
vn -0.000000 -0.000000 -1.000000
vn -0.000000 -0.000000 -1.000000
vn -0.000000 -0.000000 -1.000000
vn -0.000000 -0.000000 -1.000000
vn -0.000000 -0.000000 -1.000000
vn -0.000000 -0.000000 -1.000000
vn -0.000000 -0.000000 -1.000000
vn -0.000000 -0.000000 -1.000000
vn -0.000000 -0.000000 -1.000000
vn -0.000000 -0.000000 -1.000000
vn -0.000000 -0.000000 -1.000000
vn -0.000000 -0.000000 -1.000000
vn -0.000000 -0.000000 -1.000000
vn -0.000000 -0.000000 -1.000000
vn -0.000000 -0.000000 -1.000000
vn -0.000000 -0.000000 -1.000000
vn -0.000000 -0.000000 -1.000000
vn -0.000000 -0.000000 -1.000000
vn -0.000000 -0.000000 -1.000000
vn -0.000000 -0.000000 -1.000000
vn -0.000000 -0.000000 -1.000000
vn -0.000000 -0.000000 -1.000000
vn -0.000000 -0.000000 -1.000000
vn -0.000000 -0.000000 -1.000000
vn -0.000000 -0.000000 -1.000000
vn -0.000000 -0.000000 -1.000000
vn -0.000000 -0.000000 -1.000000
vn -0.000000 -0.000000 -1.000000
vn -0.000000 -0.000000 -1.000000
vn -0.000000 -0.000000 -1.000000
vn -0.000000 -0.000000 -1.000000
vn -0.000000 -0.000000 -1.000000
vn -0.000000 -0.000000 -1.000000
vn -0.000000 -0.000000 -1.000000
vn -0.000000 -0.000000 -1.000000
vn -0.000000 -0.000000 -1.000000
vn -0.000000 -0.000000 -1.000000
vn -0.000000 -0.000000 -1.000000
vn -0.000000 -0.000000 -1.000000
vn -0.000000 -0.000000 -1.000000
vn -0.000000 -0.000000 -1.000000
vn -0.000000 -0.000000 -1.000000
vn -0.000000 -0.000000 -1.000000
vn -0.000000 -0.000000 -1.000000
vn -0.000000 -0.000000 -1.000000
vn -0.000000 -0.000000 -1.000000
vn -0.000000 -0.000000 -1.000000
vn -0.000000 -0.000000 -1.000000
vn -0.000000 -0.000000 -1.000000
vn -0.000000 -0.000000 -1.000000
vn -0.000000 -0.000000 -1.000000
vn -0.000000 -0.000000 -1.000000
vn -0.000000 -0.000000 -1.000000
vn -0.000000 -0.000000 -1.000000
vn -0.000000 -0.000000 -1.000000
vn -0.000000 -0.000000 -1.000000
vn -0.000000 -0.000000 -1.000000
vn -0.000000 -0.000000 -1.000000
vn -0.000000 -0.000000 -1.000000
vn -0.000000 -0.000000 -1.000000
vn -0.000000 -0.000000 -1.000000
vn -0.000000 -0.000000 -1.000000
vn -0.000000 -0.000000 -1.000000
vn -0.000000 -0.000000 -1.000000
vn -0.000000 -0.000000 -1.000000
vn -0.000000 -0.000000 -1.000000
vn -0.000000 -0.000000 -1.000000
vn -0.000000 -0.000000 -1.000000
vn -0.000000 -0.000000 -1.000000
vn -0.000000 -0.000000 -1.000000
vn -0.000000 -0.000000 -1.000000
vn -0.000000 -0.000000 -1.000000
vn -0.000000 -0.000000 -1.000000
vn -0.000000 -0.000000 -1.000000
vn -0.000000 -0.000000 -1.000000
vn -0.000000 -0.000000 -1.000000
vn -0.000000 -0.000000 -1.000000
vn -0.000000 -0.000000 -1.000000
vn -0.000000 -0.000000 -1.000000
vn -0.000000 -0.000000 -1.000000
vn -0.000000 -0.000000 -1.000000
vn -0.000000 -0.000000 -1.000000
vn -0.000000 -0.000000 -1.000000
vn -0.000000 -0.000000 -1.000000
vn -0.000000 -0.707107 -0.707107
vn -0.000000 -0.707107 -0.707107
vn -0.000000 -0.707107 -0.707107
vn -0.000000 -0.707107 -0.707107
vn 0.000000 0.707107 -0.707107
vn 0.000000 0.707107 -0.707107
vn 0.000000 0.707107 -0.707107
vn 0.000000 0.707107 -0.707107
vn -0.707107 0.000000 -0.707107
vn -0.707107 0.000000 -0.707107
vn -0.707107 0.000000 -0.707107
vn -0.707107 0.000000 -0.707107
vn 0.707107 0.000000 -0.707107
vn 0.707107 0.000000 -0.707107
vn 0.707107 0.000000 -0.707107
vn 0.707107 0.000000 -0.707107
vn -1.000000 -0.000000 -0.000000
vn -1.000000 -0.000000 -0.000000
vn -1.000000 -0.000000 -0.000000
vn -1.000000 -0.000000 -0.000000
vn 0.000000 1.000000 0.000000
vn 0.000000 1.000000 0.000000
vn 0.000000 1.000000 0.000000
vn 0.000000 1.000000 0.000000
vn -0.000000 1.000000 -0.000000
vn -0.000000 1.000000 -0.000000
vn -0.000000 1.000000 -0.000000
vn -0.000000 1.000000 -0.000000
vn -0.559202 -0.829031 -0.000000
vn -0.707107 -0.707107 -0.000000
vn -0.754717 -0.656051 -0.000000
vn -0.866025 -0.500000 -0.000000
vn -0.898799 -0.438361 -0.000000
vn -0.965926 -0.258819 -0.000000
vn -0.981629 -0.190798 -0.000000
vn -1.000000 -0.000000 -0.000000
vn -0.997563 0.069768 0.000000
vn -0.965926 0.258819 0.000000
vn -0.945515 0.325579 0.000000
vn -0.866025 0.500000 0.000000
vn -0.829031 0.559202 0.000000
vn -0.707107 0.707107 0.000000
vn -0.656051 0.754717 0.000000
vn -0.500000 0.866025 0.000000
vn -0.438361 0.898799 0.000000
vn -0.258819 0.965926 0.000000
vn -0.190798 0.981629 0.000000
vn -0.000000 1.000000 0.000000
vn 0.069768 0.997563 0.000000
vn 0.258819 0.965926 0.000000
vn 0.325579 0.945515 0.000000
vn 0.500000 0.866025 0.000000
vn 0.559202 0.829031 0.000000
vn 0.707107 0.707107 0.000000
vn 0.754717 0.656051 0.000000
vn 0.866025 0.500000 0.000000
vn 0.898799 0.438361 0.000000
vn 0.965926 0.258819 0.000000
vn 0.981629 0.190798 0.000000
vn 1.000000 0.000000 0.000000
vn 0.997563 -0.069768 0.000000
vn 0.965926 -0.258819 0.000000
vn 0.945515 -0.325579 0.000000
vn 0.866025 -0.500000 0.000000
vn 0.829031 -0.559202 0.000000
vn 0.707107 -0.707107 0.000000
vn 0.656051 -0.754717 0.000000
vn 0.500000 -0.866025 0.000000
vn 0.438361 -0.898799 0.000000
vn 0.258819 -0.965926 0.000000
vn 0.190798 -0.981629 0.000000
vn -0.000000 -1.000000 -0.000000
vn -0.069768 -0.997563 -0.000000
vn -0.258819 -0.965926 -0.000000
vn -0.325579 -0.945515 -0.000000
vn -0.500000 -0.866025 -0.000000
vn 0.000000 1.000000 0.000000
vn 0.000000 1.000000 0.000000
vn 0.000000 1.000000 0.000000
vn 0.000000 1.000000 0.000000
vn -1.000000 -0.000000 -0.000000
vn -1.000000 -0.000000 -0.000000
vn -1.000000 -0.000000 -0.000000
vn -1.000000 -0.000000 -0.000000
vn 1.000000 -0.000000 -0.000000
vn 1.000000 -0.000000 -0.000000
vn 1.000000 -0.000000 -0.000000
vn 1.000000 -0.000000 -0.000000
vn 0.000000 -1.000000 -0.000000
vn 0.000000 -1.000000 -0.000000
vn 0.000000 -1.000000 -0.000000
vn 0.000000 -1.000000 -0.000000
vn -0.930869 -0.365354 -0.000000
vn -0.965926 -0.258819 -0.000000
vn -0.993711 -0.111978 -0.000000
vn -1.000000 -0.000000 -0.000000
vn -0.988833 0.149029 0.000000
vn -0.965926 0.258819 0.000000
vn -0.916568 0.399880 0.000000
vn -0.866025 0.500000 0.000000
vn -0.781840 0.623479 0.000000
vn -0.707107 0.707107 0.000000
vn -0.593831 0.804590 0.000000
vn -0.500000 0.866025 0.000000
vn -0.365354 0.930869 0.000000
vn -0.258819 0.965926 0.000000
vn -0.111978 0.993711 0.000000
vn -0.000000 1.000000 0.000000
vn 0.149029 0.988833 0.000000
vn 0.258819 0.965926 0.000000
vn 0.399880 0.916568 0.000000
vn 0.500000 0.866025 0.000000
vn 0.623479 0.781840 0.000000
vn 0.707107 0.707107 0.000000
vn 0.804590 0.593831 0.000000
vn 0.866025 0.500000 0.000000
vn 0.930869 0.365354 0.000000
vn 0.965926 0.258819 0.000000
vn 0.993711 0.111978 0.000000
vn 1.000000 0.000000 0.000000
vn 0.988833 -0.149029 0.000000
vn 0.965926 -0.258819 0.000000
vn 0.916568 -0.399880 0.000000
vn 0.866025 -0.500000 0.000000
vn 0.781840 -0.623479 0.000000
vn 0.707107 -0.707107 0.000000
vn 0.593831 -0.804590 0.000000
vn 0.500000 -0.866025 0.000000
vn 0.365354 -0.930869 0.000000
vn 0.258819 -0.965926 0.000000
vn 0.111978 -0.993711 0.000000
vn -0.000000 -1.000000 -0.000000
vn -0.149029 -0.988833 -0.000000
vn -0.258819 -0.965926 -0.000000
vn -0.399880 -0.916568 -0.000000
vn -0.500000 -0.866025 -0.000000
vn -0.623479 -0.781840 -0.000000
vn -0.707107 -0.707107 -0.000000
vn -0.804590 -0.593831 -0.000000
vn -0.866025 -0.500000 -0.000000
vn -1.000000 0.000000 0.000000
vn -1.000000 0.000000 0.000000
vn -1.000000 0.000000 0.000000
vn -1.000000 0.000000 0.000000
vn -1.000000 0.000000 0.000000
vn -1.000000 0.000000 0.000000
vn 0.000000 -1.000000 -0.000000
vn 0.000000 -1.000000 -0.000000
vn -0.258819 -0.965926 -0.000000
vn -0.258819 -0.965926 -0.000000
vn -0.500000 -0.866025 -0.000000
vn -0.500000 -0.866025 -0.000000
vn -0.707107 -0.707107 -0.000000
vn -0.707107 -0.707107 -0.000000
vn -0.866025 -0.500000 -0.000000
vn -0.866025 -0.500000 -0.000000
vn -0.965926 -0.258819 -0.000000
vn -0.965926 -0.258819 -0.000000
vn -0.000000 -1.000000 -0.000000
vn -0.000000 -1.000000 -0.000000
vn 1.000000 -0.000000 -0.000000
vn 1.000000 -0.000000 -0.000000
vn 0.965926 -0.258819 -0.000000
vn 0.965926 -0.258819 -0.000000
vn 0.866025 -0.500000 -0.000000
vn 0.866025 -0.500000 -0.000000
vn 0.707107 -0.707107 -0.000000
vn 0.707107 -0.707107 -0.000000
vn 0.500000 -0.866025 -0.000000
vn 0.500000 -0.866025 -0.000000
vn 0.258819 -0.965926 -0.000000
vn 0.258819 -0.965926 -0.000000
vn 1.000000 0.000000 0.000000
vn 1.000000 0.000000 0.000000
vn 1.000000 0.000000 0.000000
vn 1.000000 0.000000 0.000000
vn 0.000000 1.000000 0.000000
vn 0.000000 1.000000 0.000000
vn 0.258819 0.965926 0.000000
vn 0.258819 0.965926 0.000000
vn 0.500000 0.866025 0.000000
vn 0.500000 0.866025 0.000000
vn 0.707107 0.707107 0.000000
vn 0.707107 0.707107 0.000000
vn 0.866025 0.500000 0.000000
vn 0.866025 0.500000 0.000000
vn 0.965926 0.258819 0.000000
vn 0.965926 0.258819 0.000000
vn -0.000000 1.000000 0.000000
vn -0.000000 1.000000 0.000000
vn -0.965926 0.258819 -0.000000
vn -0.965926 0.258819 -0.000000
vn -0.866025 0.500000 -0.000000
vn -0.866025 0.500000 -0.000000
vn -0.707107 0.707107 -0.000000
vn -0.707107 0.707107 -0.000000
vn -0.500000 0.866025 -0.000000
vn -0.500000 0.866025 -0.000000
vn -0.258819 0.965926 -0.000000
vn -0.258819 0.965926 -0.000000
usemtl PEEK
f 14/1/1 1/2/2 13/3/3
f 13/3/3 1/2/2 2/4/4
f 13/3/3 2/4/4 12/5/5
f 12/5/5 2/4/4 3/6/6
f 12/5/5 3/6/6 11/7/7
f 11/7/7 3/6/6 4/8/8
f 11/7/7 4/8/8 10/9/9
f 10/9/9 4/8/8 5/10/10
f 10/9/9 5/10/10 9/11/11
f 9/11/11 5/10/10 6/12/12
f 9/11/11 6/12/12 8/13/13
f 8/13/13 6/12/12 7/14/14
f 27/15/15 15/16/16 28/17/17
f 28/17/17 15/16/16 16/18/18
f 28/17/17 16/18/18 29/19/19
f 29/19/19 16/18/18 17/20/20
f 29/19/19 17/20/20 30/21/21
f 30/21/21 17/20/20 18/22/22
f 30/21/21 18/22/22 31/23/23
f 31/23/23 18/22/22 19/24/24
f 31/23/23 19/24/24 32/25/25
f 32/25/25 19/24/24 20/26/26
f 32/25/25 20/26/26 8/27/13
f 8/27/13 21/28/27 32/25/25
f 32/25/25 21/28/27 22/29/28
f 32/25/25 22/29/28 31/23/23
f 31/23/23 22/29/28 23/30/29
f 31/23/23 23/30/29 30/21/21
f 30/21/21 23/30/29 24/31/30
f 30/21/21 24/31/30 29/19/19
f 29/19/19 24/31/30 25/32/31
f 29/19/19 25/32/31 28/17/17
f 28/17/17 25/32/31 26/33/32
f 28/17/17 26/33/32 27/15/15
f 9/34/11 8/35/13 39/36/33
f 39/36/33 8/35/13 20/37/26
f 39/36/33 20/37/26 38/38/34
f 38/38/34 20/37/26 19/39/24
f 38/38/34 19/39/24 42/40/35
f 42/40/35 19/39/24 41/41/36
f 42/40/35 41/41/36 47/42/37
f 47/42/37 41/41/36 46/43/38
f 47/42/37 46/43/38 52/44/39
f 52/44/39 46/43/38 51/45/40
f 52/44/39 51/45/40 56/46/41
f 56/46/41 51/45/40 55/47/42
f 56/46/41 55/47/42 36/48/43
f 36/48/43 55/47/42 35/49/44
f 35/49/44 55/47/42 54/50/45
f 35/49/44 54/50/45 34/51/46
f 34/51/46 54/50/45 50/52/47
f 34/51/46 50/52/47 49/53/48
f 49/53/48 50/52/47 44/54/49
f 49/53/48 44/54/49 15/55/16
f 15/55/16 44/54/49 16/56/18
f 16/56/18 44/54/49 17/57/20
f 17/57/20 44/54/49 45/58/50
f 17/57/20 45/58/50 40/59/51
f 40/59/51 45/58/50 46/43/38
f 40/59/51 46/43/38 41/41/36
f 19/39/24 18/60/22 41/41/36
f 41/41/36 18/60/22 40/59/51
f 18/60/22 17/57/20 40/59/51
f 15/55/16 33/61/52 49/53/48
f 49/53/48 33/61/52 34/51/46
f 56/46/41 36/48/43 58/62/53
f 58/62/53 36/48/43 37/63/54
f 58/62/53 37/63/54 59/64/55
f 59/64/55 37/63/54 14/65/1
f 59/64/55 14/65/1 13/66/3
f 59/64/55 13/66/3 57/67/56
f 57/67/56 13/66/3 12/68/5
f 57/67/56 12/68/5 53/69/57
f 53/69/57 12/68/5 11/70/7
f 53/69/57 11/70/7 48/71/58
f 48/71/58 11/70/7 10/72/9
f 48/71/58 10/72/9 43/73/59
f 43/73/59 10/72/9 9/34/11
f 43/73/59 9/34/11 39/36/33
f 43/73/59 39/36/33 38/38/34
f 48/71/58 43/73/59 42/40/35
f 42/40/35 43/73/59 38/38/34
f 48/71/58 42/40/35 47/42/37
f 51/45/40 46/43/38 45/58/50
f 51/45/40 45/58/50 50/52/47
f 50/52/47 45/58/50 44/54/49
f 53/69/57 48/71/58 47/42/37
f 53/69/57 47/42/37 52/44/39
f 55/47/42 51/45/40 50/52/47
f 54/50/45 55/47/42 50/52/47
f 57/67/56 53/69/57 52/44/39
f 57/67/56 52/44/39 56/46/41
f 59/64/55 57/67/56 56/46/41
f 58/62/53 59/64/55 56/46/41
f 6/74/60 1/75/61 7/76/62
f 7/76/62 1/75/61 60/77/63
f 7/76/62 60/77/63 61/78/64
f 6/74/60 5/79/65 1/75/61
f 1/75/61 5/79/65 4/80/66
f 1/75/61 4/80/66 3/81/67
f 3/81/67 2/82/68 1/75/61
f 7/76/62 61/78/64 64/83/69
f 64/83/69 61/78/64 62/84/70
f 64/83/69 62/84/70 63/85/71
f 1/86/2 14/87/1 60/88/72
f 60/88/72 14/87/1 65/89/73
f 65/90/73 14/91/1 72/92/74
f 72/92/74 14/91/1 37/93/54
f 72/92/74 37/93/54 73/94/75
f 73/94/75 37/93/54 36/95/43
f 73/94/75 36/95/43 74/96/76
f 74/96/76 36/95/43 35/97/44
f 74/96/76 35/97/44 75/98/77
f 75/98/77 35/97/44 34/99/46
f 75/98/77 34/99/46 76/100/78
f 76/100/78 34/99/46 33/101/52
f 76/100/78 33/101/52 15/102/16
f 15/102/16 66/103/79 76/100/78
f 76/100/78 66/103/79 67/104/80
f 76/100/78 67/104/80 75/98/77
f 75/98/77 67/104/80 68/105/81
f 75/98/77 68/105/81 74/96/76
f 74/96/76 68/105/81 69/106/82
f 74/96/76 69/106/82 73/94/75
f 73/94/75 69/106/82 70/107/83
f 73/94/75 70/107/83 72/92/74
f 72/92/74 70/107/83 71/108/84
f 72/92/74 71/108/84 65/90/73
f 15/109/16 27/110/15 66/111/79
f 66/111/79 27/110/15 87/112/85
f 87/112/85 27/110/15 86/113/86
f 86/113/86 27/110/15 85/114/87
f 85/114/87 27/110/15 79/115/88
f 85/114/87 79/115/88 84/116/89
f 84/116/89 79/115/88 83/117/90
f 83/117/90 79/115/88 82/118/91
f 82/118/91 79/115/88 81/119/92
f 81/119/92 79/115/88 80/120/93
f 27/110/15 77/121/94 79/115/88
f 79/115/88 77/121/94 78/122/95
f 80/123/96 88/124/97 95/125/98
f 95/125/98 88/124/97 89/126/99
f 95/125/98 89/126/99 96/127/100
f 96/127/100 89/126/99 90/128/101
f 96/127/100 90/128/101 97/129/102
f 97/129/102 90/128/101 91/130/103
f 97/129/102 91/130/103 98/131/104
f 98/131/104 91/130/103 92/132/105
f 98/131/104 92/132/105 99/133/106
f 99/133/106 92/132/105 93/134/107
f 99/133/106 93/134/107 94/135/108
f 94/135/108 86/136/109 99/133/106
f 99/133/106 86/136/109 85/137/110
f 99/133/106 85/137/110 98/131/104
f 98/131/104 85/137/110 84/138/111
f 98/131/104 84/138/111 97/129/102
f 97/129/102 84/138/111 83/139/112
f 97/129/102 83/139/112 96/127/100
f 96/127/100 83/139/112 82/140/113
f 96/127/100 82/140/113 95/125/98
f 95/125/98 82/140/113 81/141/114
f 95/125/98 81/141/114 80/123/96
f 112/142/115 100/143/116 111/144/117
f 111/144/117 100/143/116 101/145/118
f 111/144/117 101/145/118 110/146/119
f 110/146/119 101/145/118 102/147/120
f 110/146/119 102/147/120 109/148/121
f 109/148/121 102/147/120 103/149/122
f 109/148/121 103/149/122 108/150/123
f 108/150/123 103/149/122 104/151/124
f 108/150/123 104/151/124 107/152/125
f 107/152/125 104/151/124 105/153/126
f 107/152/125 105/153/126 106/154/127
f 106/154/127 105/153/126 88/155/97
f 89/156/99 88/157/97 118/158/128
f 118/158/128 88/157/97 105/159/126
f 118/158/128 105/159/126 120/160/129
f 120/160/129 105/159/126 104/161/124
f 120/160/129 104/161/124 124/162/130
f 124/162/130 104/161/124 103/163/122
f 124/162/130 103/163/122 129/164/131
f 129/164/131 103/163/122 102/165/120
f 129/164/131 102/165/120 134/166/132
f 134/166/132 102/165/120 101/167/118
f 134/166/132 101/167/118 138/168/133
f 138/168/133 101/167/118 100/169/116
f 138/168/133 100/169/116 113/170/134
f 138/168/133 113/170/134 139/171/135
f 139/171/135 113/170/134 114/172/136
f 139/171/135 114/172/136 135/173/137
f 135/173/137 114/172/136 136/174/138
f 135/173/137 136/174/138 130/175/139
f 130/175/139 136/174/138 131/176/140
f 130/175/139 131/176/140 125/177/141
f 125/177/141 131/176/140 126/178/142
f 125/177/141 126/178/142 121/179/143
f 121/179/143 126/178/142 122/180/144
f 121/179/143 122/180/144 90/181/101
f 90/181/101 122/180/144 91/182/103
f 91/182/103 122/180/144 123/183/145
f 91/182/103 123/183/145 92/184/105
f 92/184/105 123/183/145 127/185/146
f 92/184/105 127/185/146 128/186/147
f 128/186/147 127/185/146 133/187/148
f 128/186/147 133/187/148 94/188/108
f 94/188/108 133/187/148 117/189/149
f 117/189/149 133/187/148 116/190/150
f 116/190/150 133/187/148 132/191/151
f 116/190/150 132/191/151 137/192/152
f 137/192/152 132/191/151 131/176/140
f 137/192/152 131/176/140 136/174/138
f 114/172/136 115/193/153 136/174/138
f 136/174/138 115/193/153 137/192/152
f 115/193/153 116/190/150 137/192/152
f 94/188/108 93/194/107 128/186/147
f 128/186/147 93/194/107 92/184/105
f 121/179/143 90/181/101 119/195/154
f 119/195/154 90/181/101 89/156/99
f 119/195/154 89/156/99 118/158/128
f 121/179/143 119/195/154 118/158/128
f 125/177/141 121/179/143 120/160/129
f 120/160/129 121/179/143 118/158/128
f 127/185/146 123/183/145 122/180/144
f 127/185/146 122/180/144 126/178/142
f 130/175/139 125/177/141 124/162/130
f 124/162/130 125/177/141 120/160/129
f 131/176/140 132/191/151 126/178/142
f 126/178/142 132/191/151 127/185/146
f 132/191/151 133/187/148 127/185/146
f 135/173/137 130/175/139 129/164/131
f 129/164/131 130/175/139 124/162/130
f 139/171/135 135/173/137 134/166/132
f 134/166/132 135/173/137 129/164/131
f 138/168/133 139/171/135 134/166/132
f 152/196/155 140/197/156 153/198/157
f 153/198/157 140/197/156 141/199/158
f 153/198/157 141/199/158 154/200/159
f 154/200/159 141/199/158 142/201/160
f 154/200/159 142/201/160 155/202/161
f 155/202/161 142/201/160 143/203/162
f 155/202/161 143/203/162 156/204/163
f 156/204/163 143/203/162 144/205/164
f 156/204/163 144/205/164 157/206/165
f 157/206/165 144/205/164 145/207/166
f 157/206/165 145/207/166 106/208/127
f 106/208/127 146/209/167 157/206/165
f 157/206/165 146/209/167 147/210/168
f 157/206/165 147/210/168 156/204/163
f 156/204/163 147/210/168 148/211/169
f 156/204/163 148/211/169 155/202/161
f 155/202/161 148/211/169 149/212/170
f 155/202/161 149/212/170 154/200/159
f 154/200/159 149/212/170 150/213/171
f 154/200/159 150/213/171 153/198/157
f 153/198/157 150/213/171 151/214/172
f 153/198/157 151/214/172 152/196/155
f 107/215/125 106/216/127 165/217/173
f 165/217/173 106/216/127 145/218/166
f 165/217/173 145/218/166 164/219/174
f 164/219/174 145/218/166 144/220/164
f 164/219/174 144/220/164 168/221/175
f 168/221/175 144/220/164 167/222/176
f 168/221/175 167/222/176 173/223/177
f 173/223/177 167/222/176 172/224/178
f 173/223/177 172/224/178 178/225/179
f 178/225/179 172/224/178 177/226/180
f 178/225/179 177/226/180 182/227/181
f 182/227/181 177/226/180 181/228/182
f 182/227/181 181/228/182 161/229/183
f 161/229/183 181/228/182 160/230/184
f 160/230/184 181/228/182 180/231/185
f 160/230/184 180/231/185 159/232/186
f 159/232/186 180/231/185 176/233/187
f 159/232/186 176/233/187 175/234/188
f 175/234/188 176/233/187 170/235/189
f 175/234/188 170/235/189 140/236/156
f 140/236/156 170/235/189 141/237/158
f 141/237/158 170/235/189 142/238/160
f 142/238/160 170/235/189 171/239/190
f 142/238/160 171/239/190 166/240/191
f 166/240/191 171/239/190 172/224/178
f 166/240/191 172/224/178 167/222/176
f 144/220/164 143/241/162 167/222/176
f 167/222/176 143/241/162 166/240/191
f 143/241/162 142/238/160 166/240/191
f 140/236/156 158/242/192 175/234/188
f 175/234/188 158/242/192 159/232/186
f 182/227/181 161/229/183 184/243/193
f 184/243/193 161/229/183 162/244/194
f 184/243/193 162/244/194 163/245/195
f 163/245/195 162/244/194 112/246/115
f 163/245/195 112/246/115 111/247/117
f 163/245/195 111/247/117 183/248/196
f 183/248/196 111/247/117 110/249/119
f 183/248/196 110/249/119 179/250/197
f 179/250/197 110/249/119 109/251/121
f 179/250/197 109/251/121 174/252/198
f 174/252/198 109/251/121 108/253/123
f 174/252/198 108/253/123 169/254/199
f 169/254/199 108/253/123 107/215/125
f 169/254/199 107/215/125 165/217/173
f 169/254/199 165/217/173 164/219/174
f 174/252/198 169/254/199 168/221/175
f 168/221/175 169/254/199 164/219/174
f 174/252/198 168/221/175 173/223/177
f 177/226/180 172/224/178 171/239/190
f 177/226/180 171/239/190 176/233/187
f 176/233/187 171/239/190 170/235/189
f 179/250/197 174/252/198 173/223/177
f 179/250/197 173/223/177 178/225/179
f 181/228/182 177/226/180 176/233/187
f 180/231/185 181/228/182 176/233/187
f 183/248/196 179/250/197 178/225/179
f 183/248/196 178/225/179 182/227/181
f 163/245/195 183/248/196 182/227/181
f 184/243/193 163/245/195 182/227/181
f 191/255/200 94/256/108 192/257/201
f 192/257/201 94/256/108 117/258/149
f 192/257/201 117/258/149 193/259/202
f 193/259/202 117/258/149 116/260/150
f 193/259/202 116/260/150 194/261/203
f 194/261/203 116/260/150 115/262/153
f 194/261/203 115/262/153 195/263/204
f 195/263/204 115/262/153 114/264/136
f 195/263/204 114/264/136 196/265/205
f 196/265/205 114/264/136 113/266/134
f 196/265/205 113/266/134 100/267/116
f 100/267/116 185/268/206 196/265/205
f 196/265/205 185/268/206 186/269/207
f 196/265/205 186/269/207 195/263/204
f 195/263/204 186/269/207 187/270/208
f 195/263/204 187/270/208 194/261/203
f 194/261/203 187/270/208 188/271/209
f 194/261/203 188/271/209 193/259/202
f 193/259/202 188/271/209 189/272/210
f 193/259/202 189/272/210 192/257/201
f 192/257/201 189/272/210 190/273/211
f 192/257/201 190/273/211 191/255/200
f 100/274/116 112/275/115 185/276/206
f 185/276/206 112/275/115 197/277/212
f 197/278/212 112/279/115 204/280/213
f 204/280/213 112/279/115 162/281/194
f 204/280/213 162/281/194 205/282/214
f 205/282/214 162/281/194 161/283/183
f 205/282/214 161/283/183 206/284/215
f 206/284/215 161/283/183 160/285/184
f 206/284/215 160/285/184 207/286/216
f 207/286/216 160/285/184 159/287/186
f 207/286/216 159/287/186 208/288/217
f 208/288/217 159/287/186 158/289/192
f 208/288/217 158/289/192 140/290/156
f 140/290/156 198/291/218 208/288/217
f 208/288/217 198/291/218 199/292/219
f 208/288/217 199/292/219 207/286/216
f 207/286/216 199/292/219 200/293/220
f 207/286/216 200/293/220 206/284/215
f 206/284/215 200/293/220 201/294/221
f 206/284/215 201/294/221 205/282/214
f 205/282/214 201/294/221 202/295/222
f 205/282/214 202/295/222 204/280/213
f 204/280/213 202/295/222 203/296/223
f 204/280/213 203/296/223 197/278/212
f 140/297/156 152/298/155 198/299/218
f 198/299/218 152/298/155 209/300/224
f 223/301/225 210/302/226 224/303/227
f 224/303/227 210/302/226 211/304/228
f 224/303/227 211/304/228 225/305/229
f 225/305/229 211/304/228 212/306/230
f 225/305/229 212/306/230 226/307/231
f 226/307/231 212/306/230 213/308/232
f 226/307/231 213/308/232 227/309/233
f 227/309/233 213/308/232 214/310/234
f 227/309/233 214/310/234 228/311/235
f 228/311/235 214/310/234 215/312/236
f 228/311/235 215/312/236 216/313/237
f 216/313/237 217/314/238 228/311/235
f 228/311/235 217/314/238 218/315/239
f 228/311/235 218/315/239 227/309/233
f 227/309/233 218/315/239 219/316/240
f 227/309/233 219/316/240 226/307/231
f 226/307/231 219/316/240 220/317/241
f 226/307/231 220/317/241 225/305/229
f 225/305/229 220/317/241 221/318/242
f 225/305/229 221/318/242 224/303/227
f 224/303/227 221/318/242 222/319/243
f 224/303/227 222/319/243 223/301/225
f 210/320/226 229/321/244 241/322/245
f 241/322/245 229/321/244 230/323/246
f 241/322/245 230/323/246 240/324/247
f 240/324/247 230/323/246 231/325/248
f 240/324/247 231/325/248 239/326/249
f 239/326/249 231/325/248 232/327/250
f 239/326/249 232/327/250 238/328/251
f 238/328/251 232/327/250 233/329/252
f 238/328/251 233/329/252 237/330/253
f 237/330/253 233/329/252 234/331/254
f 237/330/253 234/331/254 236/332/255
f 236/332/255 234/331/254 235/333/256
f 211/334/228 210/335/226 247/336/257
f 247/336/257 210/335/226 241/337/245
f 247/336/257 241/337/245 249/338/258
f 249/338/258 241/337/245 240/339/247
f 249/338/258 240/339/247 253/340/259
f 253/340/259 240/339/247 239/341/249
f 253/340/259 239/341/249 258/342/260
f 258/342/260 239/341/249 238/343/251
f 258/342/260 238/343/251 263/344/261
f 263/344/261 238/343/251 237/345/253
f 263/344/261 237/345/253 267/346/262
f 267/346/262 237/345/253 236/347/255
f 267/346/262 236/347/255 242/348/263
f 267/346/262 242/348/263 268/349/264
f 268/349/264 242/348/263 243/350/265
f 268/349/264 243/350/265 264/351/266
f 264/351/266 243/350/265 265/352/267
f 264/351/266 265/352/267 259/353/268
f 259/353/268 265/352/267 260/354/269
f 259/353/268 260/354/269 254/355/270
f 254/355/270 260/354/269 255/356/271
f 254/355/270 255/356/271 250/357/272
f 250/357/272 255/356/271 251/358/273
f 250/357/272 251/358/273 212/359/230
f 212/359/230 251/358/273 213/360/232
f 213/360/232 251/358/273 252/361/274
f 213/360/232 252/361/274 214/362/234
f 214/362/234 252/361/274 256/363/275
f 214/362/234 256/363/275 257/364/276
f 257/364/276 256/363/275 262/365/277
f 257/364/276 262/365/277 216/366/237
f 216/366/237 262/365/277 246/367/278
f 246/367/278 262/365/277 245/368/279
f 245/368/279 262/365/277 261/369/280
f 245/368/279 261/369/280 266/370/281
f 266/370/281 261/369/280 260/354/269
f 266/370/281 260/354/269 265/352/267
f 243/350/265 244/371/282 265/352/267
f 265/352/267 244/371/282 266/370/281
f 244/371/282 245/368/279 266/370/281
f 216/366/237 215/372/236 257/364/276
f 257/364/276 215/372/236 214/362/234
f 250/357/272 212/359/230 248/373/283
f 248/373/283 212/359/230 211/334/228
f 248/373/283 211/334/228 247/336/257
f 250/357/272 248/373/283 247/336/257
f 254/355/270 250/357/272 249/338/258
f 249/338/258 250/357/272 247/336/257
f 256/363/275 252/361/274 251/358/273
f 256/363/275 251/358/273 255/356/271
f 259/353/268 254/355/270 253/340/259
f 253/340/259 254/355/270 249/338/258
f 260/354/269 261/369/280 255/356/271
f 255/356/271 261/369/280 256/363/275
f 261/369/280 262/365/277 256/363/275
f 264/351/266 259/353/268 258/342/260
f 258/342/260 259/353/268 253/340/259
f 268/349/264 264/351/266 263/344/261
f 263/344/261 264/351/266 258/342/260
f 267/346/262 268/349/264 263/344/261
f 272/374/284 269/375/285 271/376/286
f 271/376/286 269/375/285 217/377/238
f 271/376/286 217/377/238 151/378/287
f 151/378/287 217/377/238 152/379/288
f 152/379/288 217/377/238 209/380/289
f 209/380/289 217/377/238 270/381/290
f 270/381/290 217/377/238 216/382/237
f 151/378/287 150/383/291 271/376/286
f 271/376/286 150/383/291 149/384/292
f 271/376/286 149/384/292 148/385/293
f 148/385/293 147/386/294 271/376/286
f 271/376/286 147/386/294 146/387/295
f 270/388/290 216/389/237 279/390/296
f 279/390/296 216/389/237 246/391/278
f 279/390/296 246/391/278 280/392/297
f 280/392/297 246/391/278 245/393/279
f 280/392/297 245/393/279 281/394/298
f 281/394/298 245/393/279 244/395/282
f 281/394/298 244/395/282 282/396/299
f 282/396/299 244/395/282 243/397/265
f 282/396/299 243/397/265 283/398/300
f 283/398/300 243/397/265 242/399/263
f 283/398/300 242/399/263 236/400/255
f 236/400/255 273/401/301 283/398/300
f 283/398/300 273/401/301 274/402/302
f 283/398/300 274/402/302 282/396/299
f 282/396/299 274/402/302 275/403/303
f 282/396/299 275/403/303 281/394/298
f 281/394/298 275/403/303 276/404/304
f 281/394/298 276/404/304 280/392/297
f 280/392/297 276/404/304 277/405/305
f 280/392/297 277/405/305 279/390/296
f 279/390/296 277/405/305 278/406/306
f 279/390/296 278/406/306 270/388/290
f 236/407/255 235/408/256 273/409/301
f 273/409/301 235/408/256 284/410/307
f 298/411/308 285/412/309 297/413/310
f 297/413/310 285/412/309 286/414/311
f 297/413/310 286/414/311 296/415/312
f 296/415/312 286/414/311 287/416/313
f 296/415/312 287/416/313 295/417/314
f 295/417/314 287/416/313 288/418/315
f 295/417/314 288/418/315 294/419/316
f 294/419/316 288/418/315 289/420/317
f 294/419/316 289/420/317 293/421/318
f 293/421/318 289/420/317 290/422/319
f 293/421/318 290/422/319 292/423/320
f 292/423/320 290/422/319 291/424/321
f 299/425/322 300/426/323 314/427/324
f 314/427/324 300/426/323 315/428/325
f 314/427/324 315/428/325 313/429/326
f 313/429/326 315/428/325 312/430/327
f 312/430/327 315/428/325 316/431/328
f 312/430/327 316/431/328 311/432/329
f 311/432/329 316/431/328 317/433/330
f 311/432/329 317/433/330 310/434/331
f 310/434/331 317/433/330 309/435/332
f 309/435/332 317/433/330 318/436/333
f 309/435/332 318/436/333 308/437/334
f 308/437/334 318/436/333 319/438/335
f 308/437/334 319/438/335 307/439/336
f 307/439/336 319/438/335 306/440/337
f 306/440/337 319/438/335 292/441/320
f 292/441/320 319/438/335 305/442/338
f 305/442/338 319/438/335 304/443/339
f 304/443/339 319/438/335 318/436/333
f 304/443/339 318/436/333 303/444/340
f 303/444/340 318/436/333 317/433/330
f 303/444/340 317/433/330 302/445/341
f 302/445/341 317/433/330 316/431/328
f 302/445/341 316/431/328 301/446/342
f 301/446/342 316/431/328 315/428/325
f 301/446/342 315/428/325 300/426/323
f 306/447/337 320/448/343 307/449/344
f 307/449/344 320/448/343 327/450/345
f 307/449/344 327/450/345 308/451/346
f 308/451/346 327/450/345 328/452/347
f 308/451/346 328/452/347 309/453/348
f 309/453/348 328/452/347 329/454/349
f 309/453/348 329/454/349 310/455/350
f 310/455/350 329/454/349 311/456/351
f 311/456/351 329/454/349 330/457/352
f 311/456/351 330/457/352 312/458/353
f 312/458/353 330/457/352 331/459/354
f 312/458/353 331/459/354 313/460/355
f 313/460/355 331/459/354 314/461/356
f 314/461/356 331/459/354 325/462/357
f 314/461/356 325/462/357 326/463/358
f 320/448/343 321/464/359 327/450/345
f 327/450/345 321/464/359 328/452/347
f 321/464/359 322/465/360 328/452/347
f 328/452/347 322/465/360 329/454/349
f 322/465/360 323/466/361 329/454/349
f 329/454/349 323/466/361 330/457/352
f 323/466/361 324/467/362 330/457/352
f 330/457/352 324/467/362 331/459/354
f 324/467/362 325/462/357 331/459/354
f 326/463/358 299/468/363 314/461/356
f 344/469/364 332/470/365 343/471/366
f 343/471/366 332/470/365 333/472/367
f 343/471/366 333/472/367 342/473/368
f 342/473/368 333/472/367 334/474/369
f 342/473/368 334/474/369 341/475/370
f 341/475/370 334/474/369 335/476/371
f 341/475/370 335/476/371 340/477/372
f 340/477/372 335/476/371 336/478/373
f 340/477/372 336/478/373 339/479/374
f 339/479/374 336/478/373 337/480/375
f 339/479/374 337/480/375 338/481/376
f 338/481/376 337/480/375 320/482/343
f 337/483/375 356/484/377 320/485/343
f 320/485/343 356/484/377 355/486/378
f 320/485/343 355/486/378 321/487/359
f 321/487/359 355/486/378 322/488/360
f 322/488/360 355/486/378 354/489/379
f 322/488/360 354/489/379 369/490/380
f 369/490/380 354/489/379 353/491/381
f 369/490/380 353/491/381 368/492/382
f 368/492/382 353/491/381 352/493/383
f 368/492/382 352/493/383 367/494/384
f 367/494/384 352/493/383 351/495/385
f 367/494/384 351/495/385 366/496/386
f 366/496/386 351/495/385 348/497/387
f 366/496/386 348/497/387 349/498/388
f 337/483/375 336/499/373 356/484/377
f 356/484/377 336/499/373 357/500/389
f 356/484/377 357/500/389 355/486/378
f 355/486/378 357/500/389 354/489/379
f 357/500/389 336/499/373 361/501/390
f 361/501/390 336/499/373 335/502/371
f 361/501/390 335/502/371 362/503/391
f 362/503/391 335/502/371 334/504/369
f 362/503/391 334/504/369 363/505/392
f 363/505/392 334/504/369 365/506/393
f 363/505/392 365/506/393 350/507/394
f 350/507/394 365/506/393 333/508/367
f 350/507/394 333/508/367 332/509/365
f 334/504/369 333/508/367 365/506/393
f 332/509/365 345/510/395 350/507/394
f 350/507/394 345/510/395 364/511/396
f 350/507/394 364/511/396 363/505/392
f 363/505/392 364/511/396 359/512/397
f 363/505/392 359/512/397 358/513/398
f 358/513/398 359/512/397 353/491/381
f 358/513/398 353/491/381 354/489/379
f 345/510/395 346/514/399 364/511/396
f 364/511/396 346/514/399 360/515/400
f 364/511/396 360/515/400 359/512/397
f 359/512/397 360/515/400 352/493/383
f 359/512/397 352/493/383 353/491/381
f 346/514/399 347/516/401 360/515/400
f 360/515/400 347/516/401 351/495/385
f 360/515/400 351/495/385 352/493/383
f 347/516/401 348/497/387 351/495/385
f 366/496/386 349/498/388 370/517/402
f 370/517/402 349/498/388 326/518/358
f 370/517/402 326/518/358 325/519/357
f 370/517/402 325/519/357 371/520/403
f 371/520/403 325/519/357 324/521/362
f 371/520/403 324/521/362 367/494/384
f 367/494/384 324/521/362 368/492/382
f 324/521/362 323/522/361 368/492/382
f 368/492/382 323/522/361 369/490/380
f 323/522/361 322/488/360 369/490/380
f 358/513/398 354/489/379 357/500/389
f 361/501/390 362/503/391 357/500/389
f 357/500/389 362/503/391 358/513/398
f 362/503/391 363/505/392 358/513/398
f 371/520/403 367/494/384 366/496/386
f 370/517/402 371/520/403 366/496/386
f 372/523/404 373/524/405 387/525/406
f 387/525/406 373/524/405 388/526/407
f 387/525/406 388/526/407 386/527/408
f 386/527/408 388/526/407 385/528/409
f 385/528/409 388/526/407 389/529/410
f 385/528/409 389/529/410 384/530/411
f 384/530/411 389/529/410 390/531/412
f 384/530/411 390/531/412 383/532/413
f 383/532/413 390/531/412 382/533/414
f 382/533/414 390/531/412 391/534/415
f 382/533/414 391/534/415 381/535/416
f 381/535/416 391/534/415 392/536/417
f 381/535/416 392/536/417 380/537/418
f 380/537/418 392/536/417 379/538/419
f 379/538/419 392/536/417 338/539/376
f 338/539/376 392/536/417 378/540/420
f 378/540/420 392/536/417 377/541/421
f 377/541/421 392/536/417 391/534/415
f 377/541/421 391/534/415 376/542/422
f 376/542/422 391/534/415 390/531/412
f 376/542/422 390/531/412 375/543/423
f 375/543/423 390/531/412 389/529/410
f 375/543/423 389/529/410 374/544/424
f 374/544/424 389/529/410 388/526/407
f 374/544/424 388/526/407 373/524/405
f 379/545/419 393/546/425 380/547/426
f 380/547/426 393/546/425 400/548/427
f 380/547/426 400/548/427 381/549/428
f 381/549/428 400/548/427 401/550/429
f 381/549/428 401/550/429 382/551/430
f 382/551/430 401/550/429 402/552/431
f 382/551/430 402/552/431 383/553/432
f 383/553/432 402/552/431 384/554/433
f 384/554/433 402/552/431 403/555/434
f 384/554/433 403/555/434 385/556/435
f 385/556/435 403/555/434 404/557/436
f 385/556/435 404/557/436 386/558/437
f 386/558/437 404/557/436 387/559/438
f 387/559/438 404/557/436 398/560/439
f 387/559/438 398/560/439 399/561/440
f 393/546/425 394/562/441 400/548/427
f 400/548/427 394/562/441 401/550/429
f 394/562/441 395/563/442 401/550/429
f 401/550/429 395/563/442 402/552/431
f 395/563/442 396/564/443 402/552/431
f 402/552/431 396/564/443 403/555/434
f 396/564/443 397/565/444 403/555/434
f 403/555/434 397/565/444 404/557/436
f 397/565/444 398/560/439 404/557/436
f 399/561/440 372/566/445 387/559/438
f 393/567/425 405/568/446 417/569/447
f 417/569/447 405/568/446 406/570/448
f 417/569/447 406/570/448 416/571/449
f 416/571/449 406/570/448 407/572/450
f 416/571/449 407/572/450 415/573/451
f 415/573/451 407/572/450 408/574/452
f 415/573/451 408/574/452 414/575/453
f 414/575/453 408/574/452 409/576/454
f 414/575/453 409/576/454 413/577/455
f 413/577/455 409/576/454 410/578/456
f 413/577/455 410/578/456 412/579/457
f 412/579/457 410/578/456 411/580/458
f 394/581/441 393/582/425 423/583/459
f 423/583/459 393/582/425 417/584/447
f 423/583/459 417/584/447 425/585/460
f 425/585/460 417/584/447 416/586/449
f 425/585/460 416/586/449 429/587/461
f 429/587/461 416/586/449 415/588/451
f 429/587/461 415/588/451 434/589/462
f 434/589/462 415/588/451 414/590/453
f 434/589/462 414/590/453 439/591/463
f 439/591/463 414/590/453 413/592/455
f 439/591/463 413/592/455 443/593/464
f 443/593/464 413/592/455 412/594/457
f 443/593/464 412/594/457 418/595/465
f 443/593/464 418/595/465 444/596/466
f 444/596/466 418/595/465 419/597/467
f 444/596/466 419/597/467 440/598/468
f 440/598/468 419/597/467 441/599/469
f 440/598/468 441/599/469 435/600/470
f 435/600/470 441/599/469 436/601/471
f 435/600/470 436/601/471 430/602/472
f 430/602/472 436/601/471 431/603/473
f 430/602/472 431/603/473 426/604/474
f 426/604/474 431/603/473 427/605/475
f 426/604/474 427/605/475 395/606/442
f 395/606/442 427/605/475 396/607/443
f 396/607/443 427/605/475 428/608/476
f 396/607/443 428/608/476 397/609/444
f 397/609/444 428/608/476 432/610/477
f 397/609/444 432/610/477 433/611/478
f 433/611/478 432/610/477 438/612/479
f 433/611/478 438/612/479 399/613/440
f 399/613/440 438/612/479 422/614/480
f 422/614/480 438/612/479 421/615/481
f 421/615/481 438/612/479 437/616/482
f 421/615/481 437/616/482 442/617/483
f 442/617/483 437/616/482 436/601/471
f 442/617/483 436/601/471 441/599/469
f 419/597/467 420/618/484 441/599/469
f 441/599/469 420/618/484 442/617/483
f 420/618/484 421/615/481 442/617/483
f 399/613/440 398/619/439 433/611/478
f 433/611/478 398/619/439 397/609/444
f 426/604/474 395/606/442 424/620/485
f 424/620/485 395/606/442 394/581/441
f 424/620/485 394/581/441 423/583/459
f 426/604/474 424/620/485 423/583/459
f 430/602/472 426/604/474 425/585/460
f 425/585/460 426/604/474 423/583/459
f 432/610/477 428/608/476 427/605/475
f 432/610/477 427/605/475 431/603/473
f 435/600/470 430/602/472 429/587/461
f 429/587/461 430/602/472 425/585/460
f 436/601/471 437/616/482 431/603/473
f 431/603/473 437/616/482 432/610/477
f 437/616/482 438/612/479 432/610/477
f 440/598/468 435/600/470 434/589/462
f 434/589/462 435/600/470 429/587/461
f 444/596/466 440/598/468 439/591/463
f 439/591/463 440/598/468 434/589/462
f 443/593/464 444/596/466 439/591/463
f 378/621/420 456/622/486 338/623/376
f 338/623/376 456/622/486 455/624/487
f 338/623/376 455/624/487 339/625/374
f 339/625/374 455/624/487 340/626/372
f 340/626/372 455/624/487 454/627/488
f 340/626/372 454/627/488 469/628/489
f 469/628/489 454/627/488 453/629/490
f 469/628/489 453/629/490 468/630/491
f 468/630/491 453/629/490 452/631/492
f 468/630/491 452/631/492 467/632/493
f 467/632/493 452/631/492 451/633/494
f 467/632/493 451/633/494 466/634/495
f 466/634/495 451/633/494 448/635/496
f 466/634/495 448/635/496 449/636/497
f 378/621/420 377/637/421 456/622/486
f 456/622/486 377/637/421 457/638/498
f 456/622/486 457/638/498 455/624/487
f 455/624/487 457/638/498 454/627/488
f 457/638/498 377/637/421 461/639/499
f 461/639/499 377/637/421 376/640/422
f 461/639/499 376/640/422 462/641/500
f 462/641/500 376/640/422 375/642/423
f 462/641/500 375/642/423 463/643/501
f 463/643/501 375/642/423 465/644/502
f 463/643/501 465/644/502 450/645/503
f 450/645/503 465/644/502 374/646/424
f 450/645/503 374/646/424 373/647/405
f 375/642/423 374/646/424 465/644/502
f 373/647/405 445/648/504 450/645/503
f 450/645/503 445/648/504 464/649/505
f 450/645/503 464/649/505 463/643/501
f 463/643/501 464/649/505 459/650/506
f 463/643/501 459/650/506 458/651/507
f 458/651/507 459/650/506 453/629/490
f 458/651/507 453/629/490 454/627/488
f 445/648/504 446/652/508 464/649/505
f 464/649/505 446/652/508 460/653/509
f 464/649/505 460/653/509 459/650/506
f 459/650/506 460/653/509 452/631/492
f 459/650/506 452/631/492 453/629/490
f 446/652/508 447/654/510 460/653/509
f 460/653/509 447/654/510 451/633/494
f 460/653/509 451/633/494 452/631/492
f 447/654/510 448/635/496 451/633/494
f 466/634/495 449/636/497 470/655/511
f 470/655/511 449/636/497 344/656/364
f 470/655/511 344/656/364 343/657/366
f 470/655/511 343/657/366 471/658/512
f 471/658/512 343/657/366 342/659/368
f 471/658/512 342/659/368 467/632/493
f 467/632/493 342/659/368 468/630/491
f 342/659/368 341/660/370 468/630/491
f 468/630/491 341/660/370 469/628/489
f 341/660/370 340/626/372 469/628/489
f 458/651/507 454/627/488 457/638/498
f 461/639/499 462/641/500 457/638/498
f 457/638/498 462/641/500 458/651/507
f 462/641/500 463/643/501 458/651/507
f 471/658/512 467/632/493 466/634/495
f 470/655/511 471/658/512 466/634/495
f 293/661/318 292/662/320 479/663/513
f 479/663/513 292/662/320 305/664/338
f 479/663/513 305/664/338 478/665/514
f 478/665/514 305/664/338 304/666/339
f 478/665/514 304/666/339 482/667/515
f 482/667/515 304/666/339 481/668/516
f 482/667/515 481/668/516 487/669/517
f 487/669/517 481/668/516 486/670/518
f 487/669/517 486/670/518 492/671/519
f 492/671/519 486/670/518 491/672/520
f 492/671/519 491/672/520 496/673/521
f 496/673/521 491/672/520 495/674/522
f 496/673/521 495/674/522 475/675/523
f 475/675/523 495/674/522 474/676/524
f 474/676/524 495/674/522 494/677/525
f 474/676/524 494/677/525 473/678/526
f 473/678/526 494/677/525 490/679/527
f 473/678/526 490/679/527 489/680/528
f 489/680/528 490/679/527 484/681/529
f 489/680/528 484/681/529 300/682/323
f 300/682/323 484/681/529 301/683/342
f 301/683/342 484/681/529 302/684/341
f 302/684/341 484/681/529 485/685/530
f 302/684/341 485/685/530 480/686/531
f 480/686/531 485/685/530 486/670/518
f 480/686/531 486/670/518 481/668/516
f 304/666/339 303/687/340 481/668/516
f 481/668/516 303/687/340 480/686/531
f 303/687/340 302/684/341 480/686/531
f 300/682/323 472/688/532 489/680/528
f 489/680/528 472/688/532 473/678/526
f 496/673/521 475/675/523 498/689/533
f 498/689/533 475/675/523 476/690/534
f 498/689/533 476/690/534 477/691/535
f 477/691/535 476/690/534 298/692/308
f 477/691/535 298/692/308 297/693/310
f 477/691/535 297/693/310 497/694/536
f 497/694/536 297/693/310 296/695/312
f 497/694/536 296/695/312 493/696/537
f 493/696/537 296/695/312 295/697/314
f 493/696/537 295/697/314 488/698/538
f 488/698/538 295/697/314 294/699/316
f 488/698/538 294/699/316 483/700/539
f 483/700/539 294/699/316 293/661/318
f 483/700/539 293/661/318 479/663/513
f 483/700/539 479/663/513 478/665/514
f 488/698/538 483/700/539 482/667/515
f 482/667/515 483/700/539 478/665/514
f 488/698/538 482/667/515 487/669/517
f 491/672/520 486/670/518 485/685/530
f 491/672/520 485/685/530 490/679/527
f 490/679/527 485/685/530 484/681/529
f 493/696/537 488/698/538 487/669/517
f 493/696/537 487/669/517 492/671/519
f 495/674/522 491/672/520 490/679/527
f 494/677/525 495/674/522 490/679/527
f 497/694/536 493/696/537 492/671/519
f 497/694/536 492/671/519 496/673/521
f 477/691/535 497/694/536 496/673/521
f 498/689/533 477/691/535 496/673/521
f 505/701/540 298/702/308 506/703/541
f 506/703/541 298/702/308 476/704/534
f 506/703/541 476/704/534 507/705/542
f 507/705/542 476/704/534 475/706/523
f 507/705/542 475/706/523 508/707/543
f 508/707/543 475/706/523 474/708/524
f 508/707/543 474/708/524 509/709/544
f 509/709/544 474/708/524 473/710/526
f 509/709/544 473/710/526 510/711/545
f 510/711/545 473/710/526 472/712/532
f 510/711/545 472/712/532 300/713/323
f 300/713/323 499/714/546 510/711/545
f 510/711/545 499/714/546 500/715/547
f 510/711/545 500/715/547 509/709/544
f 509/709/544 500/715/547 501/716/548
f 509/709/544 501/716/548 508/707/543
f 508/707/543 501/716/548 502/717/549
f 508/707/543 502/717/549 507/705/542
f 507/705/542 502/717/549 503/718/550
f 507/705/542 503/718/550 506/703/541
f 506/703/541 503/718/550 504/719/551
f 506/703/541 504/719/551 505/701/540
f 300/720/323 299/721/322 499/722/546
f 499/722/546 299/721/322 511/723/552
f 299/724/363 326/725/358 511/726/553
f 511/726/553 326/725/358 512/727/554
f 512/728/554 326/729/358 519/730/555
f 519/730/555 326/729/358 349/731/388
f 519/730/555 349/731/388 520/732/556
f 520/732/556 349/731/388 348/733/387
f 520/732/556 348/733/387 521/734/557
f 521/734/557 348/733/387 347/735/401
f 521/734/557 347/735/401 522/736/558
f 522/736/558 347/735/401 346/737/399
f 522/736/558 346/737/399 523/738/559
f 523/738/559 346/737/399 345/739/395
f 523/738/559 345/739/395 332/740/365
f 332/740/365 513/741/560 523/738/559
f 523/738/559 513/741/560 514/742/561
f 523/738/559 514/742/561 522/736/558
f 522/736/558 514/742/561 515/743/562
f 522/736/558 515/743/562 521/734/557
f 521/734/557 515/743/562 516/744/563
f 521/734/557 516/744/563 520/732/556
f 520/732/556 516/744/563 517/745/564
f 520/732/556 517/745/564 519/730/555
f 519/730/555 517/745/564 518/746/565
f 519/730/555 518/746/565 512/728/554
f 332/747/365 344/748/364 513/749/560
f 513/749/560 344/748/364 524/750/566
f 524/751/566 344/752/364 531/753/567
f 531/753/567 344/752/364 449/754/497
f 531/753/567 449/754/497 532/755/568
f 532/755/568 449/754/497 448/756/496
f 532/755/568 448/756/496 533/757/569
f 533/757/569 448/756/496 447/758/510
f 533/757/569 447/758/510 534/759/570
f 534/759/570 447/758/510 446/760/508
f 534/759/570 446/760/508 535/761/571
f 535/761/571 446/760/508 445/762/504
f 535/761/571 445/762/504 373/763/405
f 373/763/405 525/764/572 535/761/571
f 535/761/571 525/764/572 526/765/573
f 535/761/571 526/765/573 534/759/570
f 534/759/570 526/765/573 527/766/574
f 534/759/570 527/766/574 533/757/569
f 533/757/569 527/766/574 528/767/575
f 533/757/569 528/767/575 532/755/568
f 532/755/568 528/767/575 529/768/576
f 532/755/568 529/768/576 531/753/567
f 531/753/567 529/768/576 530/769/577
f 531/753/567 530/769/577 524/751/566
f 373/770/405 372/771/404 525/772/572
f 525/772/572 372/771/404 536/773/578
f 372/774/445 399/775/440 536/776/579
f 536/776/579 399/775/440 537/777/580
f 537/778/580 399/779/440 544/780/581
f 544/780/581 399/779/440 422/781/480
f 544/780/581 422/781/480 545/782/582
f 545/782/582 422/781/480 421/783/481
f 545/782/582 421/783/481 546/784/583
f 546/784/583 421/783/481 420/785/484
f 546/784/583 420/785/484 547/786/584
f 547/786/584 420/785/484 419/787/467
f 547/786/584 419/787/467 548/788/585
f 548/788/585 419/787/467 418/789/465
f 548/788/585 418/789/465 412/790/457
f 412/790/457 538/791/586 548/788/585
f 548/788/585 538/791/586 539/792/587
f 548/788/585 539/792/587 547/786/584
f 547/786/584 539/792/587 540/793/588
f 547/786/584 540/793/588 546/784/583
f 546/784/583 540/793/588 541/794/589
f 546/784/583 541/794/589 545/782/582
f 545/782/582 541/794/589 542/795/590
f 545/782/582 542/795/590 544/780/581
f 544/780/581 542/795/590 543/796/591
f 544/780/581 543/796/591 537/778/580
f 412/797/457 411/798/458 538/799/586
f 538/799/586 411/798/458 549/800/592
f 292/801/320 291/802/321 306/803/337
f 306/803/337 291/802/321 379/804/419
f 306/803/337 379/804/419 338/805/376
f 291/802/321 405/806/446 379/804/419
f 379/804/419 405/806/446 393/807/425
f 338/805/376 320/808/343 306/803/337
f 563/809/593 550/810/594 564/811/595
f 564/811/595 550/810/594 551/812/596
f 564/811/595 551/812/596 565/813/597
f 565/813/597 551/812/596 552/814/598
f 565/813/597 552/814/598 566/815/599
f 566/815/599 552/814/598 553/816/600
f 566/815/599 553/816/600 567/817/601
f 567/817/601 553/816/600 554/818/602
f 567/817/601 554/818/602 568/819/603
f 568/819/603 554/818/602 555/820/604
f 568/819/603 555/820/604 556/821/605
f 556/821/605 557/822/606 568/819/603
f 568/819/603 557/822/606 558/823/607
f 568/819/603 558/823/607 567/817/601
f 567/817/601 558/823/607 559/824/608
f 567/817/601 559/824/608 566/815/599
f 566/815/599 559/824/608 560/825/609
f 566/815/599 560/825/609 565/813/597
f 565/813/597 560/825/609 561/826/610
f 565/813/597 561/826/610 564/811/595
f 564/811/595 561/826/610 562/827/611
f 564/811/595 562/827/611 563/809/593
f 556/828/605 569/829/612 557/830/606
f 557/830/606 569/829/612 570/831/613
f 555/832/614 554/833/615 556/834/616
f 556/834/616 554/833/615 553/835/617
f 556/834/616 553/835/617 552/836/618
f 552/836/618 551/837/619 556/834/616
f 556/834/616 551/837/619 550/838/620
f 556/834/616 550/838/620 571/839/621
f 556/834/616 571/839/621 577/840/622
f 577/840/622 571/839/621 572/841/623
f 577/840/622 572/841/623 573/842/624
f 573/842/624 574/843/625 577/840/622
f 577/840/622 574/843/625 575/844/626
f 577/840/622 575/844/626 576/845/627
f 578/846/628 579/847/629 577/840/622
f 577/840/622 579/847/629 556/834/616
f 556/834/616 579/847/629 569/848/630
f 569/848/630 579/847/629 580/849/631
f 569/848/630 580/849/631 582/850/632
f 582/850/632 580/849/631 581/851/633
f 569/848/630 582/850/632 590/852/634
f 590/852/634 582/850/632 583/853/635
f 590/852/634 583/853/635 584/854/636
f 585/855/637 586/856/638 584/854/636
f 584/854/636 586/856/638 587/857/639
f 584/854/636 587/857/639 588/858/640
f 588/858/640 589/859/641 584/854/636
f 584/854/636 589/859/641 590/852/634
f 597/860/642 590/861/643 598/862/644
f 598/862/644 590/861/643 589/863/645
f 598/862/644 589/863/645 599/864/646
f 599/864/646 589/863/645 588/865/647
f 599/864/646 588/865/647 600/866/648
f 600/866/648 588/865/647 587/867/649
f 600/866/648 587/867/649 601/868/650
f 601/868/650 587/867/649 586/869/651
f 601/868/650 586/869/651 602/870/652
f 602/870/652 586/869/651 585/871/653
f 602/870/652 585/871/653 584/872/654
f 584/872/654 591/873/655 602/870/652
f 602/870/652 591/873/655 592/874/656
f 602/870/652 592/874/656 601/868/650
f 601/868/650 592/874/656 593/875/657
f 601/868/650 593/875/657 600/866/648
f 600/866/648 593/875/657 594/876/658
f 600/866/648 594/876/658 599/864/646
f 599/864/646 594/876/658 595/877/659
f 599/864/646 595/877/659 598/862/644
f 598/862/644 595/877/659 596/878/660
f 598/862/644 596/878/660 597/860/642
f 584/879/654 583/880/661 591/881/655
f 591/881/655 583/880/661 603/882/662
f 617/883/663 604/884/664 618/885/665
f 618/885/665 604/884/664 605/886/666
f 618/885/665 605/886/666 619/887/667
f 619/887/667 605/886/666 606/888/668
f 619/887/667 606/888/668 620/889/669
f 620/889/669 606/888/668 607/890/670
f 620/889/669 607/890/670 621/891/671
f 621/891/671 607/890/670 608/892/672
f 621/891/671 608/892/672 622/893/673
f 622/893/673 608/892/672 609/894/674
f 622/893/673 609/894/674 610/895/675
f 610/895/675 611/896/676 622/893/673
f 622/893/673 611/896/676 612/897/677
f 622/893/673 612/897/677 621/891/671
f 621/891/671 612/897/677 613/898/678
f 621/891/671 613/898/678 620/889/669
f 620/889/669 613/898/678 614/899/679
f 620/889/669 614/899/679 619/887/667
f 619/887/667 614/899/679 615/900/680
f 619/887/667 615/900/680 618/885/665
f 618/885/665 615/900/680 616/901/681
f 618/885/665 616/901/681 617/883/663
f 609/902/682 608/903/683 610/904/684
f 610/904/684 608/903/683 607/905/685
f 610/904/684 607/905/685 606/906/686
f 606/906/686 605/907/687 610/904/684
f 610/904/684 605/907/687 604/908/688
f 610/904/684 604/908/688 624/909/689
f 624/909/689 604/908/688 623/910/690
f 625/911/691 626/912/692 624/909/689
f 624/909/689 626/912/692 627/913/693
f 624/909/689 627/913/693 610/904/684
f 617/914/663 628/915/694 604/916/664
f 604/916/664 628/915/694 623/917/695
f 642/918/696 629/919/697 643/920/698
f 643/920/698 629/919/697 630/921/699
f 643/920/698 630/921/699 644/922/700
f 644/922/700 630/921/699 631/923/701
f 644/922/700 631/923/701 645/924/702
f 645/924/702 631/923/701 632/925/703
f 645/924/702 632/925/703 646/926/704
f 646/926/704 632/925/703 633/927/705
f 646/926/704 633/927/705 647/928/706
f 647/928/706 633/927/705 634/929/707
f 647/928/706 634/929/707 635/930/708
f 635/930/708 636/931/709 647/928/706
f 647/928/706 636/931/709 637/932/710
f 647/928/706 637/932/710 646/926/704
f 646/926/704 637/932/710 638/933/711
f 646/926/704 638/933/711 645/924/702
f 645/924/702 638/933/711 639/934/712
f 645/924/702 639/934/712 644/922/700
f 644/922/700 639/934/712 640/935/713
f 644/922/700 640/935/713 643/920/698
f 643/920/698 640/935/713 641/936/714
f 643/920/698 641/936/714 642/918/696
f 635/937/708 648/938/715 636/939/709
f 636/939/709 648/938/715 649/940/716
f 634/941/717 629/942/718 635/943/719
f 635/943/719 629/942/718 654/944/720
f 635/943/719 654/944/720 648/945/721
f 634/941/717 633/946/722 629/942/718
f 629/942/718 633/946/722 632/947/723
f 629/942/718 632/947/723 631/948/724
f 631/948/724 630/949/725 629/942/718
f 629/942/718 650/950/726 654/944/720
f 654/944/720 650/950/726 651/951/727
f 654/944/720 651/951/727 652/952/728
f 652/952/728 653/953/729 654/944/720
f 8/954/13 7/955/14 21/956/27
f 21/956/27 7/955/14 64/957/730
f 79/958/731 655/959/732 80/960/96
f 80/960/96 655/959/732 146/961/167
f 80/960/96 146/961/167 106/962/127
f 655/959/732 656/963/733 146/961/167
f 146/961/167 656/963/733 271/964/734
f 106/962/127 88/965/97 80/960/96
f 223/966/225 657/967/735 210/968/226
f 210/968/226 657/967/735 229/969/244
f 665/970/736 658/971/737 666/972/738
f 666/972/738 658/971/737 659/973/739
f 666/972/738 659/973/739 667/974/740
f 667/974/740 659/973/739 660/975/741
f 667/974/740 660/975/741 661/976/742
f 661/976/742 662/977/743 667/974/740
f 667/974/740 662/977/743 663/978/744
f 667/974/740 663/978/744 666/972/738
f 666/972/738 663/978/744 664/979/745
f 666/972/738 664/979/745 665/970/736
f 661/980/742 668/981/746 662/982/743
f 662/982/743 668/981/746 669/983/747
f 660/984/748 672/985/749 661/986/750
f 661/986/750 672/985/749 675/987/751
f 661/986/750 675/987/751 668/988/752
f 668/988/752 675/987/751 676/989/753
f 672/985/749 660/984/748 671/990/754
f 671/990/754 660/984/748 659/991/755
f 671/990/754 659/991/755 670/992/756
f 670/992/756 659/991/755 658/993/757
f 672/985/749 673/994/758 675/987/751
f 675/987/751 673/994/758 674/995/759
f 658/996/760 665/997/761 680/998/762
f 680/998/762 665/997/761 677/999/763
f 680/998/762 677/999/763 681/1000/764
f 681/1000/764 677/999/763 678/1001/765
f 681/1000/764 678/1001/765 679/1002/766
f 679/1002/766 672/1003/767 681/1000/764
f 681/1000/764 672/1003/767 671/1004/768
f 681/1000/764 671/1004/768 680/998/762
f 680/998/762 671/1004/768 670/1005/769
f 680/998/762 670/1005/769 658/996/760
f 695/1006/770 682/1007/771 696/1008/772
f 696/1008/772 682/1007/771 683/1009/773
f 696/1008/772 683/1009/773 697/1010/774
f 697/1010/774 683/1009/773 684/1011/775
f 697/1010/774 684/1011/775 698/1012/776
f 698/1012/776 684/1011/775 685/1013/777
f 698/1012/776 685/1013/777 699/1014/778
f 699/1014/778 685/1013/777 686/1015/779
f 699/1014/778 686/1015/779 700/1016/780
f 700/1016/780 686/1015/779 687/1017/781
f 700/1016/780 687/1017/781 688/1018/782
f 688/1018/782 689/1019/783 700/1016/780
f 700/1016/780 689/1019/783 690/1020/784
f 700/1016/780 690/1020/784 699/1014/778
f 699/1014/778 690/1020/784 691/1021/785
f 699/1014/778 691/1021/785 698/1012/776
f 698/1012/776 691/1021/785 692/1022/786
f 698/1012/776 692/1022/786 697/1010/774
f 697/1010/774 692/1022/786 693/1023/787
f 697/1010/774 693/1023/787 696/1008/772
f 696/1008/772 693/1023/787 694/1024/788
f 696/1008/772 694/1024/788 695/1006/770
f 688/1025/782 701/1026/789 689/1027/783
f 689/1027/783 701/1026/789 704/1028/790
f 704/1028/790 701/1026/789 703/1029/791
f 703/1029/791 701/1026/789 702/1030/792
f 687/1031/793 682/1032/794 688/1033/795
f 688/1033/795 682/1032/794 706/1034/796
f 688/1033/795 706/1034/796 709/1035/797
f 709/1035/797 706/1034/796 707/1036/798
f 709/1035/797 707/1036/798 708/1037/799
f 687/1031/793 686/1038/800 682/1032/794
f 682/1032/794 686/1038/800 685/1039/801
f 682/1032/794 685/1039/801 684/1040/802
f 684/1040/802 683/1041/803 682/1032/794
f 682/1032/794 705/1042/804 706/1034/796
f 710/1043/805 701/1044/806 709/1035/797
f 709/1035/797 701/1044/806 688/1033/795
f 724/1045/807 711/1046/808 725/1047/809
f 725/1047/809 711/1046/808 712/1048/810
f 725/1047/809 712/1048/810 726/1049/811
f 726/1049/811 712/1048/810 713/1050/812
f 726/1049/811 713/1050/812 727/1051/813
f 727/1051/813 713/1050/812 714/1052/814
f 727/1051/813 714/1052/814 728/1053/815
f 728/1053/815 714/1052/814 715/1054/816
f 728/1053/815 715/1054/816 729/1055/817
f 729/1055/817 715/1054/816 716/1056/818
f 729/1055/817 716/1056/818 717/1057/819
f 717/1057/819 718/1058/820 729/1055/817
f 729/1055/817 718/1058/820 719/1059/821
f 729/1055/817 719/1059/821 728/1053/815
f 728/1053/815 719/1059/821 720/1060/822
f 728/1053/815 720/1060/822 727/1051/813
f 727/1051/813 720/1060/822 721/1061/823
f 727/1051/813 721/1061/823 726/1049/811
f 726/1049/811 721/1061/823 722/1062/824
f 726/1049/811 722/1062/824 725/1047/809
f 725/1047/809 722/1062/824 723/1063/825
f 725/1047/809 723/1063/825 724/1045/807
f 717/1064/819 730/1065/826 718/1066/820
f 718/1066/820 730/1065/826 731/1067/827
f 716/1068/828 711/1069/829 717/1070/830
f 717/1070/830 711/1069/829 732/1071/831
f 717/1070/830 732/1071/831 730/1072/832
f 730/1072/832 732/1071/831 733/1073/833
f 730/1072/832 733/1073/833 734/1074/834
f 716/1068/828 715/1075/835 711/1069/829
f 711/1069/829 715/1075/835 714/1076/836
f 711/1069/829 714/1076/836 713/1077/837
f 713/1077/837 712/1078/838 711/1069/829
f 735/1079/839 736/1080/840 734/1074/834
f 734/1074/834 736/1080/840 737/1081/841
f 734/1074/834 737/1081/841 738/1082/842
f 738/1082/842 739/1083/843 734/1074/834
f 734/1074/834 739/1083/843 740/1084/844
f 734/1074/834 740/1084/844 741/1085/845
f 734/1074/834 741/1085/845 747/1086/846
f 747/1086/846 741/1085/845 742/1087/847
f 747/1086/846 742/1087/847 743/1088/848
f 743/1088/848 744/1089/849 747/1086/846
f 747/1086/846 744/1089/849 745/1090/850
f 747/1086/846 745/1090/850 746/1091/851
f 747/1086/846 730/1072/832 734/1074/834
f 754/1092/852 747/1093/853 755/1094/854
f 755/1094/854 747/1093/853 746/1095/855
f 755/1094/854 746/1095/855 756/1096/856
f 756/1096/856 746/1095/855 745/1097/857
f 756/1096/856 745/1097/857 757/1098/858
f 757/1098/858 745/1097/857 744/1099/859
f 757/1098/858 744/1099/859 758/1100/860
f 758/1100/860 744/1099/859 743/1101/861
f 758/1100/860 743/1101/861 759/1102/862
f 759/1102/862 743/1101/861 742/1103/863
f 759/1102/862 742/1103/863 741/1104/864
f 741/1104/864 748/1105/865 759/1102/862
f 759/1102/862 748/1105/865 749/1106/866
f 759/1102/862 749/1106/866 758/1100/860
f 758/1100/860 749/1106/866 750/1107/867
f 758/1100/860 750/1107/867 757/1098/858
f 757/1098/858 750/1107/867 751/1108/868
f 757/1098/858 751/1108/868 756/1096/856
f 756/1096/856 751/1108/868 752/1109/869
f 756/1096/856 752/1109/869 755/1094/854
f 755/1094/854 752/1109/869 753/1110/870
f 755/1094/854 753/1110/870 754/1092/852
f 741/1111/864 740/1112/871 748/1113/865
f 748/1113/865 740/1112/871 760/1114/872
f 760/1115/872 740/1116/871 767/1117/873
f 767/1117/873 740/1116/871 739/1118/874
f 767/1117/873 739/1118/874 768/1119/875
f 768/1119/875 739/1118/874 738/1120/876
f 768/1119/875 738/1120/876 769/1121/877
f 769/1121/877 738/1120/876 737/1122/878
f 769/1121/877 737/1122/878 770/1123/879
f 770/1123/879 737/1122/878 736/1124/880
f 770/1123/879 736/1124/880 771/1125/881
f 771/1125/881 736/1124/880 735/1126/882
f 771/1125/881 735/1126/882 734/1127/883
f 734/1127/883 761/1128/884 771/1125/881
f 771/1125/881 761/1128/884 762/1129/885
f 771/1125/881 762/1129/885 770/1123/879
f 770/1123/879 762/1129/885 763/1130/886
f 770/1123/879 763/1130/886 769/1121/877
f 769/1121/877 763/1130/886 764/1131/887
f 769/1121/877 764/1131/887 768/1119/875
f 768/1119/875 764/1131/887 765/1132/888
f 768/1119/875 765/1132/888 767/1117/873
f 767/1117/873 765/1132/888 766/1133/889
f 767/1117/873 766/1133/889 760/1115/872
f 734/1134/883 733/1135/890 761/1136/884
f 761/1136/884 733/1135/890 772/1137/891
f 779/1138/892 577/1139/893 780/1140/894
f 780/1140/894 577/1139/893 576/1141/895
f 780/1140/894 576/1141/895 781/1142/896
f 781/1142/896 576/1141/895 575/1143/897
f 781/1142/896 575/1143/897 782/1144/898
f 782/1144/898 575/1143/897 574/1145/899
f 782/1144/898 574/1145/899 783/1146/900
f 783/1146/900 574/1145/899 573/1147/901
f 783/1146/900 573/1147/901 784/1148/902
f 784/1148/902 573/1147/901 572/1149/903
f 784/1148/902 572/1149/903 571/1150/904
f 571/1150/904 773/1151/905 784/1148/902
f 784/1148/902 773/1151/905 774/1152/906
f 784/1148/902 774/1152/906 783/1146/900
f 783/1146/900 774/1152/906 775/1153/907
f 783/1146/900 775/1153/907 782/1144/898
f 782/1144/898 775/1153/907 776/1154/908
f 782/1144/898 776/1154/908 781/1142/896
f 781/1142/896 776/1154/908 777/1155/909
f 781/1142/896 777/1155/909 780/1140/894
f 780/1140/894 777/1155/909 778/1156/910
f 780/1140/894 778/1156/910 779/1138/892
f 779/1157/892 785/1158/911 577/1159/893
f 577/1159/893 785/1158/911 578/1160/912
f 786/1161/913 787/1162/914 789/1163/915
f 789/1163/915 787/1162/914 788/1164/916
f 790/1165/917 786/1166/918 791/1167/919
f 791/1167/919 786/1166/918 789/1168/920
f 792/1169/921 790/1170/922 793/1171/923
f 793/1171/923 790/1170/922 791/1172/924
f 787/1173/925 794/1174/926 788/1175/927
f 788/1175/927 794/1174/926 795/1176/928
f 794/1177/929 796/1178/930 795/1179/931
f 795/1179/931 796/1178/930 797/1180/932
f 796/1181/933 792/1182/934 797/1183/935
f 797/1183/935 792/1182/934 793/1184/936
f 795/1185/937 797/1186/938 789/1187/939
f 789/1187/939 797/1186/938 793/1188/940
f 789/1187/939 793/1188/940 791/1189/941
f 789/1187/939 788/1190/942 795/1185/937
f 798/1191/943 799/1192/944 801/1193/945
f 801/1193/945 799/1192/944 800/1194/946
f 798/1195/947 801/1196/948 785/1197/949
f 785/1197/949 801/1196/948 802/1198/950
f 785/1197/949 802/1198/950 579/1199/951
f 579/1199/951 578/1200/952 785/1197/949
f 580/1201/953 579/1202/954 803/1203/955
f 803/1203/955 579/1202/954 802/1204/956
f 802/1205/957 801/1206/958 803/1207/959
f 803/1207/959 801/1206/958 800/1208/960
f 804/1209/961 805/1210/962 628/1211/963
f 628/1211/963 805/1210/962 806/1212/964
f 807/1213/965 808/1214/966 810/1215/967
f 810/1215/967 808/1214/966 809/1216/968
f 809/1216/968 808/1214/966 624/1217/969
f 624/1217/969 808/1214/966 625/1218/970
f 623/1219/971 628/1220/972 624/1221/973
f 624/1221/973 628/1220/972 809/1222/974
f 809/1222/974 628/1220/972 806/1223/975
f 809/1224/976 806/1225/977 810/1226/978
f 810/1226/978 806/1225/977 805/1227/979
f 811/1228/980 812/1229/981 581/1230/982
f 581/1230/982 812/1229/981 582/1231/983
f 731/1232/984 754/1233/985 718/1234/986
f 718/1234/986 754/1233/985 863/1235/987
f 718/1234/986 863/1235/987 719/1236/988
f 719/1236/988 863/1235/987 720/1237/989
f 720/1237/989 863/1235/987 721/1238/990
f 721/1238/990 863/1235/987 722/1239/991
f 722/1239/991 863/1235/987 723/1240/992
f 723/1240/992 863/1235/987 724/1241/993
f 724/1241/993 863/1235/987 813/1242/994
f 813/1242/994 863/1235/987 669/1243/995
f 813/1242/994 669/1243/995 794/1244/996
f 794/1244/996 669/1243/995 829/1245/997
f 794/1244/996 829/1245/997 796/1246/998
f 796/1246/998 829/1245/997 830/1247/999
f 796/1246/998 830/1247/999 792/1248/1000
f 792/1248/1000 830/1247/999 831/1249/1001
f 792/1248/1000 831/1249/1001 832/1250/1002
f 754/1233/985 753/1251/1003 863/1235/987
f 863/1235/987 753/1251/1003 752/1252/1004
f 863/1235/987 752/1252/1004 751/1253/1005
f 863/1235/987 751/1253/1005 898/1254/1006
f 898/1254/1006 751/1253/1005 750/1255/1007
f 898/1254/1006 750/1255/1007 749/1256/1008
f 898/1254/1006 749/1256/1008 897/1257/1009
f 897/1257/1009 749/1256/1008 748/1258/1010
f 897/1257/1009 748/1258/1010 760/1259/1011
f 897/1257/1009 760/1259/1011 896/1260/1012
f 896/1260/1012 760/1259/1011 766/1261/1013
f 896/1260/1012 766/1261/1013 765/1262/1014
f 765/1262/1014 764/1263/1015 896/1260/1012
f 896/1260/1012 764/1263/1015 919/1264/1016
f 919/1264/1016 764/1263/1015 763/1265/1017
f 919/1264/1016 763/1265/1017 762/1266/1018
f 762/1266/1018 761/1267/1019 919/1264/1016
f 919/1264/1016 761/1267/1019 918/1268/1020
f 918/1268/1020 761/1267/1019 792/1248/1000
f 918/1268/1020 792/1248/1000 917/1269/1021
f 917/1269/1021 792/1248/1000 834/1270/1022
f 917/1269/1021 834/1270/1022 916/1271/1023
f 916/1271/1023 834/1270/1022 835/1272/1024
f 916/1271/1023 835/1272/1024 836/1273/1025
f 792/1248/1000 761/1267/1019 790/1274/1026
f 790/1274/1026 761/1267/1019 772/1275/1027
f 790/1274/1026 772/1275/1027 786/1276/1028
f 786/1276/1028 772/1275/1027 787/1277/1029
f 787/1277/1029 772/1275/1027 813/1242/994
f 787/1277/1029 813/1242/994 794/1244/996
f 799/1278/1030 798/1279/1031 862/1280/1032
f 862/1280/1032 798/1279/1031 861/1281/1033
f 861/1281/1033 798/1279/1031 860/1282/1034
f 860/1282/1034 798/1279/1031 859/1283/1035
f 859/1283/1035 798/1279/1031 779/1284/1036
f 859/1283/1035 779/1284/1036 872/1285/1037
f 872/1285/1037 779/1284/1036 871/1286/1038
f 871/1286/1038 779/1284/1036 778/1287/1039
f 871/1286/1038 778/1287/1039 777/1288/1040
f 798/1279/1031 785/1289/1041 779/1284/1036
f 777/1288/1040 776/1290/1042 871/1286/1038
f 871/1286/1038 776/1290/1042 870/1291/1043
f 870/1291/1043 776/1290/1042 775/1292/1044
f 870/1291/1043 775/1292/1044 774/1293/1045
f 774/1293/1045 773/1294/1046 870/1291/1043
f 870/1291/1043 773/1294/1046 869/1295/1047
f 869/1295/1047 773/1294/1046 563/1296/1048
f 869/1295/1047 563/1296/1048 562/1297/1049
f 562/1297/1049 561/1298/1050 869/1295/1047
f 869/1295/1047 561/1298/1050 868/1299/1051
f 868/1299/1051 561/1298/1050 560/1300/1052
f 868/1299/1051 560/1300/1052 894/1301/1053
f 894/1301/1053 560/1300/1052 559/1302/1054
f 894/1301/1053 559/1302/1054 558/1303/1055
f 558/1303/1055 557/1304/1056 894/1301/1053
f 894/1301/1053 557/1304/1056 597/1305/1057
f 894/1301/1053 597/1305/1057 596/1306/1058
f 557/1304/1056 570/1307/1059 597/1305/1057
f 596/1306/1058 595/1308/1060 894/1301/1053
f 894/1301/1053 595/1308/1060 594/1309/1061
f 894/1301/1053 594/1309/1061 593/1310/1062
f 593/1310/1062 592/1311/1063 894/1301/1053
f 894/1301/1053 592/1311/1063 591/1312/1064
f 894/1301/1053 591/1312/1064 603/1313/1065
f 812/1314/1066 811/1315/1067 603/1313/1065
f 603/1313/1065 811/1315/1067 804/1316/1068
f 603/1313/1065 804/1316/1068 894/1301/1053
f 894/1301/1053 804/1316/1068 628/1317/1069
f 894/1301/1053 628/1317/1069 617/1318/1070
f 617/1318/1070 616/1319/1071 894/1301/1053
f 894/1301/1053 616/1319/1071 615/1320/1072
f 894/1301/1053 615/1320/1072 893/1321/1073
f 893/1321/1073 615/1320/1072 614/1322/1074
f 893/1321/1073 614/1322/1074 613/1323/1075
f 613/1323/1075 612/1324/1076 893/1321/1073
f 893/1321/1073 612/1324/1076 611/1325/1077
f 893/1321/1073 611/1325/1077 814/1326/1078
f 814/1326/1078 642/1327/1079 893/1321/1073
f 893/1321/1073 642/1327/1079 641/1328/1080
f 893/1321/1073 641/1328/1080 640/1329/1081
f 640/1329/1081 639/1330/1082 893/1321/1073
f 893/1321/1073 639/1330/1082 892/1331/1083
f 892/1331/1083 639/1330/1082 638/1332/1084
f 892/1331/1083 638/1332/1084 637/1333/1085
f 636/1334/1086 65/1335/1087 637/1333/1085
f 637/1333/1085 65/1335/1087 71/1336/1088
f 637/1333/1085 71/1336/1088 892/1331/1083
f 892/1331/1083 71/1336/1088 70/1337/1089
f 892/1331/1083 70/1337/1089 69/1338/1090
f 636/1334/1086 649/1339/1091 65/1335/1087
f 65/1335/1087 649/1339/1091 60/1340/1092
f 60/1340/1092 649/1339/1091 816/1341/1093
f 60/1340/1092 816/1341/1093 821/1342/1094
f 821/1342/1094 816/1341/1093 820/1343/1095
f 820/1343/1095 816/1341/1093 817/1344/1096
f 820/1343/1095 817/1344/1096 819/1345/1097
f 819/1345/1097 817/1344/1096 818/1346/1098
f 649/1339/1091 815/1347/1099 816/1341/1093
f 821/1342/1094 61/1348/1100 60/1340/1092
f 69/1338/1090 68/1349/1101 892/1331/1083
f 892/1331/1083 68/1349/1101 67/1350/1102
f 892/1331/1083 67/1350/1102 66/1351/1103
f 87/1352/1104 191/1353/1105 66/1351/1103
f 66/1351/1103 191/1353/1105 892/1331/1083
f 191/1353/1105 190/1354/1106 892/1331/1083
f 892/1331/1083 190/1354/1106 189/1355/1107
f 892/1331/1083 189/1355/1107 188/1356/1108
f 188/1356/1108 187/1357/1109 892/1331/1083
f 892/1331/1083 187/1357/1109 186/1358/1110
f 892/1331/1083 186/1358/1110 891/1359/1111
f 891/1359/1111 186/1358/1110 185/1360/1112
f 891/1359/1111 185/1360/1112 866/1361/1113
f 866/1361/1113 185/1360/1112 197/1362/1114
f 866/1361/1113 197/1362/1114 203/1363/1115
f 866/1361/1113 203/1363/1115 865/1364/1116
f 865/1364/1116 203/1363/1115 202/1365/1117
f 865/1364/1116 202/1365/1117 201/1366/1118
f 201/1366/1118 200/1367/1119 865/1364/1116
f 865/1364/1116 200/1367/1119 199/1368/1120
f 865/1364/1116 199/1368/1120 198/1369/1121
f 198/1369/1121 209/1370/1122 865/1364/1116
f 865/1364/1116 209/1370/1122 270/1371/1123
f 865/1364/1116 270/1371/1123 278/1372/1124
f 278/1372/1124 277/1373/1125 865/1364/1116
f 865/1364/1116 277/1373/1125 276/1374/1126
f 865/1364/1116 276/1374/1126 275/1375/1127
f 275/1375/1127 274/1376/1128 865/1364/1116
f 865/1364/1116 274/1376/1128 864/1377/1129
f 864/1377/1129 274/1376/1128 273/1378/1130
f 864/1377/1129 273/1378/1130 695/1379/1131
f 695/1379/1131 273/1378/1130 284/1380/1132
f 695/1379/1131 284/1380/1132 828/1381/1133
f 828/1381/1133 284/1380/1132 826/1382/1134
f 828/1381/1133 826/1382/1134 827/1383/1135
f 822/1384/1136 823/1385/1137 284/1380/1132
f 284/1380/1132 823/1385/1137 826/1382/1134
f 823/1385/1137 824/1386/1138 826/1382/1134
f 826/1382/1134 824/1386/1138 825/1387/1139
f 695/1379/1131 694/1388/1140 864/1377/1129
f 864/1377/1129 694/1388/1140 693/1389/1141
f 864/1377/1129 693/1389/1141 692/1390/1142
f 692/1390/1142 691/1391/1143 864/1377/1129
f 864/1377/1129 691/1391/1143 690/1392/1144
f 864/1377/1129 690/1392/1144 689/1393/1145
f 689/1393/1145 704/1394/1146 864/1377/1129
f 864/1377/1129 704/1394/1146 679/1395/1147
f 864/1377/1129 679/1395/1147 678/1396/1148
f 678/1396/1148 677/1397/1149 864/1377/1129
f 864/1377/1129 677/1397/1149 665/1398/1150
f 864/1377/1129 665/1398/1150 863/1235/987
f 863/1235/987 665/1398/1150 664/1399/1151
f 863/1235/987 664/1399/1151 663/1400/1152
f 663/1400/1152 662/1401/1153 863/1235/987
f 863/1235/987 662/1401/1153 669/1243/995
f 832/1250/1002 833/1402/1154 792/1248/1000
f 792/1248/1000 833/1402/1154 834/1270/1022
f 837/1403/1155 914/1404/1156 836/1273/1025
f 836/1273/1025 914/1404/1156 915/1405/1157
f 836/1273/1025 915/1405/1157 916/1271/1023
f 838/1406/1158 910/1407/1159 837/1403/1155
f 837/1403/1155 910/1407/1159 911/1408/1160
f 837/1403/1155 911/1408/1160 912/1409/1161
f 839/1410/1162 895/1411/1163 838/1406/1158
f 838/1406/1158 895/1411/1163 906/1412/1164
f 838/1406/1158 906/1412/1164 907/1413/1165
f 839/1410/1162 840/1414/1166 895/1411/1163
f 895/1411/1163 840/1414/1166 841/1415/1167
f 895/1411/1163 841/1415/1167 842/1416/1168
f 842/1416/1168 843/1417/1169 895/1411/1163
f 895/1411/1163 843/1417/1169 844/1418/1170
f 895/1411/1163 844/1418/1170 845/1419/1171
f 895/1411/1163 845/1419/1171 549/1420/1172
f 549/1420/1172 845/1419/1171 846/1421/1173
f 549/1420/1172 846/1421/1173 847/1422/1174
f 847/1422/1174 848/1423/1175 549/1420/1172
f 549/1420/1172 848/1423/1175 849/1424/1176
f 549/1420/1172 849/1424/1176 850/1425/1177
f 850/1425/1177 851/1426/1178 549/1420/1172
f 549/1420/1172 851/1426/1178 852/1427/1179
f 549/1420/1172 852/1427/1179 853/1428/1180
f 854/1429/1181 880/1430/1182 853/1428/1180
f 853/1428/1180 880/1430/1182 881/1431/1183
f 853/1428/1180 881/1431/1183 882/1432/1184
f 855/1433/1185 876/1434/1186 854/1429/1181
f 854/1429/1181 876/1434/1186 877/1435/1187
f 854/1429/1181 877/1435/1187 878/1436/1188
f 876/1434/1186 855/1433/1185 875/1437/1189
f 875/1437/1189 855/1433/1185 856/1438/1190
f 875/1437/1189 856/1438/1190 874/1439/1191
f 874/1439/1191 856/1438/1190 857/1440/1192
f 874/1439/1191 857/1440/1192 873/1441/1193
f 873/1441/1193 857/1440/1192 858/1442/1194
f 873/1441/1193 858/1442/1194 859/1283/1035
f 863/1235/987 901/1443/1195 866/1361/1113
f 866/1361/1113 901/1443/1195 902/1444/1196
f 866/1361/1113 902/1444/1196 903/1445/1197
f 890/1446/1198 867/1447/1199 894/1301/1053
f 894/1301/1053 867/1447/1199 868/1299/1051
f 872/1285/1037 873/1441/1193 859/1283/1035
f 878/1436/1188 879/1448/1200 854/1429/1181
f 854/1429/1181 879/1448/1200 880/1430/1182
f 882/1432/1184 883/1449/1201 853/1428/1180
f 853/1428/1180 883/1449/1201 884/1450/1202
f 853/1428/1180 884/1450/1202 549/1420/1172
f 549/1420/1172 884/1450/1202 885/1451/1203
f 549/1420/1172 885/1451/1203 886/1452/1204
f 549/1420/1172 886/1452/1204 538/1453/1205
f 538/1453/1205 886/1452/1204 887/1454/1206
f 538/1453/1205 887/1454/1206 539/1455/1207
f 539/1455/1207 887/1454/1206 891/1359/1111
f 539/1455/1207 891/1359/1111 540/1456/1208
f 540/1456/1208 891/1359/1111 541/1457/1209
f 541/1457/1209 891/1359/1111 542/1458/1210
f 542/1458/1210 891/1359/1111 543/1459/1211
f 543/1459/1211 891/1359/1111 537/1460/1212
f 537/1460/1212 891/1359/1111 525/1461/1213
f 537/1460/1212 525/1461/1213 536/1462/1214
f 887/1454/1206 888/1463/1215 891/1359/1111
f 891/1359/1111 888/1463/1215 889/1464/1216
f 891/1359/1111 889/1464/1216 894/1301/1053
f 894/1301/1053 889/1464/1216 890/1446/1198
f 511/1465/1217 512/1466/1218 499/1467/1219
f 499/1467/1219 512/1466/1218 866/1361/1113
f 499/1467/1219 866/1361/1113 500/1468/1220
f 500/1468/1220 866/1361/1113 501/1469/1221
f 501/1469/1221 866/1361/1113 502/1470/1222
f 502/1470/1222 866/1361/1113 503/1471/1223
f 503/1471/1223 866/1361/1113 504/1472/1224
f 504/1472/1224 866/1361/1113 903/1445/1197
f 504/1472/1224 903/1445/1197 505/1473/1225
f 505/1473/1225 903/1445/1197 904/1474/1226
f 505/1473/1225 904/1474/1226 895/1411/1163
f 895/1411/1163 904/1474/1226 905/1475/1227
f 895/1411/1163 905/1475/1227 906/1412/1164
f 512/1466/1218 518/1476/1228 866/1361/1113
f 866/1361/1113 518/1476/1228 517/1477/1229
f 866/1361/1113 517/1477/1229 516/1478/1230
f 516/1478/1230 515/1479/1231 866/1361/1113
f 866/1361/1113 515/1479/1231 514/1480/1232
f 866/1361/1113 514/1480/1232 513/1481/1233
f 513/1481/1233 524/1482/1234 866/1361/1113
f 866/1361/1113 524/1482/1234 891/1359/1111
f 524/1482/1234 530/1483/1235 891/1359/1111
f 891/1359/1111 530/1483/1235 529/1484/1236
f 891/1359/1111 529/1484/1236 528/1485/1237
f 528/1485/1237 527/1486/1238 891/1359/1111
f 891/1359/1111 527/1486/1238 526/1487/1239
f 891/1359/1111 526/1487/1239 525/1461/1213
f 898/1254/1006 899/1488/1240 863/1235/987
f 863/1235/987 899/1488/1240 900/1489/1241
f 863/1235/987 900/1489/1241 901/1443/1195
f 907/1413/1165 908/1490/1242 838/1406/1158
f 838/1406/1158 908/1490/1242 909/1491/1243
f 838/1406/1158 909/1491/1243 910/1407/1159
f 912/1409/1161 913/1492/1244 837/1403/1155
f 837/1403/1155 913/1492/1244 914/1404/1156
f 920/1493/1245 921/1494/1246 675/1495/1247
f 675/1495/1247 921/1494/1246 676/1496/1248
f 669/1497/1249 668/1498/1250 829/1499/1251
f 829/1499/1251 668/1498/1250 924/1500/1252
f 924/1500/1252 668/1498/1250 923/1501/1253
f 923/1501/1253 668/1498/1250 676/1502/1254
f 923/1501/1253 676/1502/1254 922/1503/1255
f 922/1503/1255 676/1502/1254 921/1504/1256
f 922/1505/1257 921/1506/1258 926/1507/1259
f 926/1507/1259 921/1506/1258 920/1508/1260
f 926/1507/1259 920/1508/1260 925/1509/1261
f 675/1510/1262 674/1511/1263 920/1512/1264
f 920/1512/1264 674/1511/1263 925/1513/1265
f 925/1513/1265 674/1511/1263 928/1514/1266
f 928/1514/1266 674/1511/1263 927/1515/1267
f 708/1516/1268 707/1517/1269 825/1518/1270
f 825/1518/1270 707/1517/1269 826/1519/1271
f 827/1520/1272 826/1521/1273 706/1522/1274
f 706/1522/1274 826/1521/1273 707/1523/1275
f 706/1524/1276 705/1525/1277 827/1526/1278
f 827/1526/1278 705/1525/1277 828/1527/1279
f 817/1528/1280 652/1529/1281 818/1530/1282
f 818/1530/1282 652/1529/1281 651/1531/1283
f 817/1532/1284 816/1533/1285 652/1534/1286
f 652/1534/1286 816/1533/1285 653/1535/1287
f 816/1536/1288 815/1537/1289 653/1538/1290
f 653/1538/1290 815/1537/1289 654/1539/1291
f 818/1540/1292 651/1541/1293 819/1542/1294
f 819/1542/1294 651/1541/1293 930/1543/1295
f 930/1543/1295 651/1541/1293 929/1544/1296
f 815/1545/1297 649/1546/1298 654/1547/1299
f 654/1547/1299 649/1546/1298 648/1548/1300
f 808/1549/1301 807/1550/1302 932/1551/1303
f 932/1551/1303 807/1550/1302 931/1552/1304
f 27/1553/1305 26/1554/1306 77/1555/1307
f 77/1555/1307 26/1554/1306 25/1556/1308
f 77/1555/1307 25/1556/1308 24/1557/1309
f 24/1557/1309 23/1558/1310 77/1555/1307
f 77/1555/1307 23/1558/1310 22/1559/1311
f 77/1555/1307 22/1559/1311 21/1560/1312
f 64/1561/1313 63/1562/1314 21/1560/1312
f 21/1560/1312 63/1562/1314 77/1555/1307
f 933/1563/1315 934/1564/1316 709/1565/1317
f 709/1565/1317 934/1564/1316 710/1566/1318
f 701/1567/1319 710/1568/1320 702/1569/1321
f 702/1569/1321 710/1568/1320 934/1570/1322
f 78/1571/1323 935/1572/1324 79/1573/1325
f 79/1573/1325 935/1572/1324 655/1574/1326
f 935/1575/1327 936/1576/1328 655/1577/1329
f 655/1577/1329 936/1576/1328 656/1578/1330
f 271/1579/1331 656/1580/1332 272/1581/1333
f 272/1581/1333 656/1580/1332 936/1582/1334
f 651/1583/1335 650/1584/1336 929/1585/1337
f 929/1585/1337 650/1584/1336 937/1586/1338
f 627/1587/1339 626/1588/1340 938/1589/1341
f 938/1589/1341 626/1588/1340 939/1590/1342
f 674/1591/1343 673/1592/1344 927/1593/1345
f 927/1593/1345 673/1592/1344 940/1594/1346
f 825/1595/1347 824/1596/1348 708/1597/1349
f 708/1597/1349 824/1596/1348 941/1598/1350
f 708/1597/1349 941/1598/1350 933/1599/1351
f 933/1599/1351 709/1600/1352 708/1597/1349
f 724/1601/807 813/1602/1353 711/1603/808
f 711/1603/808 813/1602/1353 732/1604/1354
f 754/1605/852 731/1606/1355 747/1607/853
f 747/1607/853 731/1606/1355 730/1608/1356
f 86/1609/109 94/1610/108 87/1611/1357
f 87/1611/1357 94/1610/108 191/1612/200
f 629/1613/697 642/1614/696 650/1615/1358
f 650/1615/1358 642/1614/696 814/1616/1359
f 650/1615/1358 814/1616/1359 942/1617/1360
f 942/1617/1360 937/1618/1361 650/1615/1358
f 290/1619/1362 289/1620/1363 291/1621/1364
f 291/1621/1364 289/1620/1363 288/1622/1365
f 291/1621/1364 288/1622/1365 287/1623/1366
f 287/1623/1366 286/1624/1367 291/1621/1364
f 291/1621/1364 286/1624/1367 285/1625/1368
f 291/1621/1364 285/1625/1368 411/1626/1369
f 411/1626/1369 285/1625/1368 549/1627/1370
f 549/1627/1370 285/1625/1368 895/1628/1371
f 291/1621/1364 411/1626/1369 405/1629/1372
f 405/1629/1372 411/1626/1369 410/1630/1373
f 405/1629/1372 410/1630/1373 409/1631/1374
f 409/1631/1374 408/1632/1375 405/1629/1372
f 405/1629/1372 408/1632/1375 407/1633/1376
f 405/1629/1372 407/1633/1376 406/1634/1377
f 285/1635/309 298/1636/308 895/1637/1378
f 895/1637/1378 298/1636/308 505/1638/540
f 812/1639/1379 603/1640/1380 582/1641/1381
f 582/1641/1381 603/1640/1380 583/1642/1382
f 625/1643/1383 808/1644/1384 626/1645/1385
f 626/1645/1385 808/1644/1384 932/1646/1386
f 626/1645/1385 932/1646/1386 943/1647/1387
f 943/1647/1387 939/1648/1388 626/1645/1385
f 1063/1649/1389 944/1650/1390 1064/1651/1391
f 1064/1651/1391 944/1650/1390 945/1652/1392
f 1064/1651/1391 945/1652/1392 946/1653/1393
f 946/1653/1393 947/1654/1394 1064/1651/1391
f 1064/1651/1391 947/1654/1394 948/1655/1395
f 1064/1651/1391 948/1655/1395 949/1656/1396
f 949/1656/1396 950/1657/1397 1064/1651/1391
f 1064/1651/1391 950/1657/1397 951/1658/1398
f 1064/1651/1391 951/1658/1398 62/1659/1399
f 62/1659/1399 951/1658/1398 952/1660/1400
f 62/1659/1399 952/1660/1400 953/1661/1401
f 953/1661/1401 954/1662/1402 62/1659/1399
f 62/1659/1399 954/1662/1402 955/1663/1403
f 62/1659/1399 955/1663/1403 956/1664/1404
f 62/1659/1399 956/1664/1404 935/1665/1405
f 935/1665/1405 956/1664/1404 957/1666/1406
f 935/1665/1405 957/1666/1406 958/1667/1407
f 935/1665/1405 958/1667/1407 936/1668/1408
f 936/1668/1408 958/1667/1407 959/1669/1409
f 936/1668/1408 959/1669/1409 960/1670/1410
f 960/1670/1410 961/1671/1411 936/1668/1408
f 936/1668/1408 961/1671/1411 269/1672/1412
f 936/1668/1408 269/1672/1412 272/1673/1413
f 961/1671/1411 962/1674/1414 269/1672/1412
f 269/1672/1412 962/1674/1414 963/1675/1415
f 269/1672/1412 963/1675/1415 964/1676/1416
f 269/1672/1412 964/1676/1416 1101/1677/1417
f 1101/1677/1417 964/1676/1416 965/1678/1418
f 1101/1677/1417 965/1678/1418 966/1679/1419
f 966/1679/1419 967/1680/1420 1101/1677/1417
f 1101/1677/1417 967/1680/1420 968/1681/1421
f 1101/1677/1417 968/1681/1421 969/1682/1422
f 969/1682/1422 970/1683/1423 1101/1677/1417
f 1101/1677/1417 970/1683/1423 971/1684/1424
f 1101/1677/1417 971/1684/1424 972/1685/1425
f 1101/1677/1417 972/1685/1425 941/1686/1426
f 941/1686/1426 972/1685/1425 973/1687/1427
f 941/1686/1426 973/1687/1427 934/1688/1428
f 934/1688/1428 973/1687/1427 702/1689/1429
f 702/1689/1429 973/1687/1427 974/1690/1430
f 702/1689/1429 974/1690/1430 975/1691/1431
f 975/1691/1431 976/1692/1432 702/1689/1429
f 702/1689/1429 976/1692/1432 703/1693/1433
f 703/1693/1433 976/1692/1432 977/1694/1434
f 703/1693/1433 977/1694/1434 928/1695/1435
f 928/1695/1435 977/1694/1434 1100/1696/1436
f 1100/1696/1436 977/1694/1434 978/1697/1437
f 1100/1696/1436 978/1697/1437 979/1698/1438
f 979/1698/1438 980/1699/1439 1100/1696/1436
f 1100/1696/1436 980/1699/1439 923/1700/1440
f 923/1700/1440 980/1699/1439 981/1701/1441
f 923/1700/1440 981/1701/1441 982/1702/1442
f 923/1700/1440 982/1702/1442 924/1703/1443
f 924/1703/1443 982/1702/1442 983/1704/1444
f 924/1703/1443 983/1704/1444 984/1705/1445
f 984/1705/1445 985/1706/1446 924/1703/1443
f 924/1703/1443 985/1706/1446 986/1707/1447
f 924/1703/1443 986/1707/1447 987/1708/1448
f 987/1708/1448 988/1709/1449 924/1703/1443
f 924/1703/1443 988/1709/1449 1099/1710/1450
f 1099/1710/1450 988/1709/1449 989/1711/1451
f 1099/1710/1450 989/1711/1451 990/1712/1452
f 990/1712/1452 991/1713/1453 1099/1710/1450
f 1099/1710/1450 991/1713/1453 1098/1714/1454
f 1098/1714/1454 991/1713/1453 1097/1715/1455
f 1097/1715/1455 991/1713/1453 992/1716/1456
f 1097/1715/1455 992/1716/1456 1096/1717/1457
f 1096/1717/1457 992/1716/1456 1095/1718/1458
f 1095/1718/1458 992/1716/1456 1094/1719/1459
f 1094/1719/1459 992/1716/1456 993/1720/1460
f 1094/1719/1459 993/1720/1460 1093/1721/1461
f 1093/1721/1461 993/1720/1460 994/1722/1462
f 1093/1721/1461 994/1722/1462 995/1723/1463
f 1093/1721/1461 995/1723/1463 1092/1724/1464
f 1092/1724/1464 995/1723/1463 996/1725/1465
f 1092/1724/1464 996/1725/1465 997/1726/1466
f 997/1726/1466 998/1727/1467 1092/1724/1464
f 1092/1724/1464 998/1727/1467 999/1728/1468
f 1092/1724/1464 999/1728/1468 1000/1729/1469
f 1000/1729/1469 1001/1730/1470 1092/1724/1464
f 1092/1724/1464 1001/1730/1470 1002/1731/1471
f 1092/1724/1464 1002/1731/1471 1003/1732/1472
f 1092/1724/1464 1003/1732/1472 1091/1733/1473
f 1091/1733/1473 1003/1732/1472 1004/1734/1474
f 1091/1733/1473 1004/1734/1474 1005/1735/1475
f 1005/1735/1475 1006/1736/1476 1091/1733/1473
f 1091/1733/1473 1006/1736/1476 1007/1737/1477
f 1091/1733/1473 1007/1737/1477 1008/1738/1478
f 1008/1738/1478 1009/1739/1479 1091/1733/1473
f 1091/1733/1473 1009/1739/1479 1010/1740/1480
f 1091/1733/1473 1010/1740/1480 1090/1741/1481
f 1090/1741/1481 1010/1740/1480 1011/1742/1482
f 1090/1741/1481 1011/1742/1482 1012/1743/1483
f 1012/1743/1483 1013/1744/1484 1090/1741/1481
f 1090/1741/1481 1013/1744/1484 1089/1745/1485
f 1089/1745/1485 1013/1744/1484 1088/1746/1486
f 1088/1746/1486 1013/1744/1484 1087/1747/1487
f 1087/1747/1487 1013/1744/1484 1086/1748/1488
f 1086/1748/1488 1013/1744/1484 1014/1749/1489
f 1086/1748/1488 1014/1749/1489 1085/1750/1490
f 1085/1750/1490 1014/1749/1489 1084/1751/1491
f 1084/1751/1491 1014/1749/1489 1015/1752/1492
f 1084/1751/1491 1015/1752/1492 1016/1753/1493
f 1016/1753/1493 1017/1754/1494 1084/1751/1491
f 1084/1751/1491 1017/1754/1494 1083/1755/1495
f 1083/1755/1495 1017/1754/1494 1018/1756/1496
f 1083/1755/1495 1018/1756/1496 1019/1757/1497
f 1019/1757/1497 1020/1758/1498 1083/1755/1495
f 1083/1755/1495 1020/1758/1498 1082/1759/1499
f 1082/1759/1499 1020/1758/1498 1081/1760/1500
f 1081/1760/1500 1020/1758/1498 1080/1761/1501
f 1080/1761/1501 1020/1758/1498 1079/1762/1502
f 1079/1762/1502 1020/1758/1498 1078/1763/1503
f 1078/1763/1503 1020/1758/1498 1077/1764/1504
f 1077/1764/1504 1020/1758/1498 1021/1765/1505
f 1077/1764/1504 1021/1765/1505 1022/1766/1506
f 1022/1766/1506 1023/1767/1507 1077/1764/1504
f 1077/1764/1504 1023/1767/1507 1076/1768/1508
f 1076/1768/1508 1023/1767/1507 1024/1769/1509
f 1076/1768/1508 1024/1769/1509 1025/1770/1510
f 1025/1770/1510 1026/1771/1511 1076/1768/1508
f 1076/1768/1508 1026/1771/1511 1027/1772/1512
f 1076/1768/1508 1027/1772/1512 1028/1773/1513
f 1028/1773/1513 1029/1774/1514 1076/1768/1508
f 1076/1768/1508 1029/1774/1514 1030/1775/1515
f 1076/1768/1508 1030/1775/1515 1031/1776/1516
f 1076/1768/1508 1031/1776/1516 1075/1777/1517
f 1075/1777/1517 1031/1776/1516 1032/1778/1518
f 1075/1777/1517 1032/1778/1518 1033/1779/1519
f 1033/1779/1519 1034/1780/1520 1075/1777/1517
f 1075/1777/1517 1034/1780/1520 1035/1781/1521
f 1075/1777/1517 1035/1781/1521 1036/1782/1522
f 1036/1782/1522 1037/1783/1523 1075/1777/1517
f 1075/1777/1517 1037/1783/1523 1038/1784/1524
f 1075/1777/1517 1038/1784/1524 1039/1785/1525
f 1075/1777/1517 1039/1785/1525 1074/1786/1526
f 1074/1786/1526 1039/1785/1525 1040/1787/1527
f 1074/1786/1526 1040/1787/1527 1041/1788/1528
f 1074/1786/1526 1041/1788/1528 1073/1789/1529
f 1073/1789/1529 1041/1788/1528 1042/1790/1530
f 1073/1789/1529 1042/1790/1530 1072/1791/1531
f 1072/1791/1531 1042/1790/1530 1071/1792/1532
f 1071/1792/1532 1042/1790/1530 1070/1793/1533
f 1070/1793/1533 1042/1790/1530 1043/1794/1534
f 1070/1793/1533 1043/1794/1534 1069/1795/1535
f 1069/1795/1535 1043/1794/1534 1068/1796/1536
f 1068/1796/1536 1043/1794/1534 1044/1797/1537
f 1068/1796/1536 1044/1797/1537 1045/1798/1538
f 1068/1796/1536 1045/1798/1538 1067/1799/1539
f 1067/1799/1539 1045/1798/1538 1046/1800/1540
f 1067/1799/1539 1046/1800/1540 1047/1801/1541
f 1047/1801/1541 1048/1802/1542 1067/1799/1539
f 1067/1799/1539 1048/1802/1542 1049/1803/1543
f 1067/1799/1539 1049/1803/1543 1050/1804/1544
f 1050/1804/1544 1051/1805/1545 1067/1799/1539
f 1067/1799/1539 1051/1805/1545 1052/1806/1546
f 1067/1799/1539 1052/1806/1546 1066/1807/1547
f 1066/1807/1547 1052/1806/1546 1053/1808/1548
f 1066/1807/1547 1053/1808/1548 1054/1809/1549
f 1054/1809/1549 1055/1810/1550 1066/1807/1547
f 1066/1807/1547 1055/1810/1550 1056/1811/1551
f 1066/1807/1547 1056/1811/1551 1057/1812/1552
f 1058/1813/1553 942/1814/1554 1057/1812/1552
f 1057/1812/1552 942/1814/1554 943/1815/1555
f 1057/1812/1552 943/1815/1555 1066/1807/1547
f 1058/1813/1553 1059/1816/1556 942/1814/1554
f 942/1814/1554 1059/1816/1556 937/1817/1557
f 937/1817/1557 1059/1816/1556 1060/1818/1558
f 937/1817/1557 1060/1818/1558 1061/1819/1559
f 1062/1820/1560 1065/1821/1561 1061/1819/1559
f 1061/1819/1559 1065/1821/1561 930/1822/1562
f 1061/1819/1559 930/1822/1562 937/1817/1557
f 937/1817/1557 930/1822/1562 929/1823/1563
f 1062/1820/1560 1063/1649/1389 1065/1821/1561
f 1065/1821/1561 1063/1649/1389 1064/1651/1391
f 63/1824/1564 62/1659/1399 77/1825/1565
f 77/1825/1565 62/1659/1399 935/1665/1405
f 77/1825/1565 935/1665/1405 78/1826/1566
f 942/1814/1554 938/1827/1567 943/1815/1555
f 943/1815/1555 938/1827/1567 939/1828/1568
f 927/1829/1569 940/1830/1570 928/1695/1435
f 928/1695/1435 940/1830/1570 703/1693/1433
f 934/1688/1428 933/1831/1571 941/1686/1426
f 672/1832/767 679/1833/766 673/1834/1572
f 673/1834/1572 679/1833/766 704/1835/1573
f 673/1834/1572 704/1835/1573 703/1836/1574
f 703/1836/1574 940/1837/1575 673/1834/1572
f 563/1838/593 773/1839/905 550/1840/594
f 550/1840/594 773/1839/905 571/1841/904
f 695/1842/770 828/1843/1576 682/1844/771
f 682/1844/771 828/1843/1576 705/1845/1577
f 597/1846/642 570/1847/1578 590/1848/643
f 590/1848/643 570/1847/1578 569/1849/1579
f 234/1850/1580 229/1851/1581 235/1852/1582
f 235/1852/1582 229/1851/1581 657/1853/1583
f 235/1852/1582 657/1853/1583 822/1854/1584
f 234/1850/1580 233/1855/1585 229/1851/1581
f 229/1851/1581 233/1855/1585 232/1856/1586
f 229/1851/1581 232/1856/1586 231/1857/1587
f 231/1857/1587 230/1858/1588 229/1851/1581
f 822/1854/1584 284/1859/1589 235/1852/1582
f 1103/1860/1590 1149/1861/1591 1102/1862/1592
f 1102/1862/1592 1149/1861/1591 1126/1863/1593
f 1102/1864/1592 1126/1865/1593 1125/1866/1594
f 1125/1866/1594 1126/1865/1593 1127/1867/1595
f 1125/1866/1594 1127/1867/1595 1124/1868/1596
f 1124/1868/1596 1127/1867/1595 1128/1869/1597
f 1124/1868/1596 1128/1869/1597 1123/1870/1598
f 1123/1870/1598 1128/1869/1597 1129/1871/1599
f 1123/1870/1598 1129/1871/1599 1122/1872/1600
f 1122/1872/1600 1129/1871/1599 1130/1873/1601
f 1122/1872/1600 1130/1873/1601 1121/1874/1602
f 1121/1874/1602 1130/1873/1601 1131/1875/1603
f 1121/1874/1602 1131/1875/1603 1120/1876/1604
f 1120/1876/1604 1131/1875/1603 1132/1877/1605
f 1120/1876/1604 1132/1877/1605 1119/1878/1606
f 1119/1878/1606 1132/1877/1605 1133/1879/1607
f 1119/1878/1606 1133/1879/1607 1118/1880/1608
f 1118/1880/1608 1133/1879/1607 1134/1881/1609
f 1118/1880/1608 1134/1881/1609 1117/1882/1610
f 1117/1882/1610 1134/1881/1609 1135/1883/1611
f 1117/1882/1610 1135/1883/1611 1116/1884/1612
f 1116/1884/1612 1135/1883/1611 1136/1885/1613
f 1116/1884/1612 1136/1885/1613 1115/1886/1614
f 1115/1886/1614 1136/1885/1613 1137/1887/1615
f 1115/1886/1614 1137/1887/1615 1114/1888/1616
f 1114/1888/1616 1137/1887/1615 1138/1889/1617
f 1114/1888/1616 1138/1889/1617 1113/1890/1618
f 1113/1890/1618 1138/1889/1617 1139/1891/1619
f 1113/1890/1618 1139/1891/1619 1112/1892/1620
f 1112/1892/1620 1139/1891/1619 1140/1893/1621
f 1112/1892/1620 1140/1893/1621 1111/1894/1622
f 1111/1894/1622 1140/1893/1621 1141/1895/1623
f 1111/1894/1622 1141/1895/1623 1110/1896/1624
f 1110/1896/1624 1141/1895/1623 1142/1897/1625
f 1110/1896/1624 1142/1897/1625 1109/1898/1626
f 1109/1898/1626 1142/1897/1625 1143/1899/1627
f 1109/1898/1626 1143/1899/1627 1108/1900/1628
f 1108/1900/1628 1143/1899/1627 1144/1901/1629
f 1108/1900/1628 1144/1901/1629 1107/1902/1630
f 1107/1902/1630 1144/1901/1629 1145/1903/1631
f 1107/1902/1630 1145/1903/1631 1106/1904/1632
f 1106/1904/1632 1145/1903/1631 1146/1905/1633
f 1106/1904/1632 1146/1905/1633 1105/1906/1634
f 1105/1906/1634 1146/1905/1633 1147/1907/1635
f 1105/1906/1634 1147/1907/1635 1104/1908/1636
f 1104/1908/1636 1147/1907/1635 1148/1909/1637
f 1104/1908/1636 1148/1909/1637 1103/1860/1590
f 1103/1860/1590 1148/1909/1637 1149/1861/1591
f 1125/1910/1638 1115/1911/1639 1102/1912/1640
f 1102/1912/1640 1115/1911/1639 1114/1913/1641
f 1102/1912/1640 1114/1913/1641 1103/1914/1642
f 1103/1914/1642 1114/1913/1641 1113/1915/1643
f 1103/1914/1642 1113/1915/1643 1104/1916/1644
f 1104/1916/1644 1113/1915/1643 1112/1917/1645
f 1104/1916/1644 1112/1917/1645 1105/1918/1646
f 1105/1918/1646 1112/1917/1645 1111/1919/1647
f 1105/1918/1646 1111/1919/1647 1106/1920/1648
f 1106/1920/1648 1111/1919/1647 1110/1921/1649
f 1106/1920/1648 1110/1921/1649 1107/1922/1650
f 1107/1922/1650 1110/1921/1649 1109/1923/1651
f 1107/1922/1650 1109/1923/1651 1108/1924/1652
f 1115/1911/1639 1125/1910/1638 1116/1925/1653
f 1116/1925/1653 1125/1910/1638 1124/1926/1654
f 1116/1925/1653 1124/1926/1654 1117/1927/1655
f 1117/1927/1655 1124/1926/1654 1123/1928/1656
f 1117/1927/1655 1123/1928/1656 1118/1929/1657
f 1118/1929/1657 1123/1928/1656 1122/1930/1658
f 1118/1929/1657 1122/1930/1658 1119/1931/1659
f 1119/1931/1659 1122/1930/1658 1121/1932/1660
f 1119/1931/1659 1121/1932/1660 1120/1933/1661
f 1151/1934/1662 1197/1935/1663 1150/1936/1664
f 1150/1936/1664 1197/1935/1663 1174/1937/1665
f 1150/1938/1664 1174/1939/1665 1173/1940/1666
f 1173/1940/1666 1174/1939/1665 1175/1941/1667
f 1173/1940/1666 1175/1941/1667 1172/1942/1668
f 1172/1942/1668 1175/1941/1667 1176/1943/1669
f 1172/1942/1668 1176/1943/1669 1171/1944/1670
f 1171/1944/1670 1176/1943/1669 1177/1945/1671
f 1171/1944/1670 1177/1945/1671 1170/1946/1672
f 1170/1946/1672 1177/1945/1671 1178/1947/1673
f 1170/1946/1672 1178/1947/1673 1169/1948/1674
f 1169/1948/1674 1178/1947/1673 1179/1949/1675
f 1169/1948/1674 1179/1949/1675 1168/1950/1676
f 1168/1950/1676 1179/1949/1675 1180/1951/1677
f 1168/1950/1676 1180/1951/1677 1167/1952/1678
f 1167/1952/1678 1180/1951/1677 1181/1953/1679
f 1167/1952/1678 1181/1953/1679 1166/1954/1680
f 1166/1954/1680 1181/1953/1679 1182/1955/1681
f 1166/1954/1680 1182/1955/1681 1165/1956/1682
f 1165/1956/1682 1182/1955/1681 1183/1957/1683
f 1165/1956/1682 1183/1957/1683 1164/1958/1684
f 1164/1958/1684 1183/1957/1683 1184/1959/1685
f 1164/1958/1684 1184/1959/1685 1163/1960/1686
f 1163/1960/1686 1184/1959/1685 1185/1961/1687
f 1163/1960/1686 1185/1961/1687 1162/1962/1688
f 1162/1962/1688 1185/1961/1687 1186/1963/1689
f 1162/1962/1688 1186/1963/1689 1161/1964/1690
f 1161/1964/1690 1186/1963/1689 1187/1965/1691
f 1161/1964/1690 1187/1965/1691 1160/1966/1692
f 1160/1966/1692 1187/1965/1691 1188/1967/1693
f 1160/1966/1692 1188/1967/1693 1159/1968/1694
f 1159/1968/1694 1188/1967/1693 1189/1969/1695
f 1159/1968/1694 1189/1969/1695 1158/1970/1696
f 1158/1970/1696 1189/1969/1695 1190/1971/1697
f 1158/1970/1696 1190/1971/1697 1157/1972/1698
f 1157/1972/1698 1190/1971/1697 1191/1973/1699
f 1157/1972/1698 1191/1973/1699 1156/1974/1700
f 1156/1974/1700 1191/1973/1699 1192/1975/1701
f 1156/1974/1700 1192/1975/1701 1155/1976/1702
f 1155/1976/1702 1192/1975/1701 1193/1977/1703
f 1155/1976/1702 1193/1977/1703 1154/1978/1704
f 1154/1978/1704 1193/1977/1703 1194/1979/1705
f 1154/1978/1704 1194/1979/1705 1153/1980/1706
f 1153/1980/1706 1194/1979/1705 1195/1981/1707
f 1153/1980/1706 1195/1981/1707 1152/1982/1708
f 1152/1982/1708 1195/1981/1707 1196/1983/1709
f 1152/1982/1708 1196/1983/1709 1151/1934/1662
f 1151/1934/1662 1196/1983/1709 1197/1935/1663
f 1173/1984/1710 1163/1985/1711 1150/1986/1712
f 1150/1986/1712 1163/1985/1711 1162/1987/1713
f 1150/1986/1712 1162/1987/1713 1151/1988/1714
f 1151/1988/1714 1162/1987/1713 1161/1989/1715
f 1151/1988/1714 1161/1989/1715 1152/1990/1716
f 1152/1990/1716 1161/1989/1715 1160/1991/1717
f 1152/1990/1716 1160/1991/1717 1153/1992/1718
f 1153/1992/1718 1160/1991/1717 1159/1993/1719
f 1153/1992/1718 1159/1993/1719 1154/1994/1720
f 1154/1994/1720 1159/1993/1719 1158/1995/1721
f 1154/1994/1720 1158/1995/1721 1155/1996/1722
f 1155/1996/1722 1158/1995/1721 1157/1997/1723
f 1155/1996/1722 1157/1997/1723 1156/1998/1724
f 1163/1985/1711 1173/1984/1710 1164/1999/1725
f 1164/1999/1725 1173/1984/1710 1172/2000/1726
f 1164/1999/1725 1172/2000/1726 1165/2001/1727
f 1165/2001/1727 1172/2000/1726 1171/2002/1728
f 1165/2001/1727 1171/2002/1728 1166/2003/1729
f 1166/2003/1729 1171/2002/1728 1170/2004/1730
f 1166/2003/1729 1170/2004/1730 1167/2005/1731
f 1167/2005/1731 1170/2004/1730 1169/2006/1732
f 1167/2005/1731 1169/2006/1732 1168/2007/1733
f 1199/2008/1734 1245/2009/1735 1198/2010/1736
f 1198/2010/1736 1245/2009/1735 1222/2011/1737
f 1198/2012/1736 1222/2013/1737 1221/2014/1738
f 1221/2014/1738 1222/2013/1737 1223/2015/1739
f 1221/2014/1738 1223/2015/1739 1220/2016/1740
f 1220/2016/1740 1223/2015/1739 1224/2017/1741
f 1220/2016/1740 1224/2017/1741 1219/2018/1742
f 1219/2018/1742 1224/2017/1741 1225/2019/1743
f 1219/2018/1742 1225/2019/1743 1218/2020/1744
f 1218/2020/1744 1225/2019/1743 1226/2021/1745
f 1218/2020/1744 1226/2021/1745 1217/2022/1746
f 1217/2022/1746 1226/2021/1745 1227/2023/1747
f 1217/2022/1746 1227/2023/1747 1216/2024/1748
f 1216/2024/1748 1227/2023/1747 1228/2025/1749
f 1216/2024/1748 1228/2025/1749 1215/2026/1750
f 1215/2026/1750 1228/2025/1749 1229/2027/1751
f 1215/2026/1750 1229/2027/1751 1214/2028/1752
f 1214/2028/1752 1229/2027/1751 1230/2029/1753
f 1214/2028/1752 1230/2029/1753 1213/2030/1754
f 1213/2030/1754 1230/2029/1753 1231/2031/1755
f 1213/2030/1754 1231/2031/1755 1212/2032/1756
f 1212/2032/1756 1231/2031/1755 1232/2033/1757
f 1212/2032/1756 1232/2033/1757 1211/2034/1758
f 1211/2034/1758 1232/2033/1757 1233/2035/1759
f 1211/2034/1758 1233/2035/1759 1210/2036/1760
f 1210/2036/1760 1233/2035/1759 1234/2037/1761
f 1210/2036/1760 1234/2037/1761 1209/2038/1762
f 1209/2038/1762 1234/2037/1761 1235/2039/1763
f 1209/2038/1762 1235/2039/1763 1208/2040/1764
f 1208/2040/1764 1235/2039/1763 1236/2041/1765
f 1208/2040/1764 1236/2041/1765 1207/2042/1766
f 1207/2042/1766 1236/2041/1765 1237/2043/1767
f 1207/2042/1766 1237/2043/1767 1206/2044/1768
f 1206/2044/1768 1237/2043/1767 1238/2045/1769
f 1206/2044/1768 1238/2045/1769 1205/2046/1770
f 1205/2046/1770 1238/2045/1769 1239/2047/1771
f 1205/2046/1770 1239/2047/1771 1204/2048/1772
f 1204/2048/1772 1239/2047/1771 1240/2049/1773
f 1204/2048/1772 1240/2049/1773 1203/2050/1774
f 1203/2050/1774 1240/2049/1773 1241/2051/1775
f 1203/2050/1774 1241/2051/1775 1202/2052/1776
f 1202/2052/1776 1241/2051/1775 1242/2053/1777
f 1202/2052/1776 1242/2053/1777 1201/2054/1778
f 1201/2054/1778 1242/2053/1777 1243/2055/1779
f 1201/2054/1778 1243/2055/1779 1200/2056/1780
f 1200/2056/1780 1243/2055/1779 1244/2057/1781
f 1200/2056/1780 1244/2057/1781 1199/2008/1734
f 1199/2008/1734 1244/2057/1781 1245/2009/1735
f 1221/2058/1782 1211/2059/1783 1198/2060/1784
f 1198/2060/1784 1211/2059/1783 1210/2061/1785
f 1198/2060/1784 1210/2061/1785 1199/2062/1786
f 1199/2062/1786 1210/2061/1785 1209/2063/1787
f 1199/2062/1786 1209/2063/1787 1200/2064/1788
f 1200/2064/1788 1209/2063/1787 1208/2065/1789
f 1200/2064/1788 1208/2065/1789 1201/2066/1790
f 1201/2066/1790 1208/2065/1789 1207/2067/1791
f 1201/2066/1790 1207/2067/1791 1202/2068/1792
f 1202/2068/1792 1207/2067/1791 1206/2069/1793
f 1202/2068/1792 1206/2069/1793 1203/2070/1794
f 1203/2070/1794 1206/2069/1793 1205/2071/1795
f 1203/2070/1794 1205/2071/1795 1204/2072/1796
f 1211/2059/1783 1221/2058/1782 1212/2073/1797
f 1212/2073/1797 1221/2058/1782 1220/2074/1798
f 1212/2073/1797 1220/2074/1798 1213/2075/1799
f 1213/2075/1799 1220/2074/1798 1219/2076/1800
f 1213/2075/1799 1219/2076/1800 1214/2077/1801
f 1214/2077/1801 1219/2076/1800 1218/2078/1802
f 1214/2077/1801 1218/2078/1802 1215/2079/1803
f 1215/2079/1803 1218/2078/1802 1217/2080/1804
f 1215/2079/1803 1217/2080/1804 1216/2081/1805
f 1247/2082/1806 1293/2083/1807 1246/2084/1808
f 1246/2084/1808 1293/2083/1807 1270/2085/1809
f 1246/2086/1808 1270/2087/1809 1269/2088/1810
f 1269/2088/1810 1270/2087/1809 1271/2089/1811
f 1269/2088/1810 1271/2089/1811 1268/2090/1812
f 1268/2090/1812 1271/2089/1811 1272/2091/1813
f 1268/2090/1812 1272/2091/1813 1267/2092/1814
f 1267/2092/1814 1272/2091/1813 1273/2093/1815
f 1267/2092/1814 1273/2093/1815 1266/2094/1816
f 1266/2094/1816 1273/2093/1815 1274/2095/1817
f 1266/2094/1816 1274/2095/1817 1265/2096/1818
f 1265/2096/1818 1274/2095/1817 1275/2097/1819
f 1265/2096/1818 1275/2097/1819 1264/2098/1820
f 1264/2098/1820 1275/2097/1819 1276/2099/1821
f 1264/2098/1820 1276/2099/1821 1263/2100/1822
f 1263/2100/1822 1276/2099/1821 1277/2101/1823
f 1263/2100/1822 1277/2101/1823 1262/2102/1824
f 1262/2102/1824 1277/2101/1823 1278/2103/1825
f 1262/2102/1824 1278/2103/1825 1261/2104/1826
f 1261/2104/1826 1278/2103/1825 1279/2105/1827
f 1261/2104/1826 1279/2105/1827 1260/2106/1828
f 1260/2106/1828 1279/2105/1827 1280/2107/1829
f 1260/2106/1828 1280/2107/1829 1259/2108/1830
f 1259/2108/1830 1280/2107/1829 1281/2109/1831
f 1259/2108/1830 1281/2109/1831 1258/2110/1832
f 1258/2110/1832 1281/2109/1831 1282/2111/1833
f 1258/2110/1832 1282/2111/1833 1257/2112/1834
f 1257/2112/1834 1282/2111/1833 1283/2113/1835
f 1257/2112/1834 1283/2113/1835 1256/2114/1836
f 1256/2114/1836 1283/2113/1835 1284/2115/1837
f 1256/2114/1836 1284/2115/1837 1255/2116/1838
f 1255/2116/1838 1284/2115/1837 1285/2117/1839
f 1255/2116/1838 1285/2117/1839 1254/2118/1840
f 1254/2118/1840 1285/2117/1839 1286/2119/1841
f 1254/2118/1840 1286/2119/1841 1253/2120/1842
f 1253/2120/1842 1286/2119/1841 1287/2121/1843
f 1253/2120/1842 1287/2121/1843 1252/2122/1844
f 1252/2122/1844 1287/2121/1843 1288/2123/1845
f 1252/2122/1844 1288/2123/1845 1251/2124/1846
f 1251/2124/1846 1288/2123/1845 1289/2125/1847
f 1251/2124/1846 1289/2125/1847 1250/2126/1848
f 1250/2126/1848 1289/2125/1847 1290/2127/1849
f 1250/2126/1848 1290/2127/1849 1249/2128/1850
f 1249/2128/1850 1290/2127/1849 1291/2129/1851
f 1249/2128/1850 1291/2129/1851 1248/2130/1852
f 1248/2130/1852 1291/2129/1851 1292/2131/1853
f 1248/2130/1852 1292/2131/1853 1247/2082/1806
f 1247/2082/1806 1292/2131/1853 1293/2083/1807
f 1269/2132/1854 1259/2133/1855 1246/2134/1856
f 1246/2134/1856 1259/2133/1855 1258/2135/1857
f 1246/2134/1856 1258/2135/1857 1247/2136/1858
f 1247/2136/1858 1258/2135/1857 1257/2137/1859
f 1247/2136/1858 1257/2137/1859 1248/2138/1860
f 1248/2138/1860 1257/2137/1859 1256/2139/1861
f 1248/2138/1860 1256/2139/1861 1249/2140/1862
f 1249/2140/1862 1256/2139/1861 1255/2141/1863
f 1249/2140/1862 1255/2141/1863 1250/2142/1864
f 1250/2142/1864 1255/2141/1863 1254/2143/1865
f 1250/2142/1864 1254/2143/1865 1251/2144/1866
f 1251/2144/1866 1254/2143/1865 1253/2145/1867
f 1251/2144/1866 1253/2145/1867 1252/2146/1868
f 1259/2133/1855 1269/2132/1854 1260/2147/1869
f 1260/2147/1869 1269/2132/1854 1268/2148/1870
f 1260/2147/1869 1268/2148/1870 1261/2149/1871
f 1261/2149/1871 1268/2148/1870 1267/2150/1872
f 1261/2149/1871 1267/2150/1872 1262/2151/1873
f 1262/2151/1873 1267/2150/1872 1266/2152/1874
f 1262/2151/1873 1266/2152/1874 1263/2153/1875
f 1263/2153/1875 1266/2152/1874 1265/2154/1876
f 1263/2153/1875 1265/2154/1876 1264/2155/1877
f 1295/2156/1878 1341/2157/1879 1294/2158/1880
f 1294/2158/1880 1341/2157/1879 1318/2159/1881
f 1294/2160/1880 1318/2161/1881 1317/2162/1882
f 1317/2162/1882 1318/2161/1881 1319/2163/1883
f 1317/2162/1882 1319/2163/1883 1316/2164/1884
f 1316/2164/1884 1319/2163/1883 1320/2165/1885
f 1316/2164/1884 1320/2165/1885 1315/2166/1886
f 1315/2166/1886 1320/2165/1885 1321/2167/1887
f 1315/2166/1886 1321/2167/1887 1314/2168/1888
f 1314/2168/1888 1321/2167/1887 1322/2169/1889
f 1314/2168/1888 1322/2169/1889 1313/2170/1890
f 1313/2170/1890 1322/2169/1889 1323/2171/1891
f 1313/2170/1890 1323/2171/1891 1312/2172/1892
f 1312/2172/1892 1323/2171/1891 1324/2173/1893
f 1312/2172/1892 1324/2173/1893 1311/2174/1894
f 1311/2174/1894 1324/2173/1893 1325/2175/1895
f 1311/2174/1894 1325/2175/1895 1310/2176/1896
f 1310/2176/1896 1325/2175/1895 1326/2177/1897
f 1310/2176/1896 1326/2177/1897 1309/2178/1898
f 1309/2178/1898 1326/2177/1897 1327/2179/1899
f 1309/2178/1898 1327/2179/1899 1308/2180/1900
f 1308/2180/1900 1327/2179/1899 1328/2181/1901
f 1308/2180/1900 1328/2181/1901 1307/2182/1902
f 1307/2182/1902 1328/2181/1901 1329/2183/1903
f 1307/2182/1902 1329/2183/1903 1306/2184/1904
f 1306/2184/1904 1329/2183/1903 1330/2185/1905
f 1306/2184/1904 1330/2185/1905 1305/2186/1906
f 1305/2186/1906 1330/2185/1905 1331/2187/1907
f 1305/2186/1906 1331/2187/1907 1304/2188/1908
f 1304/2188/1908 1331/2187/1907 1332/2189/1909
f 1304/2188/1908 1332/2189/1909 1303/2190/1910
f 1303/2190/1910 1332/2189/1909 1333/2191/1911
f 1303/2190/1910 1333/2191/1911 1302/2192/1912
f 1302/2192/1912 1333/2191/1911 1334/2193/1913
f 1302/2192/1912 1334/2193/1913 1301/2194/1914
f 1301/2194/1914 1334/2193/1913 1335/2195/1915
f 1301/2194/1914 1335/2195/1915 1300/2196/1916
f 1300/2196/1916 1335/2195/1915 1336/2197/1917
f 1300/2196/1916 1336/2197/1917 1299/2198/1918
f 1299/2198/1918 1336/2197/1917 1337/2199/1919
f 1299/2198/1918 1337/2199/1919 1298/2200/1920
f 1298/2200/1920 1337/2199/1919 1338/2201/1921
f 1298/2200/1920 1338/2201/1921 1297/2202/1922
f 1297/2202/1922 1338/2201/1921 1339/2203/1923
f 1297/2202/1922 1339/2203/1923 1296/2204/1924
f 1296/2204/1924 1339/2203/1923 1340/2205/1925
f 1296/2204/1924 1340/2205/1925 1295/2156/1878
f 1295/2156/1878 1340/2205/1925 1341/2157/1879
f 1317/2206/1926 1307/2207/1927 1294/2208/1928
f 1294/2208/1928 1307/2207/1927 1306/2209/1929
f 1294/2208/1928 1306/2209/1929 1295/2210/1930
f 1295/2210/1930 1306/2209/1929 1305/2211/1931
f 1295/2210/1930 1305/2211/1931 1296/2212/1932
f 1296/2212/1932 1305/2211/1931 1304/2213/1933
f 1296/2212/1932 1304/2213/1933 1297/2214/1934
f 1297/2214/1934 1304/2213/1933 1303/2215/1935
f 1297/2214/1934 1303/2215/1935 1298/2216/1936
f 1298/2216/1936 1303/2215/1935 1302/2217/1937
f 1298/2216/1936 1302/2217/1937 1299/2218/1938
f 1299/2218/1938 1302/2217/1937 1301/2219/1939
f 1299/2218/1938 1301/2219/1939 1300/2220/1940
f 1307/2207/1927 1317/2206/1926 1308/2221/1941
f 1308/2221/1941 1317/2206/1926 1316/2222/1942
f 1308/2221/1941 1316/2222/1942 1309/2223/1943
f 1309/2223/1943 1316/2222/1942 1315/2224/1944
f 1309/2223/1943 1315/2224/1944 1310/2225/1945
f 1310/2225/1945 1315/2224/1944 1314/2226/1946
f 1310/2225/1945 1314/2226/1946 1311/2227/1947
f 1311/2227/1947 1314/2226/1946 1313/2228/1948
f 1311/2227/1947 1313/2228/1948 1312/2229/1949
f 1343/2230/1950 1389/2231/1951 1342/2232/1952
f 1342/2232/1952 1389/2231/1951 1366/2233/1953
f 1342/2234/1952 1366/2235/1953 1365/2236/1954
f 1365/2236/1954 1366/2235/1953 1367/2237/1955
f 1365/2236/1954 1367/2237/1955 1364/2238/1956
f 1364/2238/1956 1367/2237/1955 1368/2239/1957
f 1364/2238/1956 1368/2239/1957 1363/2240/1958
f 1363/2240/1958 1368/2239/1957 1369/2241/1959
f 1363/2240/1958 1369/2241/1959 1362/2242/1960
f 1362/2242/1960 1369/2241/1959 1370/2243/1961
f 1362/2242/1960 1370/2243/1961 1361/2244/1962
f 1361/2244/1962 1370/2243/1961 1371/2245/1963
f 1361/2244/1962 1371/2245/1963 1360/2246/1964
f 1360/2246/1964 1371/2245/1963 1372/2247/1965
f 1360/2246/1964 1372/2247/1965 1359/2248/1966
f 1359/2248/1966 1372/2247/1965 1373/2249/1967
f 1359/2248/1966 1373/2249/1967 1358/2250/1968
f 1358/2250/1968 1373/2249/1967 1374/2251/1969
f 1358/2250/1968 1374/2251/1969 1357/2252/1970
f 1357/2252/1970 1374/2251/1969 1375/2253/1971
f 1357/2252/1970 1375/2253/1971 1356/2254/1972
f 1356/2254/1972 1375/2253/1971 1376/2255/1973
f 1356/2254/1972 1376/2255/1973 1355/2256/1974
f 1355/2256/1974 1376/2255/1973 1377/2257/1975
f 1355/2256/1974 1377/2257/1975 1354/2258/1976
f 1354/2258/1976 1377/2257/1975 1378/2259/1977
f 1354/2258/1976 1378/2259/1977 1353/2260/1978
f 1353/2260/1978 1378/2259/1977 1379/2261/1979
f 1353/2260/1978 1379/2261/1979 1352/2262/1980
f 1352/2262/1980 1379/2261/1979 1380/2263/1981
f 1352/2262/1980 1380/2263/1981 1351/2264/1982
f 1351/2264/1982 1380/2263/1981 1381/2265/1983
f 1351/2264/1982 1381/2265/1983 1350/2266/1984
f 1350/2266/1984 1381/2265/1983 1382/2267/1985
f 1350/2266/1984 1382/2267/1985 1349/2268/1986
f 1349/2268/1986 1382/2267/1985 1383/2269/1987
f 1349/2268/1986 1383/2269/1987 1348/2270/1988
f 1348/2270/1988 1383/2269/1987 1384/2271/1989
f 1348/2270/1988 1384/2271/1989 1347/2272/1990
f 1347/2272/1990 1384/2271/1989 1385/2273/1991
f 1347/2272/1990 1385/2273/1991 1346/2274/1992
f 1346/2274/1992 1385/2273/1991 1386/2275/1993
f 1346/2274/1992 1386/2275/1993 1345/2276/1994
f 1345/2276/1994 1386/2275/1993 1387/2277/1995
f 1345/2276/1994 1387/2277/1995 1344/2278/1996
f 1344/2278/1996 1387/2277/1995 1388/2279/1997
f 1344/2278/1996 1388/2279/1997 1343/2230/1950
f 1343/2230/1950 1388/2279/1997 1389/2231/1951
f 1365/2280/1998 1355/2281/1999 1342/2282/2000
f 1342/2282/2000 1355/2281/1999 1354/2283/2001
f 1342/2282/2000 1354/2283/2001 1343/2284/2002
f 1343/2284/2002 1354/2283/2001 1353/2285/2003
f 1343/2284/2002 1353/2285/2003 1344/2286/2004
f 1344/2286/2004 1353/2285/2003 1352/2287/2005
f 1344/2286/2004 1352/2287/2005 1345/2288/2006
f 1345/2288/2006 1352/2287/2005 1351/2289/2007
f 1345/2288/2006 1351/2289/2007 1346/2290/2008
f 1346/2290/2008 1351/2289/2007 1350/2291/2009
f 1346/2290/2008 1350/2291/2009 1347/2292/2010
f 1347/2292/2010 1350/2291/2009 1349/2293/2011
f 1347/2292/2010 1349/2293/2011 1348/2294/2012
f 1355/2281/1999 1365/2280/1998 1356/2295/2013
f 1356/2295/2013 1365/2280/1998 1364/2296/2014
f 1356/2295/2013 1364/2296/2014 1357/2297/2015
f 1357/2297/2015 1364/2296/2014 1363/2298/2016
f 1357/2297/2015 1363/2298/2016 1358/2299/2017
f 1358/2299/2017 1363/2298/2016 1362/2300/2018
f 1358/2299/2017 1362/2300/2018 1359/2301/2019
f 1359/2301/2019 1362/2300/2018 1361/2302/2020
f 1359/2301/2019 1361/2302/2020 1360/2303/2021
f 1396/2304/2022 950/2305/2023 1395/2306/2024
f 1395/2306/2024 950/2305/2023 949/2307/2025
f 1395/2306/2024 949/2307/2025 1394/2308/2026
f 1394/2308/2026 949/2307/2025 948/2309/2027
f 1394/2308/2026 948/2309/2027 1393/2310/2028
f 1393/2310/2028 948/2309/2027 947/2311/2029
f 1393/2310/2028 947/2311/2029 1392/2312/2030
f 1392/2312/2030 947/2311/2029 946/2313/2031
f 1392/2312/2030 946/2313/2031 1391/2314/2032
f 1391/2314/2032 946/2313/2031 945/2315/2033
f 1391/2314/2032 945/2315/2033 1390/2316/2034
f 1390/2316/2034 945/2315/2033 944/2317/2035
f 951/2318/2036 950/2319/2023 1397/2320/2037
f 1397/2320/2037 950/2319/2023 1396/2321/2022
f 1403/2322/2038 957/2323/2039 1402/2324/2040
f 1402/2324/2040 957/2323/2039 956/2325/2041
f 1402/2324/2040 956/2325/2041 1401/2326/2042
f 1401/2326/2042 956/2325/2041 955/2327/2043
f 1401/2326/2042 955/2327/2043 1400/2328/2044
f 1400/2328/2044 955/2327/2043 954/2329/2045
f 1400/2328/2044 954/2329/2045 1399/2330/2046
f 1399/2330/2046 954/2329/2045 953/2331/2047
f 1399/2330/2046 953/2331/2047 1398/2332/2048
f 1398/2332/2048 953/2331/2047 952/2333/2049
f 1398/2332/2048 952/2333/2049 1397/2334/2037
f 1397/2334/2037 952/2333/2049 951/2335/2036
f 958/2336/2050 957/2337/2039 1404/2338/2051
f 1404/2338/2051 957/2337/2039 1403/2339/2038
f 1410/2340/2052 964/2341/2053 1409/2342/2054
f 1409/2342/2054 964/2341/2053 963/2343/2055
f 1409/2342/2054 963/2343/2055 1408/2344/2056
f 1408/2344/2056 963/2343/2055 962/2345/2057
f 1408/2344/2056 962/2345/2057 1407/2346/2058
f 1407/2346/2058 962/2345/2057 961/2347/2059
f 1407/2346/2058 961/2347/2059 1406/2348/2060
f 1406/2348/2060 961/2347/2059 960/2349/2061
f 1406/2348/2060 960/2349/2061 1405/2350/2062
f 1405/2350/2062 960/2349/2061 959/2351/2063
f 1405/2350/2062 959/2351/2063 1404/2352/2051
f 1404/2352/2051 959/2351/2063 958/2353/2050
f 965/2354/2064 964/2355/2053 1411/2356/2065
f 1411/2356/2065 964/2355/2053 1410/2357/2052
f 1417/2358/2066 971/2359/2067 1416/2360/2068
f 1416/2360/2068 971/2359/2067 970/2361/2069
f 1416/2360/2068 970/2361/2069 1415/2362/2070
f 1415/2362/2070 970/2361/2069 969/2363/2071
f 1415/2362/2070 969/2363/2071 1414/2364/2072
f 1414/2364/2072 969/2363/2071 968/2365/2073
f 1414/2364/2072 968/2365/2073 1413/2366/2074
f 1413/2366/2074 968/2365/2073 967/2367/2075
f 1413/2366/2074 967/2367/2075 1412/2368/2076
f 1412/2368/2076 967/2367/2075 966/2369/2077
f 1412/2368/2076 966/2369/2077 1411/2370/2065
f 1411/2370/2065 966/2369/2077 965/2371/2064
f 972/2372/2078 971/2373/2067 1418/2374/2079
f 1418/2374/2079 971/2373/2067 1417/2375/2066
f 973/2376/2080 972/2377/2081 1419/2378/2082
f 1419/2378/2082 972/2377/2081 1418/2379/2083
f 1422/2380/2084 976/2381/2085 1421/2382/2086
f 1421/2382/2086 976/2381/2085 975/2383/2087
f 1421/2382/2086 975/2383/2087 974/2384/2088
f 973/2385/2080 1419/2386/2082 974/2384/2088
f 974/2384/2088 1419/2386/2082 1420/2387/2089
f 974/2384/2088 1420/2387/2089 1421/2382/2086
f 977/2388/2090 976/2389/2085 1423/2390/2091
f 1423/2390/2091 976/2389/2085 1422/2391/2084
f 1427/2392/2092 981/2393/2093 1426/2394/2094
f 1426/2394/2094 981/2393/2093 980/2395/2095
f 1426/2394/2094 980/2395/2095 1425/2396/2096
f 1425/2396/2096 980/2395/2095 979/2397/2097
f 1425/2396/2096 979/2397/2097 1424/2398/2098
f 1424/2398/2098 979/2397/2097 978/2399/2099
f 1424/2398/2098 978/2399/2099 1423/2400/2091
f 1423/2400/2091 978/2399/2099 977/2401/2090
f 982/2402/2100 981/2403/2101 1428/2404/2102
f 1428/2404/2102 981/2403/2101 1427/2405/2103
f 1434/2406/2104 988/2407/2105 1433/2408/2106
f 1433/2408/2106 988/2407/2105 987/2409/2107
f 1433/2408/2106 987/2409/2107 1432/2410/2108
f 1432/2410/2108 987/2409/2107 986/2411/2109
f 1432/2410/2108 986/2411/2109 1431/2412/2110
f 1431/2412/2110 986/2411/2109 985/2413/2111
f 1431/2412/2110 985/2413/2111 1430/2414/2112
f 1430/2414/2112 985/2413/2111 984/2415/2113
f 1430/2414/2112 984/2415/2113 1429/2416/2114
f 1429/2416/2114 984/2415/2113 983/2417/2115
f 1429/2416/2114 983/2417/2115 1428/2418/2102
f 1428/2418/2102 983/2417/2115 982/2419/2100
f 989/2420/2116 988/2421/2105 1435/2422/2117
f 1435/2422/2117 988/2421/2105 1434/2423/2104
f 1441/2424/2118 995/2425/2119 1440/2426/2120
f 1440/2426/2120 995/2425/2119 994/2427/2121
f 1440/2426/2120 994/2427/2121 1439/2428/2122
f 1439/2428/2122 994/2427/2121 993/2429/2123
f 1439/2428/2122 993/2429/2123 1438/2430/2124
f 1438/2430/2124 993/2429/2123 992/2431/2125
f 1438/2430/2124 992/2431/2125 1437/2432/2126
f 1437/2432/2126 992/2431/2125 991/2433/2127
f 1437/2432/2126 991/2433/2127 1436/2434/2128
f 1436/2434/2128 991/2433/2127 990/2435/2129
f 1436/2434/2128 990/2435/2129 1435/2436/2117
f 1435/2436/2117 990/2435/2129 989/2437/2116
f 996/2438/2130 995/2439/2131 1442/2440/2132
f 1442/2440/2132 995/2439/2131 1441/2441/2133
f 1448/2442/2134 1002/2443/2135 1447/2444/2136
f 1447/2444/2136 1002/2443/2135 1001/2445/2137
f 1447/2444/2136 1001/2445/2137 1446/2446/2138
f 1446/2446/2138 1001/2445/2137 1000/2447/2139
f 1446/2446/2138 1000/2447/2139 1445/2448/2140
f 1445/2448/2140 1000/2447/2139 999/2449/2141
f 1445/2448/2140 999/2449/2141 1444/2450/2142
f 1444/2450/2142 999/2449/2141 998/2451/2143
f 1444/2450/2142 998/2451/2143 1443/2452/2144
f 1443/2452/2144 998/2451/2143 997/2453/2145
f 1443/2452/2144 997/2453/2145 1442/2454/2132
f 1442/2454/2132 997/2453/2145 996/2455/2130
f 1003/2456/2146 1002/2457/2135 1449/2458/2147
f 1449/2458/2147 1002/2457/2135 1448/2459/2134
f 1455/2460/2148 1009/2461/2149 1454/2462/2150
f 1454/2462/2150 1009/2461/2149 1008/2463/2151
f 1454/2462/2150 1008/2463/2151 1453/2464/2152
f 1453/2464/2152 1008/2463/2151 1007/2465/2153
f 1453/2464/2152 1007/2465/2153 1452/2466/2154
f 1452/2466/2154 1007/2465/2153 1006/2467/2155
f 1452/2466/2154 1006/2467/2155 1451/2468/2156
f 1451/2468/2156 1006/2467/2155 1005/2469/2157
f 1451/2468/2156 1005/2469/2157 1450/2470/2158
f 1450/2470/2158 1005/2469/2157 1004/2471/2159
f 1450/2470/2158 1004/2471/2159 1449/2472/2147
f 1449/2472/2147 1004/2471/2159 1003/2473/2146
f 1010/2474/2160 1009/2475/2149 1456/2476/2161
f 1456/2476/2161 1009/2475/2149 1455/2477/2148
f 1462/2478/2162 1016/2479/2163 1461/2480/2164
f 1461/2480/2164 1016/2479/2163 1015/2481/2165
f 1461/2480/2164 1015/2481/2165 1460/2482/2166
f 1460/2482/2166 1015/2481/2165 1014/2483/2167
f 1460/2482/2166 1014/2483/2167 1459/2484/2168
f 1459/2484/2168 1014/2483/2167 1013/2485/2169
f 1459/2484/2168 1013/2485/2169 1458/2486/2170
f 1458/2486/2170 1013/2485/2169 1012/2487/2171
f 1458/2486/2170 1012/2487/2171 1457/2488/2172
f 1457/2488/2172 1012/2487/2171 1011/2489/2173
f 1457/2488/2172 1011/2489/2173 1456/2490/2161
f 1456/2490/2161 1011/2489/2173 1010/2491/2160
f 1017/2492/2174 1016/2493/2163 1463/2494/2175
f 1463/2494/2175 1016/2493/2163 1462/2495/2162
f 1469/2496/2176 1023/2497/2177 1468/2498/2178
f 1468/2498/2178 1023/2497/2177 1022/2499/2179
f 1468/2498/2178 1022/2499/2179 1467/2500/2180
f 1467/2500/2180 1022/2499/2179 1021/2501/2181
f 1467/2500/2180 1021/2501/2181 1466/2502/2182
f 1466/2502/2182 1021/2501/2181 1020/2503/2183
f 1466/2502/2182 1020/2503/2183 1465/2504/2184
f 1465/2504/2184 1020/2503/2183 1019/2505/2185
f 1465/2504/2184 1019/2505/2185 1464/2506/2186
f 1464/2506/2186 1019/2505/2185 1018/2507/2187
f 1464/2506/2186 1018/2507/2187 1463/2508/2175
f 1463/2508/2175 1018/2507/2187 1017/2509/2174
f 1024/2510/2188 1023/2511/2177 1470/2512/2189
f 1470/2512/2189 1023/2511/2177 1469/2513/2176
f 1476/2514/2190 1030/2515/2191 1475/2516/2192
f 1475/2516/2192 1030/2515/2191 1029/2517/2193
f 1475/2516/2192 1029/2517/2193 1474/2518/2194
f 1474/2518/2194 1029/2517/2193 1028/2519/2195
f 1474/2518/2194 1028/2519/2195 1473/2520/2196
f 1473/2520/2196 1028/2519/2195 1027/2521/2197
f 1473/2520/2196 1027/2521/2197 1472/2522/2198
f 1472/2522/2198 1027/2521/2197 1026/2523/2199
f 1472/2522/2198 1026/2523/2199 1471/2524/2200
f 1471/2524/2200 1026/2523/2199 1025/2525/2201
f 1471/2524/2200 1025/2525/2201 1470/2526/2189
f 1470/2526/2189 1025/2525/2201 1024/2527/2188
f 1031/2528/2202 1030/2529/2191 1477/2530/2203
f 1477/2530/2203 1030/2529/2191 1476/2531/2190
f 1032/2532/2204 1031/2533/2205 1478/2534/2206
f 1478/2534/2206 1031/2533/2205 1477/2535/2207
f 1484/2536/2208 1038/2537/2209 1483/2538/2210
f 1483/2538/2210 1038/2537/2209 1037/2539/2211
f 1483/2538/2210 1037/2539/2211 1482/2540/2212
f 1482/2540/2212 1037/2539/2211 1036/2541/2213
f 1482/2540/2212 1036/2541/2213 1481/2542/2214
f 1481/2542/2214 1036/2541/2213 1035/2543/2215
f 1481/2542/2214 1035/2543/2215 1480/2544/2216
f 1480/2544/2216 1035/2543/2215 1034/2545/2217
f 1480/2544/2216 1034/2545/2217 1479/2546/2218
f 1479/2546/2218 1034/2545/2217 1033/2547/2219
f 1479/2546/2218 1033/2547/2219 1478/2548/2206
f 1478/2548/2206 1033/2547/2219 1032/2549/2204
f 1039/2550/2220 1038/2551/2209 1485/2552/2221
f 1485/2552/2221 1038/2551/2209 1484/2553/2208
f 1491/2554/2222 1045/2555/2223 1490/2556/2224
f 1490/2556/2224 1045/2555/2223 1044/2557/2225
f 1490/2556/2224 1044/2557/2225 1489/2558/2226
f 1489/2558/2226 1044/2557/2225 1043/2559/2227
f 1489/2558/2226 1043/2559/2227 1488/2560/2228
f 1488/2560/2228 1043/2559/2227 1042/2561/2229
f 1488/2560/2228 1042/2561/2229 1487/2562/2230
f 1487/2562/2230 1042/2561/2229 1041/2563/2231
f 1487/2562/2230 1041/2563/2231 1486/2564/2232
f 1486/2564/2232 1041/2563/2231 1040/2565/2233
f 1486/2564/2232 1040/2565/2233 1485/2566/2234
f 1485/2566/2234 1040/2565/2233 1039/2567/2235
f 1046/2568/2236 1045/2569/2223 1492/2570/2237
f 1492/2570/2237 1045/2569/2223 1491/2571/2222
f 1498/2572/2238 1052/2573/2239 1497/2574/2240
f 1497/2574/2240 1052/2573/2239 1051/2575/2241
f 1497/2574/2240 1051/2575/2241 1496/2576/2242
f 1496/2576/2242 1051/2575/2241 1050/2577/2243
f 1496/2576/2242 1050/2577/2243 1495/2578/2244
f 1495/2578/2244 1050/2577/2243 1049/2579/2245
f 1495/2578/2244 1049/2579/2245 1494/2580/2246
f 1494/2580/2246 1049/2579/2245 1048/2581/2247
f 1494/2580/2246 1048/2581/2247 1493/2582/2248
f 1493/2582/2248 1048/2581/2247 1047/2583/2249
f 1493/2582/2248 1047/2583/2249 1492/2584/2237
f 1492/2584/2237 1047/2583/2249 1046/2585/2236
f 1053/2586/2250 1052/2587/2239 1499/2588/2251
f 1499/2588/2251 1052/2587/2239 1498/2589/2238
f 1503/2590/2252 1057/2591/2253 1502/2592/2254
f 1502/2592/2254 1057/2591/2253 1056/2593/2255
f 1502/2592/2254 1056/2593/2255 1501/2594/2256
f 1501/2594/2256 1056/2593/2255 1055/2595/2257
f 1501/2594/2256 1055/2595/2257 1500/2596/2258
f 1500/2596/2258 1055/2595/2257 1054/2597/2259
f 1500/2596/2258 1054/2597/2259 1499/2598/2251
f 1499/2598/2251 1054/2597/2259 1053/2599/2250
f 1058/2600/2260 1057/2601/2253 1504/2602/2261
f 1504/2602/2261 1057/2601/2253 1503/2603/2252
f 1507/2604/2262 1061/2605/2263 1506/2606/2264
f 1506/2606/2264 1061/2605/2263 1060/2607/2265
f 1506/2606/2264 1060/2607/2265 1059/2608/2266
f 1058/2609/2260 1504/2610/2261 1059/2608/2266
f 1059/2608/2266 1504/2610/2261 1505/2611/2267
f 1059/2608/2266 1505/2611/2267 1506/2606/2264
f 1062/2612/2268 1061/2613/2263 1508/2614/2269
f 1508/2614/2269 1061/2613/2263 1507/2615/2262
f 1063/2616/2270 1062/2617/2271 1509/2618/2272
f 1509/2618/2272 1062/2617/2271 1508/2619/2273
f 944/2620/2035 1063/2621/2274 1390/2622/2034
f 1390/2622/2034 1063/2621/2274 1509/2623/2275
f 1517/2624/2276 1510/2625/2277 1516/2626/2278
f 1516/2626/2278 1510/2625/2277 1511/2627/2279
f 1516/2626/2278 1511/2627/2279 1512/2628/2280
f 1513/2629/2281 1514/2630/2282 1512/2628/2280
f 1512/2628/2280 1514/2630/2282 1515/2631/2283
f 1512/2628/2280 1515/2631/2283 1516/2626/2278
f 1518/2632/2284 1510/2633/2277 1519/2634/2285
f 1519/2634/2285 1510/2633/2277 1517/2635/2276
f 1527/2636/2286 1520/2637/2287 1526/2638/2288
f 1526/2638/2288 1520/2637/2287 1521/2639/2289
f 1526/2638/2288 1521/2639/2289 1525/2640/2290
f 1525/2640/2290 1521/2639/2289 1522/2641/2291
f 1525/2640/2290 1522/2641/2291 1524/2642/2292
f 1524/2642/2292 1522/2641/2291 1523/2643/2293
f 1524/2642/2292 1523/2643/2293 1519/2644/2285
f 1519/2644/2285 1523/2643/2293 1518/2645/2284
f 1528/2646/2294 1520/2647/2287 1529/2648/2295
f 1529/2648/2295 1520/2647/2287 1527/2649/2286
f 1541/2650/2296 1530/2651/2297 1540/2652/2298
f 1540/2652/2298 1530/2651/2297 1531/2653/2299
f 1540/2652/2298 1531/2653/2299 1539/2654/2300
f 1539/2654/2300 1531/2653/2299 1532/2655/2301
f 1539/2654/2300 1532/2655/2301 1538/2656/2302
f 1538/2656/2302 1532/2655/2301 1533/2657/2303
f 1538/2656/2302 1533/2657/2303 1537/2658/2304
f 1537/2658/2304 1533/2657/2303 1534/2659/2305
f 1537/2658/2304 1534/2659/2305 1536/2660/2306
f 1536/2660/2306 1534/2659/2305 1535/2661/2307
f 1536/2660/2306 1535/2661/2307 1529/2662/2295
f 1529/2662/2295 1535/2661/2307 1528/2663/2294
f 1542/2664/2308 1530/2665/2297 1543/2666/2309
f 1543/2666/2309 1530/2665/2297 1541/2667/2296
f 1555/2668/2310 1544/2669/2311 1554/2670/2312
f 1554/2670/2312 1544/2669/2311 1545/2671/2313
f 1554/2670/2312 1545/2671/2313 1553/2672/2314
f 1553/2672/2314 1545/2671/2313 1546/2673/2315
f 1553/2672/2314 1546/2673/2315 1552/2674/2316
f 1552/2674/2316 1546/2673/2315 1547/2675/2317
f 1552/2674/2316 1547/2675/2317 1551/2676/2318
f 1551/2676/2318 1547/2675/2317 1548/2677/2319
f 1551/2676/2318 1548/2677/2319 1550/2678/2320
f 1550/2678/2320 1548/2677/2319 1549/2679/2321
f 1550/2678/2320 1549/2679/2321 1543/2680/2309
f 1543/2680/2309 1549/2679/2321 1542/2681/2308
f 1556/2682/2322 1544/2683/2311 1557/2684/2323
f 1557/2684/2323 1544/2683/2311 1555/2685/2310
f 1569/2686/2324 1558/2687/2325 1568/2688/2326
f 1568/2688/2326 1558/2687/2325 1559/2689/2327
f 1568/2688/2326 1559/2689/2327 1567/2690/2328
f 1567/2690/2328 1559/2689/2327 1560/2691/2329
f 1567/2690/2328 1560/2691/2329 1566/2692/2330
f 1566/2692/2330 1560/2691/2329 1561/2693/2331
f 1566/2692/2330 1561/2693/2331 1565/2694/2332
f 1565/2694/2332 1561/2693/2331 1562/2695/2333
f 1565/2694/2332 1562/2695/2333 1564/2696/2334
f 1564/2696/2334 1562/2695/2333 1563/2697/2335
f 1564/2696/2334 1563/2697/2335 1557/2698/2323
f 1557/2698/2323 1563/2697/2335 1556/2699/2322
f 1570/2700/2336 1558/2701/2325 1571/2702/2337
f 1571/2702/2337 1558/2701/2325 1569/2703/2324
f 1583/2704/2338 1572/2705/2339 1582/2706/2340
f 1582/2706/2340 1572/2705/2339 1573/2707/2341
f 1582/2706/2340 1573/2707/2341 1581/2708/2342
f 1581/2708/2342 1573/2707/2341 1574/2709/2343
f 1581/2708/2342 1574/2709/2343 1580/2710/2344
f 1580/2710/2344 1574/2709/2343 1575/2711/2345
f 1580/2710/2344 1575/2711/2345 1579/2712/2346
f 1579/2712/2346 1575/2711/2345 1576/2713/2347
f 1579/2712/2346 1576/2713/2347 1578/2714/2348
f 1578/2714/2348 1576/2713/2347 1577/2715/2349
f 1578/2714/2348 1577/2715/2349 1571/2716/2337
f 1571/2716/2337 1577/2715/2349 1570/2717/2336
f 1584/2718/2350 1572/2719/2351 1585/2720/2352
f 1585/2720/2352 1572/2719/2351 1583/2721/2353
f 1597/2722/2354 1586/2723/2355 1596/2724/2356
f 1596/2724/2356 1586/2723/2355 1587/2725/2357
f 1596/2724/2356 1587/2725/2357 1595/2726/2358
f 1595/2726/2358 1587/2725/2357 1588/2727/2359
f 1595/2726/2358 1588/2727/2359 1594/2728/2360
f 1594/2728/2360 1588/2727/2359 1589/2729/2361
f 1594/2728/2360 1589/2729/2361 1593/2730/2362
f 1593/2730/2362 1589/2729/2361 1590/2731/2363
f 1593/2730/2362 1590/2731/2363 1592/2732/2364
f 1592/2732/2364 1590/2731/2363 1591/2733/2365
f 1592/2732/2364 1591/2733/2365 1585/2734/2352
f 1585/2734/2352 1591/2733/2365 1584/2735/2350
f 1598/2736/2366 1586/2737/2355 1599/2738/2367
f 1599/2738/2367 1586/2737/2355 1597/2739/2354
f 1611/2740/2368 1600/2741/2369 1610/2742/2370
f 1610/2742/2370 1600/2741/2369 1601/2743/2371
f 1610/2742/2370 1601/2743/2371 1609/2744/2372
f 1609/2744/2372 1601/2743/2371 1602/2745/2373
f 1609/2744/2372 1602/2745/2373 1608/2746/2374
f 1608/2746/2374 1602/2745/2373 1603/2747/2375
f 1608/2746/2374 1603/2747/2375 1607/2748/2376
f 1607/2748/2376 1603/2747/2375 1604/2749/2377
f 1607/2748/2376 1604/2749/2377 1606/2750/2378
f 1606/2750/2378 1604/2749/2377 1605/2751/2379
f 1606/2750/2378 1605/2751/2379 1599/2752/2367
f 1599/2752/2367 1605/2751/2379 1598/2753/2366
f 1612/2754/2380 1600/2755/2369 1613/2756/2381
f 1613/2756/2381 1600/2755/2369 1611/2757/2368
f 1625/2758/2382 1614/2759/2383 1624/2760/2384
f 1624/2760/2384 1614/2759/2383 1615/2761/2385
f 1624/2760/2384 1615/2761/2385 1623/2762/2386
f 1623/2762/2386 1615/2761/2385 1616/2763/2387
f 1623/2762/2386 1616/2763/2387 1622/2764/2388
f 1622/2764/2388 1616/2763/2387 1617/2765/2389
f 1622/2764/2388 1617/2765/2389 1621/2766/2390
f 1621/2766/2390 1617/2765/2389 1618/2767/2391
f 1621/2766/2390 1618/2767/2391 1620/2768/2392
f 1620/2768/2392 1618/2767/2391 1619/2769/2393
f 1620/2768/2392 1619/2769/2393 1613/2770/2394
f 1613/2770/2394 1619/2769/2393 1612/2771/2395
f 1626/2772/2396 1614/2773/2383 1627/2774/2397
f 1627/2774/2397 1614/2773/2383 1625/2775/2382
f 1628/2776/2398 1626/2777/2399 1629/2778/2400
f 1629/2778/2400 1626/2777/2399 1627/2779/2401
f 1641/2780/2402 1630/2781/2403 1640/2782/2404
f 1640/2782/2404 1630/2781/2403 1631/2783/2405
f 1640/2782/2404 1631/2783/2405 1639/2784/2406
f 1639/2784/2406 1631/2783/2405 1632/2785/2407
f 1639/2784/2406 1632/2785/2407 1638/2786/2408
f 1638/2786/2408 1632/2785/2407 1633/2787/2409
f 1638/2786/2408 1633/2787/2409 1637/2788/2410
f 1637/2788/2410 1633/2787/2409 1634/2789/2411
f 1637/2788/2410 1634/2789/2411 1636/2790/2412
f 1636/2790/2412 1634/2789/2411 1635/2791/2413
f 1636/2790/2412 1635/2791/2413 1629/2792/2400
f 1629/2792/2400 1635/2791/2413 1628/2793/2398
f 1642/2794/2414 1630/2795/2403 1643/2796/2415
f 1643/2796/2415 1630/2795/2403 1641/2797/2402
f 1655/2798/2416 1644/2799/2417 1654/2800/2418
f 1654/2800/2418 1644/2799/2417 1645/2801/2419
f 1654/2800/2418 1645/2801/2419 1653/2802/2420
f 1653/2802/2420 1645/2801/2419 1646/2803/2421
f 1653/2802/2420 1646/2803/2421 1652/2804/2422
f 1652/2804/2422 1646/2803/2421 1647/2805/2423
f 1652/2804/2422 1647/2805/2423 1651/2806/2424
f 1651/2806/2424 1647/2805/2423 1648/2807/2425
f 1651/2806/2424 1648/2807/2425 1650/2808/2426
f 1650/2808/2426 1648/2807/2425 1649/2809/2427
f 1650/2808/2426 1649/2809/2427 1643/2810/2415
f 1643/2810/2415 1649/2809/2427 1642/2811/2414
f 1656/2812/2428 1644/2813/2417 1657/2814/2429
f 1657/2814/2429 1644/2813/2417 1655/2815/2416
f 1669/2816/2430 1658/2817/2431 1668/2818/2432
f 1668/2818/2432 1658/2817/2431 1659/2819/2433
f 1668/2818/2432 1659/2819/2433 1667/2820/2434
f 1667/2820/2434 1659/2819/2433 1660/2821/2435
f 1667/2820/2434 1660/2821/2435 1666/2822/2436
f 1666/2822/2436 1660/2821/2435 1661/2823/2437
f 1666/2822/2436 1661/2823/2437 1665/2824/2438
f 1665/2824/2438 1661/2823/2437 1662/2825/2439
f 1665/2824/2438 1662/2825/2439 1664/2826/2440
f 1664/2826/2440 1662/2825/2439 1663/2827/2441
f 1664/2826/2440 1663/2827/2441 1657/2828/2429
f 1657/2828/2429 1663/2827/2441 1656/2829/2428
f 1670/2830/2442 1658/2831/2431 1671/2832/2443
f 1671/2832/2443 1658/2831/2431 1669/2833/2430
f 1679/2834/2444 1672/2835/2445 1678/2836/2446
f 1678/2836/2446 1672/2835/2445 1673/2837/2447
f 1678/2836/2446 1673/2837/2447 1677/2838/2448
f 1677/2838/2448 1673/2837/2447 1674/2839/2449
f 1677/2838/2448 1674/2839/2449 1676/2840/2450
f 1676/2840/2450 1674/2839/2449 1675/2841/2451
f 1676/2840/2450 1675/2841/2451 1671/2842/2452
f 1671/2842/2452 1675/2841/2451 1670/2843/2453
f 1680/2844/2454 1672/2845/2445 1681/2846/2455
f 1681/2846/2455 1672/2845/2445 1679/2847/2444
f 1687/2848/2456 1682/2849/2457 1686/2850/2458
f 1686/2850/2458 1682/2849/2457 1683/2851/2459
f 1686/2850/2458 1683/2851/2459 1684/2852/2460
f 1680/2853/2454 1681/2854/2455 1684/2852/2460
f 1684/2852/2460 1681/2854/2455 1685/2855/2461
f 1684/2852/2460 1685/2855/2461 1686/2850/2458
f 1688/2856/2462 1682/2857/2457 1689/2858/2463
f 1689/2858/2463 1682/2857/2457 1687/2859/2456
f 1699/2860/2464 1690/2861/2465 1698/2862/2466
f 1698/2862/2466 1690/2861/2465 1691/2863/2467
f 1698/2862/2466 1691/2863/2467 1697/2864/2468
f 1697/2864/2468 1691/2863/2467 1692/2865/2469
f 1697/2864/2468 1692/2865/2469 1696/2866/2470
f 1696/2866/2470 1692/2865/2469 1693/2867/2471
f 1696/2866/2470 1693/2867/2471 1695/2868/2472
f 1695/2868/2472 1693/2867/2471 1694/2869/2473
f 1695/2868/2472 1694/2869/2473 1689/2870/2463
f 1689/2870/2463 1694/2869/2473 1688/2871/2462
f 1700/2872/2474 1690/2873/2465 1701/2874/2475
f 1701/2874/2475 1690/2873/2465 1699/2875/2464
f 1702/2876/2476 1700/2877/2477 1703/2878/2478
f 1703/2878/2478 1700/2877/2477 1701/2879/2479
f 1715/2880/2480 1704/2881/2481 1714/2882/2482
f 1714/2882/2482 1704/2881/2481 1705/2883/2483
f 1714/2882/2482 1705/2883/2483 1713/2884/2484
f 1713/2884/2484 1705/2883/2483 1706/2885/2485
f 1713/2884/2484 1706/2885/2485 1712/2886/2486
f 1712/2886/2486 1706/2885/2485 1707/2887/2487
f 1712/2886/2486 1707/2887/2487 1711/2888/2488
f 1711/2888/2488 1707/2887/2487 1708/2889/2489
f 1711/2888/2488 1708/2889/2489 1710/2890/2490
f 1710/2890/2490 1708/2889/2489 1709/2891/2491
f 1710/2890/2490 1709/2891/2491 1703/2892/2478
f 1703/2892/2478 1709/2891/2491 1702/2893/2476
f 1716/2894/2492 1704/2895/2481 1717/2896/2493
f 1717/2896/2493 1704/2895/2481 1715/2897/2480
f 1729/2898/2494 1718/2899/2495 1728/2900/2496
f 1728/2900/2496 1718/2899/2495 1719/2901/2497
f 1728/2900/2496 1719/2901/2497 1727/2902/2498
f 1727/2902/2498 1719/2901/2497 1720/2903/2499
f 1727/2902/2498 1720/2903/2499 1726/2904/2500
f 1726/2904/2500 1720/2903/2499 1721/2905/2501
f 1726/2904/2500 1721/2905/2501 1725/2906/2502
f 1725/2906/2502 1721/2905/2501 1722/2907/2503
f 1725/2906/2502 1722/2907/2503 1724/2908/2504
f 1724/2908/2504 1722/2907/2503 1723/2909/2505
f 1724/2908/2504 1723/2909/2505 1717/2910/2493
f 1717/2910/2493 1723/2909/2505 1716/2911/2492
f 1730/2912/2506 1718/2913/2495 1731/2914/2507
f 1731/2914/2507 1718/2913/2495 1729/2915/2494
f 1743/2916/2508 1732/2917/2509 1742/2918/2510
f 1742/2918/2510 1732/2917/2509 1733/2919/2511
f 1742/2918/2510 1733/2919/2511 1741/2920/2512
f 1741/2920/2512 1733/2919/2511 1734/2921/2513
f 1741/2920/2512 1734/2921/2513 1740/2922/2514
f 1740/2922/2514 1734/2921/2513 1735/2923/2515
f 1740/2922/2514 1735/2923/2515 1739/2924/2516
f 1739/2924/2516 1735/2923/2515 1736/2925/2517
f 1739/2924/2516 1736/2925/2517 1738/2926/2518
f 1738/2926/2518 1736/2925/2517 1737/2927/2519
f 1738/2926/2518 1737/2927/2519 1731/2928/2507
f 1731/2928/2507 1737/2927/2519 1730/2929/2506
f 1744/2930/2520 1732/2931/2509 1745/2932/2521
f 1745/2932/2521 1732/2931/2509 1743/2933/2508
f 1757/2934/2522 1746/2935/2523 1756/2936/2524
f 1756/2936/2524 1746/2935/2523 1747/2937/2525
f 1756/2936/2524 1747/2937/2525 1755/2938/2526
f 1755/2938/2526 1747/2937/2525 1748/2939/2527
f 1755/2938/2526 1748/2939/2527 1754/2940/2528
f 1754/2940/2528 1748/2939/2527 1749/2941/2529
f 1754/2940/2528 1749/2941/2529 1753/2942/2530
f 1753/2942/2530 1749/2941/2529 1750/2943/2531
f 1753/2942/2530 1750/2943/2531 1752/2944/2532
f 1752/2944/2532 1750/2943/2531 1751/2945/2533
f 1752/2944/2532 1751/2945/2533 1745/2946/2521
f 1745/2946/2521 1751/2945/2533 1744/2947/2520
f 1758/2948/2534 1746/2949/2523 1759/2950/2535
f 1759/2950/2535 1746/2949/2523 1757/2951/2522
f 1769/2952/2536 1760/2953/2537 1768/2954/2538
f 1768/2954/2538 1760/2953/2537 1761/2955/2539
f 1768/2954/2538 1761/2955/2539 1767/2956/2540
f 1767/2956/2540 1761/2955/2539 1762/2957/2541
f 1767/2956/2540 1762/2957/2541 1766/2958/2542
f 1766/2958/2542 1762/2957/2541 1763/2959/2543
f 1766/2958/2542 1763/2959/2543 1765/2960/2544
f 1765/2960/2544 1763/2959/2543 1764/2961/2545
f 1765/2960/2544 1764/2961/2545 1759/2962/2535
f 1759/2962/2535 1764/2961/2545 1758/2963/2534
f 1513/2964/2281 1760/2965/2537 1514/2966/2282
f 1514/2966/2282 1760/2965/2537 1769/2967/2536
f 1391/2968/2546 1390/2969/2547 1757/2970/2548
f 1757/2970/2548 1390/2969/2547 1509/2971/2549
f 1757/2970/2548 1509/2971/2549 1759/2972/2550
f 1759/2972/2550 1509/2971/2549 1508/2973/2551
f 1759/2972/2550 1508/2973/2551 1765/2974/2552
f 1765/2974/2552 1508/2973/2551 1766/2975/2553
f 1766/2975/2553 1508/2973/2551 1767/2976/2554
f 1767/2976/2554 1508/2973/2551 1768/2977/2555
f 1768/2977/2555 1508/2973/2551 1769/2978/2556
f 1769/2978/2556 1508/2973/2551 1507/2979/2557
f 1769/2978/2556 1507/2979/2557 1514/2980/2558
f 1514/2980/2558 1507/2979/2557 1506/2981/2559
f 1514/2980/2558 1506/2981/2559 1505/2982/2560
f 1514/2980/2558 1505/2982/2560 1515/2983/2561
f 1515/2983/2561 1505/2982/2560 1504/2984/2562
f 1515/2983/2561 1504/2984/2562 1516/2985/2563
f 1516/2985/2563 1504/2984/2562 1517/2986/2564
f 1517/2986/2564 1504/2984/2562 1503/2987/2565
f 1517/2986/2564 1503/2987/2565 1519/2988/2566
f 1519/2988/2566 1503/2987/2565 1502/2989/2567
f 1519/2988/2566 1502/2989/2567 1501/2990/2568
f 1500/2991/2569 1527/2992/2570 1501/2990/2568
f 1501/2990/2568 1527/2992/2570 1526/2993/2571
f 1501/2990/2568 1526/2993/2571 1525/2994/2572
f 1500/2991/2569 1499/2995/2573 1527/2992/2570
f 1527/2992/2570 1499/2995/2573 1498/2996/2574
f 1527/2992/2570 1498/2996/2574 1529/2997/2575
f 1529/2997/2575 1498/2996/2574 1497/2998/2576
f 1529/2997/2575 1497/2998/2576 1536/2999/2577
f 1536/2999/2577 1497/2998/2576 1496/3000/2578
f 1536/2999/2577 1496/3000/2578 1537/3001/2579
f 1537/3001/2579 1496/3000/2578 1538/3002/2580
f 1538/3002/2580 1496/3000/2578 1495/3003/2581
f 1538/3002/2580 1495/3003/2581 1539/3004/2582
f 1539/3004/2582 1495/3003/2581 1540/3005/2583
f 1540/3005/2583 1495/3003/2581 1494/3006/2584
f 1540/3005/2583 1494/3006/2584 1541/3007/2585
f 1541/3007/2585 1494/3006/2584 1493/3008/2586
f 1541/3007/2585 1493/3008/2586 1492/3009/2587
f 1541/3007/2585 1492/3009/2587 1543/3010/2588
f 1543/3010/2588 1492/3009/2587 1491/3011/2589
f 1543/3010/2588 1491/3011/2589 1550/3012/2590
f 1550/3012/2590 1491/3011/2589 1551/3013/2591
f 1551/3013/2591 1491/3011/2589 1490/3014/2592
f 1551/3013/2591 1490/3014/2592 1552/3015/2593
f 1552/3015/2593 1490/3014/2592 1489/3016/2594
f 1552/3015/2593 1489/3016/2594 1488/3017/2595
f 1552/3015/2593 1488/3017/2595 1553/3018/2596
f 1553/3018/2596 1488/3017/2595 1487/3019/2597
f 1553/3018/2596 1487/3019/2597 1486/3020/2598
f 1553/3018/2596 1486/3020/2598 1554/3021/2599
f 1554/3021/2599 1486/3020/2598 1485/3022/2600
f 1554/3021/2599 1485/3022/2600 1555/3023/2601
f 1555/3023/2601 1485/3022/2600 1484/3024/2602
f 1555/3023/2601 1484/3024/2602 1557/3025/2603
f 1557/3025/2603 1484/3024/2602 1483/3026/2604
f 1557/3025/2603 1483/3026/2604 1564/3027/2605
f 1564/3027/2605 1483/3026/2604 1482/3028/2606
f 1564/3027/2605 1482/3028/2606 1565/3029/2607
f 1565/3029/2607 1482/3028/2606 1566/3030/2608
f 1566/3030/2608 1482/3028/2606 1481/3031/2609
f 1566/3030/2608 1481/3031/2609 1567/3032/2610
f 1567/3032/2610 1481/3031/2609 1568/3033/2611
f 1568/3033/2611 1481/3031/2609 1480/3034/2612
f 1568/3033/2611 1480/3034/2612 1569/3035/2613
f 1569/3035/2613 1480/3034/2612 1479/3036/2614
f 1569/3035/2613 1479/3036/2614 1478/3037/2615
f 1478/3037/2615 1477/3038/2616 1569/3035/2613
f 1569/3035/2613 1477/3038/2616 1571/3039/2617
f 1571/3039/2617 1477/3038/2616 1476/3040/2618
f 1571/3039/2617 1476/3040/2618 1475/3041/2619
f 1571/3039/2617 1475/3041/2619 1578/3042/2620
f 1578/3042/2620 1475/3041/2619 1474/3043/2621
f 1578/3042/2620 1474/3043/2621 1579/3044/2622
f 1579/3044/2622 1474/3043/2621 1473/3045/2623
f 1579/3044/2622 1473/3045/2623 1580/3046/2624
f 1580/3046/2624 1473/3045/2623 1472/3047/2625
f 1580/3046/2624 1472/3047/2625 1471/3048/2626
f 1470/3049/2627 1582/3050/2628 1471/3048/2626
f 1471/3048/2626 1582/3050/2628 1581/3051/2629
f 1471/3048/2626 1581/3051/2629 1580/3046/2624
f 1469/3052/2630 1585/3053/2631 1470/3049/2627
f 1470/3049/2627 1585/3053/2631 1583/3054/2632
f 1470/3049/2627 1583/3054/2632 1582/3050/2628
f 1585/3053/2631 1469/3052/2630 1592/3055/2633
f 1592/3055/2633 1469/3052/2630 1468/3056/2634
f 1592/3055/2633 1468/3056/2634 1593/3057/2635
f 1593/3057/2635 1468/3056/2634 1467/3058/2636
f 1593/3057/2635 1467/3058/2636 1466/3059/2637
f 1466/3059/2637 1465/3060/2638 1593/3057/2635
f 1593/3057/2635 1465/3060/2638 1594/3061/2639
f 1594/3061/2639 1465/3060/2638 1464/3062/2640
f 1594/3061/2639 1464/3062/2640 1595/3063/2641
f 1595/3063/2641 1464/3062/2640 1463/3064/2642
f 1595/3063/2641 1463/3064/2642 1596/3065/2643
f 1596/3065/2643 1463/3064/2642 1597/3066/2644
f 1597/3066/2644 1463/3064/2642 1462/3067/2645
f 1597/3066/2644 1462/3067/2645 1599/3068/2646
f 1599/3068/2646 1462/3067/2645 1606/3069/2647
f 1606/3069/2647 1462/3067/2645 1607/3070/2648
f 1607/3070/2648 1462/3067/2645 1461/3071/2649
f 1607/3070/2648 1461/3071/2649 1608/3072/2650
f 1608/3072/2650 1461/3071/2649 1460/3073/2651
f 1608/3072/2650 1460/3073/2651 1459/3074/2652
f 1608/3072/2650 1459/3074/2652 1609/3075/2653
f 1609/3075/2653 1459/3074/2652 1458/3076/2654
f 1609/3075/2653 1458/3076/2654 1457/3077/2655
f 1609/3075/2653 1457/3077/2655 1610/3078/2656
f 1610/3078/2656 1457/3077/2655 1456/3079/2657
f 1610/3078/2656 1456/3079/2657 1611/3080/2658
f 1611/3080/2658 1456/3079/2657 1455/3081/2659
f 1611/3080/2658 1455/3081/2659 1613/3082/2660
f 1613/3082/2660 1455/3081/2659 1454/3083/2661
f 1613/3082/2660 1454/3083/2661 1620/3084/2662
f 1620/3084/2662 1454/3083/2661 1453/3085/2663
f 1620/3084/2662 1453/3085/2663 1621/3086/2664
f 1621/3086/2664 1453/3085/2663 1622/3087/2665
f 1622/3087/2665 1453/3085/2663 1452/3088/2666
f 1622/3087/2665 1452/3088/2666 1623/3089/2667
f 1623/3089/2667 1452/3088/2666 1624/3090/2668
f 1624/3090/2668 1452/3088/2666 1451/3091/2669
f 1624/3090/2668 1451/3091/2669 1625/3092/2670
f 1625/3092/2670 1451/3091/2669 1450/3093/2671
f 1625/3092/2670 1450/3093/2671 1449/3094/2672
f 1625/3092/2670 1449/3094/2672 1627/3095/2673
f 1627/3095/2673 1449/3094/2672 1448/3096/2674
f 1627/3095/2673 1448/3096/2674 1629/3097/2675
f 1629/3097/2675 1448/3096/2674 1447/3098/2676
f 1629/3097/2675 1447/3098/2676 1446/3099/2677
f 1629/3097/2675 1446/3099/2677 1636/3100/2678
f 1636/3100/2678 1446/3099/2677 1445/3101/2679
f 1636/3100/2678 1445/3101/2679 1637/3102/2680
f 1637/3102/2680 1445/3101/2679 1638/3103/2681
f 1638/3103/2681 1445/3101/2679 1444/3104/2682
f 1638/3103/2681 1444/3104/2682 1639/3105/2683
f 1639/3105/2683 1444/3104/2682 1640/3106/2684
f 1640/3106/2684 1444/3104/2682 1443/3107/2685
f 1640/3106/2684 1443/3107/2685 1641/3108/2686
f 1641/3108/2686 1443/3107/2685 1442/3109/2687
f 1641/3108/2686 1442/3109/2687 1643/3110/2688
f 1643/3110/2688 1442/3109/2687 1441/3111/2689
f 1643/3110/2688 1441/3111/2689 1650/3112/2690
f 1650/3112/2690 1441/3111/2689 1440/3113/2691
f 1650/3112/2690 1440/3113/2691 1651/3114/2692
f 1651/3114/2692 1440/3113/2691 1439/3115/2693
f 1651/3114/2692 1439/3115/2693 1438/3116/2694
f 1651/3114/2692 1438/3116/2694 1652/3117/2695
f 1652/3117/2695 1438/3116/2694 1437/3118/2696
f 1652/3117/2695 1437/3118/2696 1436/3119/2697
f 1652/3117/2695 1436/3119/2697 1653/3120/2698
f 1653/3120/2698 1436/3119/2697 1435/3121/2699
f 1653/3120/2698 1435/3121/2699 1654/3122/2700
f 1654/3122/2700 1435/3121/2699 1655/3123/2701
f 1655/3123/2701 1435/3121/2699 1434/3124/2702
f 1655/3123/2701 1434/3124/2702 1657/3125/2703
f 1657/3125/2703 1434/3124/2702 1433/3126/2704
f 1657/3125/2703 1433/3126/2704 1432/3127/2705
f 1657/3125/2703 1432/3127/2705 1664/3128/2706
f 1664/3128/2706 1432/3127/2705 1431/3129/2707
f 1664/3128/2706 1431/3129/2707 1665/3130/2708
f 1665/3130/2708 1431/3129/2707 1666/3131/2709
f 1666/3131/2709 1431/3129/2707 1430/3132/2710
f 1666/3131/2709 1430/3132/2710 1667/3133/2711
f 1667/3133/2711 1430/3132/2710 1668/3134/2712
f 1668/3134/2712 1430/3132/2710 1429/3135/2713
f 1668/3134/2712 1429/3135/2713 1669/3136/2714
f 1669/3136/2714 1429/3135/2713 1428/3137/2715
f 1669/3136/2714 1428/3137/2715 1671/3138/2716
f 1671/3138/2716 1428/3137/2715 1427/3139/2717
f 1671/3138/2716 1427/3139/2717 1426/3140/2718
f 1426/3140/2718 1425/3141/2719 1671/3138/2716
f 1671/3138/2716 1425/3141/2719 1676/3142/2720
f 1676/3142/2720 1425/3141/2719 1677/3143/2721
f 1677/3143/2721 1425/3141/2719 1678/3144/2722
f 1678/3144/2722 1425/3141/2719 1679/3145/2723
f 1679/3145/2723 1425/3141/2719 1424/3146/2724
f 1679/3145/2723 1424/3146/2724 1423/3147/2725
f 1679/3145/2723 1423/3147/2725 1681/3148/2726
f 1681/3148/2726 1423/3147/2725 1422/3149/2727
f 1681/3148/2726 1422/3149/2727 1685/3150/2728
f 1685/3150/2728 1422/3149/2727 1686/3151/2729
f 1686/3151/2729 1422/3149/2727 1421/3152/2730
f 1686/3151/2729 1421/3152/2730 1687/3153/2731
f 1687/3153/2731 1421/3152/2730 1420/3154/2732
f 1687/3153/2731 1420/3154/2732 1419/3155/2733
f 1687/3153/2731 1419/3155/2733 1689/3156/2734
f 1689/3156/2734 1419/3155/2733 1418/3157/2735
f 1689/3156/2734 1418/3157/2735 1695/3158/2736
f 1695/3158/2736 1418/3157/2735 1696/3159/2737
f 1696/3159/2737 1418/3157/2735 1697/3160/2738
f 1697/3160/2738 1418/3157/2735 1698/3161/2739
f 1698/3161/2739 1418/3157/2735 1699/3162/2740
f 1699/3162/2740 1418/3157/2735 1701/3163/2741
f 1701/3163/2741 1418/3157/2735 1417/3164/2742
f 1701/3163/2741 1417/3164/2742 1703/3165/2743
f 1703/3165/2743 1417/3164/2742 1416/3166/2744
f 1703/3165/2743 1416/3166/2744 1415/3167/2745
f 1415/3167/2745 1414/3168/2746 1703/3165/2743
f 1703/3165/2743 1414/3168/2746 1710/3169/2747
f 1710/3169/2747 1414/3168/2746 1413/3170/2748
f 1710/3169/2747 1413/3170/2748 1711/3171/2749
f 1711/3171/2749 1413/3170/2748 1712/3172/2750
f 1712/3172/2750 1413/3170/2748 1713/3173/2751
f 1713/3173/2751 1413/3170/2748 1714/3174/2752
f 1714/3174/2752 1413/3170/2748 1715/3175/2753
f 1715/3175/2753 1413/3170/2748 1412/3176/2754
f 1715/3175/2753 1412/3176/2754 1411/3177/2755
f 1715/3175/2753 1411/3177/2755 1717/3178/2756
f 1717/3178/2756 1411/3177/2755 1410/3179/2757
f 1717/3178/2756 1410/3179/2757 1724/3180/2758
f 1724/3180/2758 1410/3179/2757 1409/3181/2759
f 1724/3180/2758 1409/3181/2759 1408/3182/2760
f 1724/3180/2758 1408/3182/2760 1725/3183/2761
f 1725/3183/2761 1408/3182/2760 1407/3184/2762
f 1725/3183/2761 1407/3184/2762 1406/3185/2763
f 1406/3185/2763 1405/3186/2764 1725/3183/2761
f 1725/3183/2761 1405/3186/2764 1726/3187/2765
f 1726/3187/2765 1405/3186/2764 1404/3188/2766
f 1726/3187/2765 1404/3188/2766 1727/3189/2767
f 1727/3189/2767 1404/3188/2766 1728/3190/2768
f 1728/3190/2768 1404/3188/2766 1729/3191/2769
f 1729/3191/2769 1404/3188/2766 1403/3192/2770
f 1729/3191/2769 1403/3192/2770 1731/3193/2771
f 1731/3193/2771 1403/3192/2770 1738/3194/2772
f 1738/3194/2772 1403/3192/2770 1739/3195/2773
f 1739/3195/2773 1403/3192/2770 1740/3196/2774
f 1740/3196/2774 1403/3192/2770 1402/3197/2775
f 1740/3196/2774 1402/3197/2775 1741/3198/2776
f 1741/3198/2776 1402/3197/2775 1401/3199/2777
f 1741/3198/2776 1401/3199/2777 1400/3200/2778
f 1400/3200/2778 1399/3201/2779 1741/3198/2776
f 1741/3198/2776 1399/3201/2779 1742/3202/2780
f 1742/3202/2780 1399/3201/2779 1398/3203/2781
f 1742/3202/2780 1398/3203/2781 1397/3204/2782
f 1742/3202/2780 1397/3204/2782 1743/3205/2783
f 1743/3205/2783 1397/3204/2782 1396/3206/2784
f 1743/3205/2783 1396/3206/2784 1745/3207/2785
f 1745/3207/2785 1396/3206/2784 1395/3208/2786
f 1745/3207/2785 1395/3208/2786 1394/3209/2787
f 1393/3210/2788 1756/3211/2789 1394/3209/2787
f 1394/3209/2787 1756/3211/2789 1755/3212/2790
f 1394/3209/2787 1755/3212/2790 1754/3213/2791
f 1756/3211/2789 1393/3210/2788 1757/2970/2548
f 1757/2970/2548 1393/3210/2788 1392/3214/2792
f 1757/2970/2548 1392/3214/2792 1391/2968/2546
f 1754/3213/2791 1753/3215/2793 1394/3209/2787
f 1394/3209/2787 1753/3215/2793 1752/3216/2794
f 1394/3209/2787 1752/3216/2794 1745/3207/2785
f 1525/2994/2572 1524/3217/2795 1501/2990/2568
f 1501/2990/2568 1524/3217/2795 1519/2988/2566
f 1149/3218/2796 1794/3219/2797 1126/3220/2798
f 1126/3220/2798 1794/3219/2797 1795/3221/2799
f 1126/3220/2798 1795/3221/2799 1127/3222/2800
f 1127/3222/2800 1795/3221/2799 1796/3223/2801
f 1127/3222/2800 1796/3223/2801 1128/3224/2802
f 1128/3224/2802 1796/3223/2801 1129/3225/2803
f 1129/3225/2803 1796/3223/2801 1797/3226/2804
f 1129/3225/2803 1797/3226/2804 1130/3227/2805
f 1130/3227/2805 1797/3226/2804 1131/3228/2806
f 1131/3228/2806 1797/3226/2804 1132/3229/2807
f 1132/3229/2807 1797/3226/2804 1798/3230/2808
f 1132/3229/2807 1798/3230/2808 1133/3231/2809
f 1133/3231/2809 1798/3230/2808 1134/3232/2810
f 1134/3232/2810 1798/3230/2808 1135/3233/2811
f 1135/3233/2811 1798/3230/2808 1799/3234/2812
f 1135/3233/2811 1799/3234/2812 1136/3235/2813
f 1136/3235/2813 1799/3234/2812 1137/3236/2814
f 1137/3236/2814 1799/3234/2812 1680/3237/2815
f 1137/3236/2814 1680/3237/2815 1138/3238/2816
f 1138/3238/2816 1680/3237/2815 1139/3239/2817
f 1139/3239/2817 1680/3237/2815 1684/3240/2818
f 1139/3239/2817 1684/3240/2818 1683/3241/2819
f 1794/3219/2797 1149/3218/2796 1793/3242/2820
f 1793/3242/2820 1149/3218/2796 1148/3243/2821
f 1793/3242/2820 1148/3243/2821 1688/3244/2822
f 1688/3244/2822 1148/3243/2821 1147/3245/2823
f 1688/3244/2822 1147/3245/2823 1146/3246/2824
f 1146/3246/2824 1145/3247/2825 1688/3244/2822
f 1688/3244/2822 1145/3247/2825 1144/3248/2826
f 1688/3244/2822 1144/3248/2826 1682/3249/2827
f 1682/3249/2827 1144/3248/2826 1143/3250/2828
f 1682/3249/2827 1143/3250/2828 1142/3251/2829
f 1142/3251/2829 1141/3252/2830 1682/3249/2827
f 1682/3249/2827 1141/3252/2830 1140/3253/2831
f 1682/3249/2827 1140/3253/2831 1139/3239/2817
f 1197/3254/2832 1530/3255/2833 1174/3256/2834
f 1174/3256/2834 1530/3255/2833 1542/3257/2835
f 1174/3256/2834 1542/3257/2835 1175/3258/2836
f 1175/3258/2836 1542/3257/2835 1176/3259/2837
f 1176/3259/2837 1542/3257/2835 1177/3260/2838
f 1177/3260/2838 1542/3257/2835 1549/3261/2839
f 1177/3260/2838 1549/3261/2839 1548/3262/2840
f 1197/3254/2832 1196/3263/2841 1530/3255/2833
f 1530/3255/2833 1196/3263/2841 1195/3264/2842
f 1530/3255/2833 1195/3264/2842 1194/3265/2843
f 1530/3255/2833 1194/3265/2843 1783/3266/2844
f 1783/3266/2844 1194/3265/2843 1193/3267/2845
f 1783/3266/2844 1193/3267/2845 1192/3268/2846
f 1783/3266/2844 1192/3268/2846 1782/3269/2847
f 1782/3269/2847 1192/3268/2846 1191/3270/2848
f 1782/3269/2847 1191/3270/2848 1190/3271/2849
f 1782/3269/2847 1190/3271/2849 1781/3272/2850
f 1781/3272/2850 1190/3271/2849 1189/3273/2851
f 1781/3272/2850 1189/3273/2851 1188/3274/2852
f 1188/3274/2852 1187/3275/2853 1781/3272/2850
f 1781/3272/2850 1187/3275/2853 1780/3276/2854
f 1780/3276/2854 1187/3275/2853 1186/3277/2855
f 1780/3276/2854 1186/3277/2855 1779/3278/2856
f 1779/3278/2856 1186/3277/2855 1185/3279/2857
f 1779/3278/2856 1185/3279/2857 1563/3280/2858
f 1563/3280/2858 1185/3279/2857 1556/3281/2859
f 1556/3281/2859 1185/3279/2857 1184/3282/2860
f 1556/3281/2859 1184/3282/2860 1183/3283/2861
f 1183/3283/2861 1182/3284/2862 1556/3281/2859
f 1556/3281/2859 1182/3284/2862 1181/3285/2863
f 1556/3281/2859 1181/3285/2863 1544/3286/2864
f 1544/3286/2864 1181/3285/2863 1180/3287/2865
f 1544/3286/2864 1180/3287/2865 1179/3288/2866
f 1179/3288/2866 1178/3289/2867 1544/3286/2864
f 1544/3286/2864 1178/3289/2867 1545/3290/2868
f 1545/3290/2868 1178/3289/2867 1546/3291/2869
f 1546/3291/2869 1178/3289/2867 1177/3260/2838
f 1546/3291/2869 1177/3260/2838 1547/3292/2870
f 1547/3292/2870 1177/3260/2838 1548/3262/2840
f 1245/3293/2871 1586/3294/2872 1222/3295/2873
f 1222/3295/2873 1586/3294/2872 1598/3296/2874
f 1222/3295/2873 1598/3296/2874 1223/3297/2875
f 1223/3297/2875 1598/3296/2874 1605/3298/2876
f 1223/3297/2875 1605/3298/2876 1604/3299/2877
f 1244/3300/2878 1588/3301/2879 1245/3293/2871
f 1245/3293/2871 1588/3301/2879 1587/3302/2880
f 1245/3293/2871 1587/3302/2880 1586/3294/2872
f 1243/3303/2881 1590/3304/2882 1244/3300/2878
f 1244/3300/2878 1590/3304/2882 1589/3305/2883
f 1244/3300/2878 1589/3305/2883 1588/3301/2879
f 1242/3306/2884 1584/3307/2885 1243/3303/2881
f 1243/3303/2881 1584/3307/2885 1591/3308/2886
f 1243/3303/2881 1591/3308/2886 1590/3304/2882
f 1242/3306/2884 1241/3309/2887 1584/3307/2885
f 1584/3307/2885 1241/3309/2887 1240/3310/2888
f 1584/3307/2885 1240/3310/2888 1572/3311/2889
f 1572/3311/2889 1240/3310/2888 1239/3312/2890
f 1572/3311/2889 1239/3312/2890 1238/3313/2891
f 1238/3313/2891 1237/3314/2892 1572/3311/2889
f 1572/3311/2889 1237/3314/2892 1236/3315/2893
f 1572/3311/2889 1236/3315/2893 1573/3316/2894
f 1573/3316/2894 1236/3315/2893 1235/3317/2895
f 1573/3316/2894 1235/3317/2895 1574/3318/2896
f 1574/3318/2896 1235/3317/2895 1777/3319/2897
f 1574/3318/2896 1777/3319/2897 1575/3320/2898
f 1575/3320/2898 1777/3319/2897 1576/3321/2899
f 1576/3321/2899 1777/3319/2897 1577/3322/2900
f 1577/3322/2900 1777/3319/2897 1570/3323/2901
f 1570/3323/2901 1777/3319/2897 1778/3324/2902
f 1570/3323/2901 1778/3324/2902 1558/3325/2903
f 1558/3325/2903 1778/3324/2902 1559/3326/2904
f 1559/3326/2904 1778/3324/2902 1560/3327/2905
f 1560/3327/2905 1778/3324/2902 1561/3328/2906
f 1561/3328/2906 1778/3324/2902 1562/3329/2907
f 1562/3329/2907 1778/3324/2902 1563/3280/2858
f 1563/3280/2858 1778/3324/2902 1779/3278/2856
f 1235/3317/2895 1234/3330/2908 1777/3319/2897
f 1777/3319/2897 1234/3330/2908 1233/3331/2909
f 1777/3319/2897 1233/3331/2909 1618/3332/2910
f 1618/3332/2910 1233/3331/2909 1619/3333/2911
f 1619/3333/2911 1233/3331/2909 1232/3334/2912
f 1619/3333/2911 1232/3334/2912 1612/3335/2913
f 1612/3335/2913 1232/3334/2912 1231/3336/2914
f 1612/3335/2913 1231/3336/2914 1230/3337/2915
f 1230/3337/2915 1229/3338/2916 1612/3335/2913
f 1612/3335/2913 1229/3338/2916 1228/3339/2917
f 1612/3335/2913 1228/3339/2917 1600/3340/2918
f 1600/3340/2918 1228/3339/2917 1227/3341/2919
f 1600/3340/2918 1227/3341/2919 1226/3342/2920
f 1226/3342/2920 1225/3343/2921 1600/3340/2918
f 1600/3340/2918 1225/3343/2921 1601/3344/2922
f 1601/3344/2922 1225/3343/2921 1602/3345/2923
f 1602/3345/2923 1225/3343/2921 1224/3346/2924
f 1602/3345/2923 1224/3346/2924 1603/3347/2925
f 1603/3347/2925 1224/3346/2924 1604/3299/2877
f 1604/3299/2877 1224/3346/2924 1223/3297/2875
f 1293/3348/2926 1644/3349/2927 1270/3350/2928
f 1270/3350/2928 1644/3349/2927 1656/3351/2929
f 1270/3350/2928 1656/3351/2929 1271/3352/2930
f 1271/3352/2930 1656/3351/2929 1272/3353/2931
f 1272/3353/2931 1656/3351/2929 1273/3354/2932
f 1273/3354/2932 1656/3351/2929 1274/3355/2933
f 1274/3355/2933 1656/3351/2929 1771/3356/2934
f 1274/3355/2933 1771/3356/2934 1275/3357/2935
f 1275/3357/2935 1771/3356/2934 1276/3358/2936
f 1276/3358/2936 1771/3356/2934 1772/3359/2937
f 1276/3358/2936 1772/3359/2937 1277/3360/2938
f 1277/3360/2938 1772/3359/2937 1278/3361/2939
f 1278/3361/2939 1772/3359/2937 1773/3362/2940
f 1278/3361/2939 1773/3362/2940 1279/3363/2941
f 1279/3363/2941 1773/3362/2940 1280/3364/2942
f 1280/3364/2942 1773/3362/2940 1281/3365/2943
f 1281/3365/2943 1773/3362/2940 1774/3366/2944
f 1281/3365/2943 1774/3366/2944 1282/3367/2945
f 1282/3367/2945 1774/3366/2944 1775/3368/2946
f 1282/3367/2945 1775/3368/2946 1283/3369/2947
f 1283/3369/2947 1775/3368/2946 1631/3370/2948
f 1283/3369/2947 1631/3370/2948 1630/3371/2949
f 1293/3348/2926 1292/3372/2950 1644/3349/2927
f 1644/3349/2927 1292/3372/2950 1291/3373/2951
f 1644/3349/2927 1291/3373/2951 1645/3374/2952
f 1645/3374/2952 1291/3373/2951 1646/3375/2953
f 1646/3375/2953 1291/3373/2951 1647/3376/2954
f 1647/3376/2954 1291/3373/2951 1648/3377/2955
f 1648/3377/2955 1291/3373/2951 1290/3378/2956
f 1648/3377/2955 1290/3378/2956 1649/3379/2957
f 1649/3379/2957 1290/3378/2956 1642/3380/2958
f 1642/3380/2958 1290/3378/2956 1289/3381/2959
f 1642/3380/2958 1289/3381/2959 1288/3382/2960
f 1288/3382/2960 1287/3383/2961 1642/3380/2958
f 1642/3380/2958 1287/3383/2961 1630/3371/2949
f 1630/3371/2949 1287/3383/2961 1286/3384/2962
f 1630/3371/2949 1286/3384/2962 1285/3385/2963
f 1285/3385/2963 1284/3386/2964 1630/3371/2949
f 1630/3371/2949 1284/3386/2964 1283/3369/2947
f 1341/3387/2965 1789/3388/2966 1318/3389/2967
f 1318/3389/2967 1789/3388/2966 1790/3390/2968
f 1318/3389/2967 1790/3390/2968 1319/3391/2969
f 1319/3391/2969 1790/3390/2968 1320/3392/2970
f 1320/3392/2970 1790/3390/2968 1791/3393/2971
f 1320/3392/2970 1791/3393/2971 1760/3394/2972
f 1760/3394/2972 1791/3393/2971 1761/3395/2973
f 1761/3395/2973 1791/3393/2971 1762/3396/2974
f 1762/3396/2974 1791/3393/2971 1763/3397/2975
f 1763/3397/2975 1791/3393/2971 1764/3398/2976
f 1764/3398/2976 1791/3393/2971 1758/3399/2977
f 1758/3399/2977 1791/3393/2971 1746/3400/2978
f 1746/3400/2978 1791/3393/2971 1792/3401/2979
f 1746/3400/2978 1792/3401/2979 1747/3402/2980
f 1747/3402/2980 1792/3401/2979 1748/3403/2981
f 1748/3403/2981 1792/3401/2979 1749/3404/2982
f 1749/3404/2982 1792/3401/2979 1750/3405/2983
f 1750/3405/2983 1792/3401/2979 1751/3406/2984
f 1751/3406/2984 1792/3401/2979 1744/3407/2985
f 1744/3407/2985 1792/3401/2979 1389/3408/2986
f 1744/3407/2985 1389/3408/2986 1388/3409/2987
f 1789/3388/2966 1341/3387/2965 1788/3410/2988
f 1788/3410/2988 1341/3387/2965 1340/3411/2989
f 1788/3410/2988 1340/3411/2989 1339/3412/2990
f 1788/3410/2988 1339/3412/2990 1787/3413/2991
f 1787/3413/2991 1339/3412/2990 1338/3414/2992
f 1787/3413/2991 1338/3414/2992 1337/3415/2993
f 1337/3415/2993 1336/3416/2994 1787/3413/2991
f 1787/3413/2991 1336/3416/2994 1786/3417/2995
f 1786/3417/2995 1336/3416/2994 1335/3418/2996
f 1786/3417/2995 1335/3418/2996 1334/3419/2997
f 1334/3419/2997 1333/3420/2998 1786/3417/2995
f 1786/3417/2995 1333/3420/2998 1785/3421/2999
f 1785/3421/2999 1333/3420/2998 1332/3422/3000
f 1785/3421/2999 1332/3422/3000 1331/3423/3001
f 1785/3421/2999 1331/3423/3001 1510/3424/3002
f 1510/3424/3002 1331/3423/3001 1330/3425/3003
f 1510/3424/3002 1330/3425/3003 1329/3426/3004
f 1328/3427/3005 1513/3428/3006 1329/3426/3004
f 1329/3426/3004 1513/3428/3006 1512/3429/3007
f 1329/3426/3004 1512/3429/3007 1511/3430/3008
f 1328/3427/3005 1327/3431/3009 1513/3428/3006
f 1513/3428/3006 1327/3431/3009 1326/3432/3010
f 1513/3428/3006 1326/3432/3010 1325/3433/3011
f 1325/3433/3011 1324/3434/3012 1513/3428/3006
f 1513/3428/3006 1324/3434/3012 1760/3394/2972
f 1760/3394/2972 1324/3434/3012 1323/3435/3013
f 1760/3394/2972 1323/3435/3013 1322/3436/3014
f 1322/3436/3014 1321/3437/3015 1760/3394/2972
f 1760/3394/2972 1321/3437/3015 1320/3392/2970
f 1389/3408/2986 1792/3401/2979 1366/3438/3016
f 1366/3438/3016 1792/3401/2979 1704/3439/3017
f 1366/3438/3016 1704/3439/3017 1367/3440/3018
f 1367/3440/3018 1704/3439/3017 1368/3441/3019
f 1368/3441/3019 1704/3439/3017 1369/3442/3020
f 1369/3442/3020 1704/3439/3017 1370/3443/3021
f 1370/3443/3021 1704/3439/3017 1371/3444/3022
f 1371/3444/3022 1704/3439/3017 1372/3445/3023
f 1372/3445/3023 1704/3439/3017 1716/3446/3024
f 1372/3445/3023 1716/3446/3024 1373/3447/3025
f 1373/3447/3025 1716/3446/3024 1374/3448/3026
f 1374/3448/3026 1716/3446/3024 1375/3449/3027
f 1375/3449/3027 1716/3446/3024 1376/3450/3028
f 1376/3450/3028 1716/3446/3024 1723/3451/3029
f 1376/3450/3028 1723/3451/3029 1722/3452/3030
f 1388/3409/2987 1387/3453/3031 1744/3407/2985
f 1744/3407/2985 1387/3453/3031 1386/3454/3032
f 1744/3407/2985 1386/3454/3032 1385/3455/3033
f 1385/3455/3033 1384/3456/3034 1744/3407/2985
f 1744/3407/2985 1384/3456/3034 1732/3457/3035
f 1732/3457/3035 1384/3456/3034 1383/3458/3036
f 1732/3457/3035 1383/3458/3036 1382/3459/3037
f 1382/3459/3037 1381/3460/3038 1732/3457/3035
f 1732/3457/3035 1381/3460/3038 1380/3461/3039
f 1732/3457/3035 1380/3461/3039 1733/3462/3040
f 1733/3462/3040 1380/3461/3039 1730/3463/3041
f 1733/3462/3040 1730/3463/3041 1734/3464/3042
f 1734/3464/3042 1730/3463/3041 1735/3465/3043
f 1735/3465/3043 1730/3463/3041 1736/3466/3044
f 1736/3466/3044 1730/3463/3041 1737/3467/3045
f 1380/3461/3039 1379/3468/3046 1730/3463/3041
f 1730/3463/3041 1379/3468/3046 1378/3469/3047
f 1730/3463/3041 1378/3469/3047 1718/3470/3048
f 1718/3470/3048 1378/3469/3047 1377/3471/3049
f 1718/3470/3048 1377/3471/3049 1376/3450/3028
f 1771/3356/2934 1662/3472/3050 1770/3473/3051
f 1770/3473/3051 1662/3472/3050 1661/3474/3052
f 1770/3473/3051 1661/3474/3052 1660/3475/3053
f 1775/3368/2946 1776/3476/3054 1631/3370/2948
f 1631/3370/2948 1776/3476/3054 1632/3477/3055
f 1632/3477/3055 1776/3476/3054 1633/3478/3056
f 1633/3478/3056 1776/3476/3054 1634/3479/3057
f 1634/3479/3057 1776/3476/3054 1635/3480/3058
f 1635/3480/3058 1776/3476/3054 1628/3481/3059
f 1628/3481/3059 1776/3476/3054 1626/3482/3060
f 1626/3482/3060 1776/3476/3054 1777/3319/2897
f 1626/3482/3060 1777/3319/2897 1614/3483/3061
f 1614/3483/3061 1777/3319/2897 1615/3484/3062
f 1615/3484/3062 1777/3319/2897 1616/3485/3063
f 1616/3485/3063 1777/3319/2897 1617/3486/3064
f 1617/3486/3064 1777/3319/2897 1618/3332/2910
f 1784/3487/3065 1532/3488/3066 1783/3266/2844
f 1783/3266/2844 1532/3488/3066 1531/3489/3067
f 1783/3266/2844 1531/3489/3067 1530/3255/2833
f 1785/3421/2999 1520/3490/3068 1784/3487/3065
f 1784/3487/3065 1520/3490/3068 1528/3491/3069
f 1784/3487/3065 1528/3491/3069 1535/3492/3070
f 1793/3242/2820 1700/3493/3071 1792/3401/2979
f 1792/3401/2979 1700/3493/3071 1702/3494/3072
f 1792/3401/2979 1702/3494/3072 1709/3495/3073
f 1770/3473/3051 1670/3496/3074 1799/3234/2812
f 1799/3234/2812 1670/3496/3074 1675/3497/3075
f 1799/3234/2812 1675/3497/3075 1674/3498/3076
f 1511/3430/3008 1510/3424/3002 1329/3426/3004
f 1510/3424/3002 1518/3499/3077 1785/3421/2999
f 1785/3421/2999 1518/3499/3077 1523/3500/3078
f 1785/3421/2999 1523/3500/3078 1522/3501/3079
f 1522/3501/3079 1521/3502/3080 1785/3421/2999
f 1785/3421/2999 1521/3502/3080 1520/3490/3068
f 1535/3492/3070 1534/3503/3081 1784/3487/3065
f 1784/3487/3065 1534/3503/3081 1533/3504/3082
f 1784/3487/3065 1533/3504/3082 1532/3488/3066
f 1656/3351/2929 1663/3505/3083 1771/3356/2934
f 1771/3356/2934 1663/3505/3083 1662/3472/3050
f 1660/3475/3053 1659/3506/3084 1770/3473/3051
f 1770/3473/3051 1659/3506/3084 1658/3507/3085
f 1770/3473/3051 1658/3507/3085 1670/3496/3074
f 1674/3498/3076 1673/3508/3086 1799/3234/2812
f 1799/3234/2812 1673/3508/3086 1672/3509/3087
f 1799/3234/2812 1672/3509/3087 1680/3237/2815
f 1683/3241/2819 1682/3249/2827 1139/3239/2817
f 1688/3244/2822 1694/3510/3088 1793/3242/2820
f 1793/3242/2820 1694/3510/3088 1693/3511/3089
f 1793/3242/2820 1693/3511/3089 1692/3512/3090
f 1692/3512/3090 1691/3513/3091 1793/3242/2820
f 1793/3242/2820 1691/3513/3091 1690/3514/3092
f 1793/3242/2820 1690/3514/3092 1700/3493/3071
f 1709/3495/3073 1708/3515/3093 1792/3401/2979
f 1792/3401/2979 1708/3515/3093 1707/3516/3094
f 1792/3401/2979 1707/3516/3094 1706/3517/3095
f 1706/3517/3095 1705/3518/3096 1792/3401/2979
f 1792/3401/2979 1705/3518/3096 1704/3439/3017
f 1376/3450/3028 1722/3452/3030 1718/3470/3048
f 1718/3470/3048 1722/3452/3030 1721/3519/3097
f 1718/3470/3048 1721/3519/3097 1720/3520/3098
f 1720/3520/3098 1719/3521/3099 1718/3470/3048
f 932/3522/3100 931/3523/3101 943/3524/3102
f 943/3524/3102 931/3523/3101 1066/3525/3103
f 820/3526/3104 819/3527/3105 1065/3528/3106
f 1065/3528/3106 819/3527/3105 930/3529/3107
f 862/3530/3108 580/3531/3109 799/3532/3110
f 799/3532/3110 580/3531/3109 803/3533/3111
f 799/3532/3110 803/3533/3111 800/3534/3112
f 862/3530/3108 1067/3535/3113 580/3531/3109
f 580/3531/3109 1067/3535/3113 581/3536/3114
f 581/3536/3114 1067/3535/3113 1066/3537/3115
f 581/3536/3114 1066/3537/3115 804/3538/3116
f 804/3538/3116 1066/3537/3115 807/3539/3117
f 804/3538/3116 807/3539/3117 805/3540/3118
f 805/3540/3118 807/3539/3117 810/3541/3119
f 1066/3537/3115 931/3542/3120 807/3539/3117
f 804/3538/3116 811/3543/3121 581/3536/3114
f 926/3544/3122 925/3545/3123 1100/3546/3124
f 1100/3546/3124 925/3545/3123 928/3547/3125
f 922/3548/3126 926/3549/3127 923/3550/3128
f 923/3550/3128 926/3549/3127 1100/3551/3129
f 824/3552/3130 823/3553/3131 941/3554/3132
f 941/3554/3132 823/3553/3131 1101/3555/3133
f 733/3556/3134 732/3557/3135 772/3558/3136
f 772/3558/3136 732/3557/3135 813/3559/3137
f 853/3560/3138 852/3561/3139 1076/3562/3140
f 1076/3562/3140 852/3561/3139 1077/3563/3141
f 839/3564/3142 838/3565/3143 1090/3566/3144
f 1090/3566/3144 838/3565/3143 1091/3567/3145
f 1084/3568/3146 845/3569/3147 1085/3570/3148
f 1085/3570/3148 845/3569/3147 844/3571/3149
f 1085/3570/3148 844/3571/3149 1086/3572/3150
f 1086/3572/3150 844/3571/3149 843/3573/3151
f 1086/3572/3150 843/3573/3151 1087/3574/3152
f 1087/3574/3152 843/3573/3151 842/3575/3153
f 1087/3574/3152 842/3575/3153 1088/3576/3154
f 1088/3576/3154 842/3575/3153 841/3577/3155
f 1088/3576/3154 841/3577/3155 1089/3578/3156
f 1089/3578/3156 841/3577/3155 840/3579/3157
f 1089/3578/3156 840/3579/3157 1090/3580/3144
f 1090/3580/3144 840/3579/3157 839/3581/3142
f 846/3582/3158 845/3583/3147 1083/3584/3159
f 1083/3584/3159 845/3583/3147 1084/3585/3146
f 1077/3586/3141 852/3587/3139 1078/3588/3160
f 1078/3588/3160 852/3587/3139 851/3589/3161
f 1078/3588/3160 851/3589/3161 1079/3590/3162
f 1079/3590/3162 851/3589/3161 850/3591/3163
f 1079/3590/3162 850/3591/3163 1080/3592/3164
f 1080/3592/3164 850/3591/3163 849/3593/3165
f 1080/3592/3164 849/3593/3165 1081/3594/3166
f 1081/3594/3166 849/3593/3165 848/3595/3167
f 1081/3594/3166 848/3595/3167 1082/3596/3168
f 1082/3596/3168 848/3595/3167 847/3597/3169
f 1082/3596/3168 847/3597/3169 1083/3598/3159
f 1083/3598/3159 847/3597/3169 846/3599/3158
f 1076/3600/3170 1075/3601/3171 853/3602/3172
f 853/3602/3172 1075/3601/3171 854/3603/3173
f 855/3604/3174 854/3605/3175 1074/3606/3176
f 1074/3606/3176 854/3605/3175 1075/3607/3177
f 1068/3608/3178 861/3609/3179 1069/3610/3180
f 1069/3610/3180 861/3609/3179 860/3611/3181
f 1069/3610/3180 860/3611/3181 1070/3612/3182
f 1070/3612/3182 860/3611/3181 859/3613/3183
f 1070/3612/3182 859/3613/3183 1071/3614/3184
f 1071/3614/3184 859/3613/3183 858/3615/3185
f 1071/3614/3184 858/3615/3185 1072/3616/3186
f 1072/3616/3186 858/3615/3185 857/3617/3187
f 1072/3616/3186 857/3617/3187 1073/3618/3188
f 1073/3618/3188 857/3617/3187 856/3619/3189
f 1073/3618/3188 856/3619/3189 1074/3620/3176
f 1074/3620/3176 856/3619/3189 855/3621/3174
f 862/3622/3190 861/3623/3179 1067/3624/3191
f 1067/3624/3191 861/3623/3179 1068/3625/3178
f 838/3626/3192 837/3627/3193 1091/3628/3194
f 1091/3628/3194 837/3627/3193 1092/3629/3195
f 1101/3630/3196 657/3631/3197 269/3632/3198
f 269/3632/3198 657/3631/3197 223/3633/3199
f 269/3632/3198 223/3633/3199 222/3634/3200
f 1101/3630/3196 823/3635/3201 657/3631/3197
f 657/3631/3197 823/3635/3201 822/3636/3202
f 222/3634/3200 221/3637/3203 269/3632/3198
f 269/3632/3198 221/3637/3203 220/3638/3204
f 269/3632/3198 220/3638/3204 219/3639/3205
f 219/3639/3205 218/3640/3206 269/3632/3198
f 269/3632/3198 218/3640/3206 217/3641/3207
f 61/3642/3208 821/3643/3209 62/3644/3210
f 62/3644/3210 821/3643/3209 1064/3645/3211
f 1065/3646/3212 1064/3647/3213 820/3648/3214
f 820/3648/3214 1064/3647/3213 821/3649/3215
f 830/3650/3216 829/3651/3217 1099/3652/3218
f 1099/3652/3218 829/3651/3217 924/3653/3219
f 1093/3654/3220 836/3655/3221 1094/3656/3222
f 1094/3656/3222 836/3655/3221 835/3657/3223
f 1094/3656/3222 835/3657/3223 1095/3658/3224
f 1095/3658/3224 835/3657/3223 834/3659/3225
f 1095/3658/3224 834/3659/3225 1096/3660/3226
f 1096/3660/3226 834/3659/3225 833/3661/3227
f 1096/3660/3226 833/3661/3227 1097/3662/3228
f 1097/3662/3228 833/3661/3227 832/3663/3229
f 1097/3662/3228 832/3663/3229 1098/3664/3230
f 1098/3664/3230 832/3663/3229 831/3665/3231
f 1098/3664/3230 831/3665/3231 1099/3666/3218
f 1099/3666/3218 831/3665/3231 830/3667/3216
f 837/3668/3232 836/3669/3221 1092/3670/3233
f 1092/3670/3233 836/3669/3221 1093/3671/3220
f 1800/3672/3234 1801/3673/3235 1803/3674/3236
f 1803/3674/3236 1801/3673/3235 1802/3675/3237
f 1804/3676/3238 1805/3677/3239 1803/3678/3240
f 1803/3678/3240 1805/3677/3239 1800/3679/3241
f 1806/3680/3242 1805/3681/3243 1807/3682/3244
f 1807/3682/3244 1805/3681/3243 1804/3683/3245
f 1801/3684/3246 1806/3685/3247 1802/3686/3248
f 1802/3686/3248 1806/3685/3247 1807/3687/3249
f 1804/3688/3250 1803/3689/3251 866/3690/3252
f 866/3690/3252 1803/3689/3251 863/3691/3253
f 1803/3692/3254 1802/3693/3255 863/3694/3256
f 863/3694/3256 1802/3693/3255 864/3695/3257
f 1809/3696/3258 1881/3697/3259 1808/3698/3260
f 1808/3698/3260 1881/3697/3259 1882/3699/3261
f 1808/3698/3260 1882/3699/3261 1844/3700/3262
f 1844/3700/3262 1882/3699/3261 1843/3701/3263
f 1843/3701/3263 1882/3699/3261 1842/3702/3264
f 1842/3702/3264 1882/3699/3261 1841/3703/3265
f 1841/3703/3265 1882/3699/3261 1883/3704/3266
f 1841/3703/3265 1883/3704/3266 1840/3705/3267
f 1840/3705/3267 1883/3704/3266 1884/3706/3268
f 1840/3705/3267 1884/3706/3268 1885/3707/3269
f 1810/3708/3270 1875/3709/3271 1809/3696/3258
f 1809/3696/3258 1875/3709/3271 1879/3710/3272
f 1809/3696/3258 1879/3710/3272 1880/3711/3273
f 1811/3712/3274 1806/3713/3275 1810/3708/3270
f 1810/3708/3270 1806/3713/3275 1874/3714/3276
f 1810/3708/3270 1874/3714/3276 1875/3709/3271
f 1808/3698/3260 1850/3715/3277 1811/3712/3274
f 1811/3712/3274 1850/3715/3277 1851/3716/3278
f 1811/3712/3274 1851/3716/3278 1852/3717/3279
f 1835/3718/3280 1812/3719/3281 1860/3720/3282
f 1860/3720/3282 1812/3719/3281 1813/3721/3283
f 1860/3720/3282 1813/3721/3283 1889/3722/3284
f 1889/3722/3284 1813/3721/3283 1814/3723/3285
f 1889/3722/3284 1814/3723/3285 1815/3724/3286
f 1815/3724/3286 1816/3725/3287 1889/3722/3284
f 1889/3722/3284 1816/3725/3287 1817/3726/3288
f 1889/3722/3284 1817/3726/3288 1818/3727/3289
f 1889/3722/3284 1818/3727/3289 1805/3728/3290
f 1805/3728/3290 1818/3727/3289 1819/3729/3291
f 1805/3728/3290 1819/3729/3291 1820/3730/3292
f 1820/3730/3292 1821/3731/3293 1805/3728/3290
f 1805/3728/3290 1821/3731/3293 1822/3732/3294
f 1805/3728/3290 1822/3732/3294 1800/3733/3295
f 1800/3733/3295 1822/3732/3294 1823/3734/3296
f 1800/3733/3295 1823/3734/3296 1824/3735/3297
f 1824/3735/3297 1825/3736/3298 1800/3733/3295
f 1800/3733/3295 1825/3736/3298 1826/3737/3299
f 1800/3733/3295 1826/3737/3299 1827/3738/3300
f 1827/3738/3300 1828/3739/3301 1800/3733/3295
f 1800/3733/3295 1828/3739/3301 1866/3740/3302
f 1800/3733/3295 1866/3740/3302 1867/3741/3303
f 1828/3739/3301 1829/3742/3304 1866/3740/3302
f 1866/3740/3302 1829/3742/3304 1830/3743/3305
f 1866/3740/3302 1830/3743/3305 1831/3744/3306
f 1866/3740/3302 1831/3744/3306 1865/3745/3307
f 1865/3745/3307 1831/3744/3306 1832/3746/3308
f 1865/3745/3307 1832/3746/3308 1864/3747/3309
f 1864/3747/3309 1832/3746/3308 1863/3748/3310
f 1863/3748/3310 1832/3746/3308 1862/3749/3311
f 1862/3749/3311 1832/3746/3308 1861/3750/3312
f 1861/3750/3312 1832/3746/3308 1860/3720/3282
f 1860/3720/3282 1832/3746/3308 1833/3751/3313
f 1860/3720/3282 1833/3751/3313 1834/3752/3314
f 1834/3752/3314 1835/3718/3280 1860/3720/3282
f 1859/3753/3315 1836/3754/3316 1888/3755/3317
f 1888/3755/3317 1836/3754/3316 1837/3756/3318
f 1888/3755/3317 1837/3756/3318 1838/3757/3319
f 1838/3757/3319 1839/3758/3320 1888/3755/3317
f 1888/3755/3317 1839/3758/3320 1840/3705/3267
f 1888/3755/3317 1840/3705/3267 1887/3759/3321
f 1887/3759/3321 1840/3705/3267 1886/3760/3322
f 1886/3760/3322 1840/3705/3267 1885/3707/3269
f 1844/3700/3262 1845/3761/3323 1808/3698/3260
f 1808/3698/3260 1845/3761/3323 1846/3762/3324
f 1808/3698/3260 1846/3762/3324 1847/3763/3325
f 1847/3763/3325 1848/3764/3326 1808/3698/3260
f 1808/3698/3260 1848/3764/3326 1849/3765/3327
f 1808/3698/3260 1849/3765/3327 1850/3715/3277
f 1852/3717/3279 1853/3766/3328 1811/3712/3274
f 1811/3712/3274 1853/3766/3328 1854/3767/3329
f 1811/3712/3274 1854/3767/3329 1889/3722/3284
f 1889/3722/3284 1854/3767/3329 1855/3768/3330
f 1889/3722/3284 1855/3768/3330 1856/3769/3331
f 1856/3769/3331 1857/3770/3332 1889/3722/3284
f 1889/3722/3284 1857/3770/3332 1858/3771/3333
f 1889/3722/3284 1858/3771/3333 1859/3753/3315
f 1889/3722/3284 1859/3753/3315 1888/3755/3317
f 1800/3733/3295 1867/3741/3303 1801/3772/3334
f 1801/3772/3334 1867/3741/3303 1868/3773/3335
f 1801/3772/3334 1868/3773/3335 1869/3774/3336
f 1801/3772/3334 1869/3774/3336 1873/3775/3337
f 1873/3775/3337 1869/3774/3336 1870/3776/3338
f 1873/3775/3337 1870/3776/3338 1871/3777/3339
f 1871/3777/3339 1872/3778/3340 1873/3775/3337
f 1801/3772/3334 1873/3775/3337 1806/3713/3275
f 1806/3713/3275 1873/3775/3337 1874/3714/3276
f 1876/3779/3341 1877/3780/3342 1875/3709/3271
f 1875/3709/3271 1877/3780/3342 1878/3781/3343
f 1875/3709/3271 1878/3781/3343 1879/3710/3272
f 1880/3711/3273 1881/3697/3259 1809/3696/3258
f 1889/3722/3284 1805/3728/3290 1811/3712/3274
f 1811/3712/3274 1805/3728/3290 1806/3713/3275
f 1811/3782/3344 1810/3783/3345 1891/3784/3346
f 1891/3784/3346 1810/3783/3345 1890/3785/3347
f 1892/3786/3348 1893/3787/3349 1808/3788/3350
f 1808/3788/3350 1893/3787/3349 1809/3789/3351
f 1810/3790/3352 1809/3791/3353 1890/3792/3354
f 1890/3792/3354 1809/3791/3353 1893/3793/3355
f 1811/3794/3356 1891/3795/3357 1808/3796/3358
f 1808/3796/3358 1891/3795/3357 1892/3797/3359
f 1890/3798/3360 1893/3799/3361 892/3800/3362
f 892/3800/3362 1893/3799/3361 893/3801/3363
f 1893/3802/3364 1892/3803/3365 893/3804/3366
f 893/3804/3366 1892/3803/3365 894/3805/3367
f 610/3806/675 627/3807/3368 611/3808/676
f 611/3808/676 627/3807/3368 814/3809/3369
f 814/3809/3369 627/3807/3368 942/3810/3370
f 942/3810/3370 627/3807/3368 938/3811/3371
f 919/3812/3372 1827/3813/3373 896/3814/3374
f 896/3814/3374 1827/3813/3373 1826/3815/3375
f 896/3814/3374 1826/3815/3375 897/3816/3376
f 897/3816/3376 1826/3815/3375 1825/3817/3377
f 897/3816/3376 1825/3817/3377 898/3818/3378
f 898/3818/3378 1825/3817/3377 1824/3819/3379
f 898/3818/3378 1824/3819/3379 899/3820/3380
f 899/3820/3380 1824/3819/3379 1823/3821/3381
f 899/3820/3380 1823/3821/3381 900/3822/3382
f 900/3822/3382 1823/3821/3381 1822/3823/3383
f 900/3822/3382 1822/3823/3383 901/3824/3384
f 901/3824/3384 1822/3823/3383 1821/3825/3385
f 901/3824/3384 1821/3825/3385 902/3826/3386
f 902/3826/3386 1821/3825/3385 1820/3827/3387
f 902/3826/3386 1820/3827/3387 903/3828/3388
f 903/3828/3388 1820/3827/3387 1819/3829/3389
f 903/3828/3388 1819/3829/3389 904/3830/3390
f 904/3830/3390 1819/3829/3389 1818/3831/3391
f 904/3830/3390 1818/3831/3391 905/3832/3392
f 905/3832/3392 1818/3831/3391 1817/3833/3393
f 905/3832/3392 1817/3833/3393 906/3834/3394
f 906/3834/3394 1817/3833/3393 1816/3835/3395
f 906/3834/3394 1816/3835/3395 907/3836/3396
f 907/3836/3396 1816/3835/3395 1815/3837/3397
f 907/3836/3396 1815/3837/3397 908/3838/3398
f 908/3838/3398 1815/3837/3397 1814/3839/3399
f 908/3838/3398 1814/3839/3399 909/3840/3400
f 909/3840/3400 1814/3839/3399 1813/3841/3401
f 909/3840/3400 1813/3841/3401 910/3842/3402
f 910/3842/3402 1813/3841/3401 1812/3843/3403
f 910/3842/3402 1812/3843/3403 911/3844/3404
f 911/3845/3404 1812/3846/3403 1835/3847/3405
f 911/3845/3404 1835/3847/3405 912/3848/3406
f 912/3848/3406 1835/3847/3405 1834/3849/3407
f 912/3848/3406 1834/3849/3407 913/3850/3408
f 913/3850/3408 1834/3849/3407 1833/3851/3409
f 913/3850/3408 1833/3851/3409 914/3852/3410
f 914/3852/3410 1833/3851/3409 1832/3853/3411
f 914/3852/3410 1832/3853/3411 915/3854/3412
f 915/3854/3412 1832/3853/3411 1831/3855/3413
f 915/3854/3412 1831/3855/3413 916/3856/3414
f 916/3856/3414 1831/3855/3413 1830/3857/3415
f 916/3856/3414 1830/3857/3415 917/3858/3416
f 917/3858/3416 1830/3857/3415 1829/3859/3417
f 917/3858/3416 1829/3859/3417 918/3860/3418
f 918/3860/3418 1829/3859/3417 1828/3861/3419
f 918/3860/3418 1828/3861/3419 919/3812/3372
f 919/3812/3372 1828/3861/3419 1827/3813/3373
f 1807/3862/3420 1804/3863/3421 865/3864/3422
f 865/3864/3422 1804/3863/3421 866/3865/3423
f 1802/3866/3424 1807/3867/3425 864/3868/3426
f 864/3868/3426 1807/3867/3425 865/3869/3427
f 1892/3870/3428 1891/3871/3429 894/3872/3430
f 894/3872/3430 1891/3871/3429 891/3873/3431
f 1891/3874/3432 1890/3875/3433 891/3876/3434
f 891/3876/3434 1890/3875/3433 892/3877/3435
f 890/3878/3436 1849/3879/3437 867/3880/3438
f 867/3880/3438 1849/3879/3437 1848/3881/3439
f 867/3880/3438 1848/3881/3439 868/3882/3440
f 868/3882/3440 1848/3881/3439 1847/3883/3441
f 868/3882/3440 1847/3883/3441 869/3884/3442
f 869/3884/3442 1847/3883/3441 1846/3885/3443
f 869/3884/3442 1846/3885/3443 870/3886/3444
f 870/3886/3444 1846/3885/3443 1845/3887/3445
f 870/3886/3444 1845/3887/3445 871/3888/3446
f 871/3888/3446 1845/3887/3445 1844/3889/3447
f 871/3888/3446 1844/3889/3447 872/3890/3448
f 872/3890/3448 1844/3889/3447 1843/3891/3449
f 872/3890/3448 1843/3891/3449 873/3892/3450
f 873/3892/3450 1843/3891/3449 1842/3893/3451
f 873/3892/3450 1842/3893/3451 874/3894/3452
f 874/3894/3452 1842/3893/3451 1841/3895/3453
f 874/3894/3452 1841/3895/3453 875/3896/3454
f 875/3896/3454 1841/3895/3453 1840/3897/3455
f 875/3896/3454 1840/3897/3455 876/3898/3456
f 876/3898/3456 1840/3897/3455 1839/3899/3457
f 876/3898/3456 1839/3899/3457 877/3900/3458
f 877/3900/3458 1839/3899/3457 1838/3901/3459
f 877/3900/3458 1838/3901/3459 878/3902/3460
f 878/3902/3460 1838/3901/3459 1837/3903/3461
f 878/3902/3460 1837/3903/3461 879/3904/3462
f 879/3904/3462 1837/3903/3461 1836/3905/3463
f 879/3904/3462 1836/3905/3463 880/3906/3464
f 880/3907/3464 1836/3908/3463 1859/3909/3465
f 880/3907/3464 1859/3909/3465 881/3910/3466
f 881/3910/3466 1859/3909/3465 1858/3911/3467
f 881/3910/3466 1858/3911/3467 882/3912/3468
f 882/3912/3468 1858/3911/3467 1857/3913/3469
f 882/3912/3468 1857/3913/3469 883/3914/3470
f 883/3914/3470 1857/3913/3469 1856/3915/3471
f 883/3914/3470 1856/3915/3471 884/3916/3472
f 884/3916/3472 1856/3915/3471 1855/3917/3473
f 884/3916/3472 1855/3917/3473 885/3918/3474
f 885/3918/3474 1855/3917/3473 1854/3919/3475
f 885/3918/3474 1854/3919/3475 886/3920/3476
f 886/3920/3476 1854/3919/3475 1853/3921/3477
f 886/3920/3476 1853/3921/3477 887/3922/3478
f 887/3922/3478 1853/3921/3477 1852/3923/3479
f 887/3922/3478 1852/3923/3479 888/3924/3480
f 888/3924/3480 1852/3923/3479 1851/3925/3481
f 888/3924/3480 1851/3925/3481 889/3926/3482
f 889/3926/3482 1851/3925/3481 1850/3927/3483
f 889/3926/3482 1850/3927/3483 890/3878/3436
f 890/3878/3436 1850/3927/3483 1849/3879/3437
f 1778/3928/3484 1777/3929/3485 1888/3930/3486
f 1888/3930/3486 1777/3929/3485 1889/3931/3487
f 1889/3931/3487 1777/3929/3485 1776/3932/3488
f 1889/3931/3487 1776/3932/3488 1860/3933/3489
f 1882/3934/3490 1784/3935/3491 1883/3936/3492
f 1883/3936/3492 1784/3935/3491 1783/3937/3493
f 1883/3936/3492 1783/3937/3493 1884/3938/3494
f 1884/3938/3494 1783/3937/3493 1782/3939/3495
f 1884/3938/3494 1782/3939/3495 1885/3940/3496
f 1885/3940/3496 1782/3939/3495 1781/3941/3497
f 1885/3940/3496 1781/3941/3497 1886/3942/3498
f 1886/3942/3498 1781/3941/3497 1780/3943/3499
f 1886/3942/3498 1780/3943/3499 1887/3944/3500
f 1887/3944/3500 1780/3943/3499 1779/3945/3501
f 1887/3944/3500 1779/3945/3501 1888/3946/3486
f 1888/3946/3486 1779/3945/3501 1778/3947/3484
f 1785/3948/3502 1784/3949/3491 1881/3950/3503
f 1881/3950/3503 1784/3949/3491 1882/3951/3490
f 1875/3952/3504 1791/3953/3505 1876/3954/3506
f 1876/3954/3506 1791/3953/3505 1790/3955/3507
f 1876/3954/3506 1790/3955/3507 1877/3956/3508
f 1877/3956/3508 1790/3955/3507 1789/3957/3509
f 1877/3956/3508 1789/3957/3509 1878/3958/3510
f 1878/3958/3510 1789/3957/3509 1788/3959/3511
f 1878/3958/3510 1788/3959/3511 1879/3960/3512
f 1879/3960/3512 1788/3959/3511 1787/3961/3513
f 1879/3960/3512 1787/3961/3513 1880/3962/3514
f 1880/3962/3514 1787/3961/3513 1786/3963/3515
f 1880/3962/3514 1786/3963/3515 1881/3964/3503
f 1881/3964/3503 1786/3963/3515 1785/3965/3502
f 1793/3966/3516 1792/3967/3517 1873/3968/3518
f 1873/3968/3518 1792/3967/3517 1874/3969/3519
f 1874/3969/3519 1792/3967/3517 1791/3970/3505
f 1874/3969/3519 1791/3970/3505 1875/3971/3504
f 1867/3972/3520 1799/3973/3521 1868/3974/3522
f 1868/3974/3522 1799/3973/3521 1798/3975/3523
f 1868/3974/3522 1798/3975/3523 1869/3976/3524
f 1869/3976/3524 1798/3975/3523 1797/3977/3525
f 1869/3976/3524 1797/3977/3525 1870/3978/3526
f 1870/3978/3526 1797/3977/3525 1796/3979/3527
f 1870/3978/3526 1796/3979/3527 1871/3980/3528
f 1871/3980/3528 1796/3979/3527 1795/3981/3529
f 1871/3980/3528 1795/3981/3529 1872/3982/3530
f 1872/3982/3530 1795/3981/3529 1794/3983/3531
f 1872/3982/3530 1794/3983/3531 1873/3984/3518
f 1873/3984/3518 1794/3983/3531 1793/3985/3516
f 1770/3986/3532 1799/3987/3521 1866/3988/3533
f 1866/3988/3533 1799/3987/3521 1867/3989/3520
f 1860/3990/3489 1776/3991/3488 1861/3992/3534
f 1861/3992/3534 1776/3991/3488 1775/3993/3535
f 1861/3992/3534 1775/3993/3535 1862/3994/3536
f 1862/3994/3536 1775/3993/3535 1774/3995/3537
f 1862/3994/3536 1774/3995/3537 1863/3996/3538
f 1863/3996/3538 1774/3995/3537 1773/3997/3539
f 1863/3996/3538 1773/3997/3539 1864/3998/3540
f 1864/3998/3540 1773/3997/3539 1772/3999/3541
f 1864/3998/3540 1772/3999/3541 1865/4000/3542
f 1865/4000/3542 1772/3999/3541 1771/4001/3543
f 1865/4000/3542 1771/4001/3543 1866/4002/3533
f 1866/4002/3533 1771/4001/3543 1770/4003/3532
# 1893 vertices
# 4003 texture params
# 3543 normals
# 3798 facets

# 1 groups
