# WaveFront *.obj file (generated by Autodesk ATF)

mtllib OBP40x2-Gehäuse hinten.mtl

g Gehäuse hinten

v 1.494103 0.522975 0.800000
v 1.799962 0.006787 0.800000
v 1.799962 0.006787 1.100000
v 1.494103 0.522975 1.100000
v 1.505858 -0.516189 0.800000
v 1.505858 -0.516189 1.100000
v 0.905897 -0.522975 0.800000
v 0.905897 -0.522975 1.100000
v 0.600038 -0.006787 0.800000
v 0.600038 -0.006787 1.100000
v 0.894142 0.516189 0.800000
v 0.894142 0.516189 1.100000
v 0.900000 0.000000 1.100000
v 0.910222 -0.077646 1.100000
v 0.940192 -0.150000 1.100000
v 0.987868 -0.212132 1.100000
v 1.050000 -0.259808 1.100000
v 1.122354 -0.289778 1.100000
v 1.200000 -0.300000 1.100000
v 1.277646 -0.289778 1.100000
v 1.350000 -0.259808 1.100000
v 1.412132 -0.212132 1.100000
v 1.459808 -0.150000 1.100000
v 1.489778 -0.077646 1.100000
v 1.500000 0.000000 1.100000
v 1.489778 0.077646 1.100000
v 1.459808 0.150000 1.100000
v 1.412132 0.212132 1.100000
v 1.350000 0.259808 1.100000
v 1.277646 0.289778 1.100000
v 1.200000 0.300000 1.100000
v 1.122354 0.289778 1.100000
v 1.050000 0.259808 1.100000
v 0.987868 0.212132 1.100000
v 0.940192 0.150000 1.100000
v 0.910222 0.077646 1.100000
v 0.700000 -2.500000 1.200000
v 0.700000 -2.100000 0.800000
v 1.300000 -2.100000 0.800000
v 1.300000 -2.500000 1.200000
v 1.300000 -1.000000 0.800000
v 1.300000 -1.000000 1.200000
v 0.700000 -1.000000 0.800000
v 0.000000 -1.000000 0.800000
v 0.000000 -0.300000 0.800000
v -0.900000 -0.300000 0.800000
v -0.900000 0.400000 0.800000
v 0.000000 0.400000 0.800000
v 0.000000 1.000000 0.800000
v 0.700000 1.000000 0.800000
v 0.700000 2.100000 0.800000
v 1.300000 2.100000 0.800000
v 1.300000 1.000000 0.800000
v 2.000000 1.000000 0.800000
v 2.000000 0.400000 0.800000
v 2.900000 0.400000 0.800000
v 2.900000 -0.300000 0.800000
v 2.000000 -0.300000 0.800000
v 2.000000 -1.000000 0.800000
v -1.300000 0.400000 1.200000
v -1.300000 -0.300000 1.200000
v 0.000000 -0.300000 1.200000
v 1.300000 2.500000 1.200000
v 0.700000 2.500000 1.200000
v 0.700000 1.000000 1.200000
v 3.300000 -0.300000 1.200000
v 3.300000 0.400000 1.200000
v 2.000000 -0.300000 1.200000
v 0.700000 -1.000000 1.200000
v 0.000000 -1.000000 1.200000
v 2.000000 0.400000 1.200000
v 2.000000 -1.000000 1.200000
v 2.000000 1.000000 1.200000
v 0.000000 0.400000 1.200000
v 0.000000 1.000000 1.200000
v 1.300000 1.000000 1.200000
v -1.700000 0.600000 1.200000
v -2.237859 0.600000 1.200000
v -2.237859 10.495295 1.200000
v -1.475824 10.495295 1.200000
v -1.424061 10.502110 1.200000
v -1.375824 10.522090 1.200000
v -1.334403 10.553874 1.200000
v -1.302619 10.595295 1.200000
v -1.282639 10.643531 1.200000
v -1.275824 10.695295 1.200000
v -1.275824 11.695295 1.200000
v -1.618882 11.695295 1.200000
v -1.591942 11.697907 1.200000
v -1.564921 11.699477 1.200000
v -1.537859 11.700000 1.200000
v 8.100000 11.700000 1.200000
v 8.893509 10.744999 1.200000
v 8.921926 10.717019 1.200000
v 8.955330 10.695234 1.200000
v 8.992393 10.680510 1.200000
v 9.662141 10.489153 1.200000
v 9.662141 0.600000 1.200000
v 9.150000 0.600000 1.200000
v 9.098237 0.593185 1.200000
v 9.050000 0.573205 1.200000
v 9.008579 0.541421 1.200000
v 8.976795 0.500000 1.200000
v 8.956815 0.451764 1.200000
v 8.950000 0.400000 1.200000
v 8.950000 -0.394108 1.200000
v 8.956815 -0.445872 1.200000
v 8.976795 -0.494108 1.200000
v 9.008579 -0.535530 1.200000
v 9.050000 -0.567314 1.200000
v 9.098237 -0.587294 1.200000
v 9.150000 -0.594108 1.200000
v 9.662141 -0.594108 1.200000
v 9.662141 -10.493858 1.200000
v 8.992393 -10.685215 1.200000
v 8.955474 -10.699865 1.200000
v 8.922179 -10.721522 1.200000
v 8.893819 -10.749331 1.200000
v 8.100000 -11.700000 1.200000
v -1.275824 -11.700000 1.200000
v -1.275824 -10.900000 1.200000
v -1.289454 -10.796473 1.200000
v -1.329414 -10.700000 1.200000
v -1.392982 -10.617157 1.200000
v -1.475824 -10.553590 1.200000
v -1.572297 -10.513630 1.200000
v -1.675824 -10.500000 1.200000
v -2.237859 -10.500000 1.200000
v -2.237859 -0.598226 1.200000
v -1.700000 -0.598226 1.200000
v -1.648236 -0.591411 1.200000
v -1.600000 -0.571431 1.200000
v -1.558578 -0.539647 1.200000
v -1.526795 -0.498226 1.200000
v -1.506815 -0.449989 1.200000
v -1.500000 -0.398226 1.200000
v -1.500000 0.400000 1.200000
v -1.506815 0.451764 1.200000
v -1.526795 0.500000 1.200000
v -1.558578 0.541421 1.200000
v -1.600000 0.573205 1.200000
v -1.648236 0.593185 1.200000
v -0.205000 -6.700000 1.200000
v -0.232089 -6.494239 1.200000
v -0.311510 -6.302500 1.200000
v -0.437850 -6.137850 1.200000
v -0.602500 -6.011510 1.200000
v -0.794239 -5.932089 1.200000
v -1.000000 -5.905000 1.200000
v -1.205761 -5.932089 1.200000
v -1.397500 -6.011510 1.200000
v -1.562150 -6.137850 1.200000
v -1.688490 -6.302500 1.200000
v -1.767911 -6.494239 1.200000
v -1.795000 -6.700000 1.200000
v -1.767911 -6.905761 1.200000
v -1.688490 -7.097500 1.200000
v -1.562150 -7.262150 1.200000
v -1.397500 -7.388490 1.200000
v -1.205761 -7.467911 1.200000
v -1.000000 -7.495000 1.200000
v -0.794239 -7.467911 1.200000
v -0.602500 -7.388490 1.200000
v -0.437850 -7.262150 1.200000
v -0.311510 -7.097500 1.200000
v -0.232089 -6.905761 1.200000
v -0.215000 6.700000 1.200000
v -0.241748 6.903173 1.200000
v -0.320170 7.092500 1.200000
v -0.444921 7.255079 1.200000
v -0.607500 7.379830 1.200000
v -0.796827 7.458252 1.200000
v -1.000000 7.485000 1.200000
v -1.203173 7.458252 1.200000
v -1.392500 7.379830 1.200000
v -1.555079 7.255079 1.200000
v -1.679830 7.092500 1.200000
v -1.758252 6.903173 1.200000
v -1.785000 6.700000 1.200000
v -1.758252 6.496827 1.200000
v -1.679830 6.307500 1.200000
v -1.555079 6.144921 1.200000
v -1.392500 6.020170 1.200000
v -1.203173 5.941748 1.200000
v -1.000000 5.915000 1.200000
v -0.796827 5.941748 1.200000
v -0.607500 6.020170 1.200000
v -0.444921 6.144921 1.200000
v -0.320170 6.307500 1.200000
v -0.241748 6.496827 1.200000
v -1.785000 0.000000 1.500000
v -1.795733 0.081528 1.500000
v -1.827202 0.157500 1.500000
v -1.877261 0.222739 1.500000
v -1.942500 0.272798 1.500000
v -2.018472 0.304267 1.500000
v -2.100000 0.315000 1.500000
v -2.181528 0.304267 1.500000
v -2.257500 0.272798 1.500000
v -2.322738 0.222739 1.500000
v -2.372798 0.157500 1.500000
v -2.404266 0.081528 1.500000
v -2.415000 -0.000000 1.500000
v -2.404266 -0.081528 1.500000
v -2.372798 -0.157500 1.500000
v -2.322738 -0.222739 1.500000
v -2.257500 -0.272798 1.500000
v -2.181528 -0.304267 1.500000
v -2.100000 -0.315000 1.500000
v -2.018472 -0.304267 1.500000
v -1.942500 -0.272798 1.500000
v -1.877261 -0.222739 1.500000
v -1.827202 -0.157500 1.500000
v -1.795733 -0.081528 1.500000
v -1.930000 0.000000 1.355000
v -1.935792 -0.043999 1.355000
v -1.952775 -0.085000 1.355000
v -1.979792 -0.120208 1.355000
v -2.015000 -0.147224 1.355000
v -2.056001 -0.164207 1.355000
v -2.100000 -0.170000 1.355000
v -2.143999 -0.164207 1.355000
v -2.185000 -0.147224 1.355000
v -2.220208 -0.120208 1.355000
v -2.247224 -0.085000 1.355000
v -2.264207 -0.043999 1.355000
v -2.270000 -0.000000 1.355000
v -2.264207 0.043999 1.355000
v -2.247224 0.085000 1.355000
v -2.220208 0.120208 1.355000
v -2.185000 0.147224 1.355000
v -2.143999 0.164207 1.355000
v -2.100000 0.170000 1.355000
v -2.056001 0.164207 1.355000
v -2.015000 0.147224 1.355000
v -1.979792 0.120208 1.355000
v -1.952775 0.085000 1.355000
v -1.935792 0.043999 1.355000
v -1.930000 0.000000 0.000000
v -1.935792 -0.043999 0.000000
v -1.952775 -0.085000 0.000000
v -1.979792 -0.120208 0.000000
v -2.015000 -0.147224 0.000000
v -2.056001 -0.164207 0.000000
v -2.100000 -0.170000 0.000000
v -2.143999 -0.164207 0.000000
v -2.185000 -0.147224 0.000000
v -2.220208 -0.120208 0.000000
v -2.247224 -0.085000 0.000000
v -2.264207 -0.043999 0.000000
v -2.270000 0.000000 0.000000
v -2.264207 0.043999 0.000000
v -2.247224 0.085000 0.000000
v -2.220208 0.120208 0.000000
v -2.185000 0.147224 0.000000
v -2.143999 0.164207 0.000000
v -2.100000 0.170000 0.000000
v -2.056001 0.164207 0.000000
v -2.015000 0.147224 0.000000
v -1.979792 0.120208 0.000000
v -1.952775 0.085000 0.000000
v -1.935792 0.043999 0.000000
v -2.270000 0.000000 0.677500
v -1.935792 0.043999 0.677500
v -1.930000 0.000000 0.677500
v -1.952775 0.085000 0.677500
v -1.979792 0.120208 0.677500
v -2.015000 0.147224 0.677500
v -2.056001 0.164207 0.677500
v -2.100000 0.170000 0.677500
v -2.143999 0.164207 0.677500
v -2.185000 0.147224 0.677500
v -2.220208 0.120208 0.677500
v -2.247224 0.085000 0.677500
v -2.264207 0.043999 0.677500
v -2.264207 -0.043999 0.677500
v -2.247224 -0.085000 0.677500
v -2.220208 -0.120208 0.677500
v -2.185000 -0.147224 0.677500
v -2.143999 -0.164207 0.677500
v -2.100000 -0.170000 0.677500
v -2.056001 -0.164207 0.677500
v -2.015000 -0.147224 0.677500
v -1.979792 -0.120208 0.677500
v -1.952775 -0.085000 0.677500
v -1.935792 -0.043999 0.677500
v 9.615000 11.300000 1.500000
v 9.604267 11.381528 1.500000
v 9.572798 11.457500 1.500000
v 9.522739 11.522739 1.500000
v 9.457500 11.572798 1.500000
v 9.381528 11.604267 1.500000
v 9.300000 11.615000 1.500000
v 9.218472 11.604267 1.500000
v 9.142500 11.572798 1.500000
v 9.077262 11.522739 1.500000
v 9.027202 11.457500 1.500000
v 8.995734 11.381528 1.500000
v 8.985000 11.300000 1.500000
v 8.995734 11.218472 1.500000
v 9.027202 11.142500 1.500000
v 9.077262 11.077262 1.500000
v 9.142500 11.027202 1.500000
v 9.218472 10.995734 1.500000
v 9.300000 10.985000 1.500000
v 9.381528 10.995734 1.500000
v 9.457500 11.027202 1.500000
v 9.522739 11.077262 1.500000
v 9.572798 11.142500 1.500000
v 9.604267 11.218472 1.500000
v 9.470000 11.300000 1.355000
v 9.464208 11.256001 1.355000
v 9.447225 11.215000 1.355000
v 9.420209 11.179792 1.355000
v 9.385000 11.152776 1.355000
v 9.344000 11.135793 1.355000
v 9.300000 11.130000 1.355000
v 9.256001 11.135793 1.355000
v 9.215000 11.152776 1.355000
v 9.179792 11.179792 1.355000
v 9.152776 11.215000 1.355000
v 9.135793 11.256001 1.355000
v 9.130000 11.300000 1.355000
v 9.135793 11.343999 1.355000
v 9.152776 11.385000 1.355000
v 9.179792 11.420208 1.355000
v 9.215000 11.447224 1.355000
v 9.256001 11.464208 1.355000
v 9.300000 11.470000 1.355000
v 9.344000 11.464208 1.355000
v 9.385000 11.447224 1.355000
v 9.420209 11.420208 1.355000
v 9.447225 11.385000 1.355000
v 9.464208 11.343999 1.355000
v 9.470000 11.300000 0.000000
v 9.464208 11.256001 0.000000
v 9.447225 11.215000 0.000000
v 9.420209 11.179792 0.000000
v 9.385000 11.152776 0.000000
v 9.344000 11.135793 0.000000
v 9.300000 11.130000 0.000000
v 9.256001 11.135793 0.000000
v 9.215000 11.152776 0.000000
v 9.179792 11.179792 0.000000
v 9.152776 11.215000 0.000000
v 9.135793 11.256001 0.000000
v 9.130000 11.300000 0.000000
v 9.135793 11.343999 0.000000
v 9.152776 11.385000 0.000000
v 9.179792 11.420208 0.000000
v 9.215000 11.447224 0.000000
v 9.256001 11.464208 0.000000
v 9.300000 11.470000 0.000000
v 9.344000 11.464208 0.000000
v 9.385000 11.447224 0.000000
v 9.420209 11.420208 0.000000
v 9.447225 11.385000 0.000000
v 9.464208 11.343999 0.000000
v 9.130000 11.300000 0.677500
v 9.464208 11.343999 0.677500
v 9.470000 11.300000 0.677500
v 9.447225 11.385000 0.677500
v 9.420209 11.420208 0.677500
v 9.385000 11.447224 0.677500
v 9.344000 11.464208 0.677500
v 9.300000 11.470000 0.677500
v 9.256001 11.464208 0.677500
v 9.215000 11.447224 0.677500
v 9.179792 11.420208 0.677500
v 9.152776 11.385000 0.677500
v 9.135793 11.343999 0.677500
v 9.135793 11.256001 0.677500
v 9.152776 11.215000 0.677500
v 9.179792 11.179792 0.677500
v 9.215000 11.152776 0.677500
v 9.256001 11.135793 0.677500
v 9.300000 11.130000 0.677500
v 9.344000 11.135793 0.677500
v 9.385000 11.152776 0.677500
v 9.420209 11.179792 0.677500
v 9.447225 11.215000 0.677500
v 9.464208 11.256001 0.677500
v 9.615000 -11.300000 1.500000
v 9.604267 -11.218472 1.500000
v 9.572798 -11.142500 1.500000
v 9.522739 -11.077262 1.500000
v 9.457500 -11.027202 1.500000
v 9.381528 -10.995734 1.500000
v 9.300000 -10.985000 1.500000
v 9.218472 -10.995734 1.500000
v 9.142500 -11.027202 1.500000
v 9.077262 -11.077262 1.500000
v 9.027202 -11.142500 1.500000
v 8.995734 -11.218472 1.500000
v 8.985000 -11.300000 1.500000
v 8.995734 -11.381528 1.500000
v 9.027202 -11.457500 1.500000
v 9.077262 -11.522739 1.500000
v 9.142500 -11.572798 1.500000
v 9.218472 -11.604267 1.500000
v 9.300000 -11.615000 1.500000
v 9.381528 -11.604267 1.500000
v 9.457500 -11.572798 1.500000
v 9.522739 -11.522739 1.500000
v 9.572798 -11.457500 1.500000
v 9.604267 -11.381528 1.500000
v 9.470000 -11.300000 1.355000
v 9.464208 -11.343999 1.355000
v 9.447225 -11.385000 1.355000
v 9.420209 -11.420208 1.355000
v 9.385000 -11.447224 1.355000
v 9.344000 -11.464208 1.355000
v 9.300000 -11.470000 1.355000
v 9.256001 -11.464208 1.355000
v 9.215000 -11.447224 1.355000
v 9.179792 -11.420208 1.355000
v 9.152776 -11.385000 1.355000
v 9.135793 -11.343999 1.355000
v 9.130000 -11.300000 1.355000
v 9.135793 -11.256001 1.355000
v 9.152776 -11.215000 1.355000
v 9.179792 -11.179792 1.355000
v 9.215000 -11.152776 1.355000
v 9.256001 -11.135793 1.355000
v 9.300000 -11.130000 1.355000
v 9.344000 -11.135793 1.355000
v 9.385000 -11.152776 1.355000
v 9.420209 -11.179792 1.355000
v 9.447225 -11.215000 1.355000
v 9.464208 -11.256001 1.355000
v 9.470000 -11.300000 0.000000
v 9.464208 -11.343999 0.000000
v 9.447225 -11.385000 0.000000
v 9.420209 -11.420208 0.000000
v 9.385000 -11.447224 0.000000
v 9.344000 -11.464208 0.000000
v 9.300000 -11.470000 0.000000
v 9.256001 -11.464208 0.000000
v 9.215000 -11.447224 0.000000
v 9.179792 -11.420208 0.000000
v 9.152776 -11.385000 0.000000
v 9.135793 -11.343999 0.000000
v 9.130000 -11.300000 0.000000
v 9.135793 -11.256001 0.000000
v 9.152776 -11.215000 0.000000
v 9.179792 -11.179792 0.000000
v 9.215000 -11.152776 0.000000
v 9.256001 -11.135793 0.000000
v 9.300000 -11.130000 0.000000
v 9.344000 -11.135793 0.000000
v 9.385000 -11.152776 0.000000
v 9.420209 -11.179792 0.000000
v 9.447225 -11.215000 0.000000
v 9.464208 -11.256001 0.000000
v 9.130000 -11.300000 0.677500
v 9.464208 -11.256001 0.677500
v 9.470000 -11.300000 0.677500
v 9.447225 -11.215000 0.677500
v 9.420209 -11.179792 0.677500
v 9.385000 -11.152776 0.677500
v 9.344000 -11.135793 0.677500
v 9.300000 -11.130000 0.677500
v 9.256001 -11.135793 0.677500
v 9.215000 -11.152776 0.677500
v 9.179792 -11.179792 0.677500
v 9.152776 -11.215000 0.677500
v 9.135793 -11.256001 0.677500
v 9.135793 -11.343999 0.677500
v 9.152776 -11.385000 0.677500
v 9.179792 -11.420208 0.677500
v 9.215000 -11.447224 0.677500
v 9.256001 -11.464208 0.677500
v 9.300000 -11.470000 0.677500
v 9.344000 -11.464208 0.677500
v 9.385000 -11.447224 0.677500
v 9.420209 -11.420208 0.677500
v 9.447225 -11.385000 0.677500
v 9.464208 -11.343999 0.677500
v -1.585000 -11.300000 1.500000
v -1.595733 -11.218472 1.500000
v -1.627202 -11.142500 1.500000
v -1.677261 -11.077262 1.500000
v -1.742500 -11.027202 1.500000
v -1.818472 -10.995734 1.500000
v -1.900000 -10.985000 1.500000
v -1.981528 -10.995734 1.500000
v -2.057500 -11.027202 1.500000
v -2.122738 -11.077262 1.500000
v -2.172798 -11.142500 1.500000
v -2.204266 -11.218472 1.500000
v -2.215000 -11.300000 1.500000
v -2.204266 -11.381528 1.500000
v -2.172798 -11.457500 1.500000
v -2.122738 -11.522739 1.500000
v -2.057500 -11.572798 1.500000
v -1.981528 -11.604267 1.500000
v -1.900000 -11.615000 1.500000
v -1.818472 -11.604267 1.500000
v -1.742500 -11.572798 1.500000
v -1.677261 -11.522739 1.500000
v -1.627202 -11.457500 1.500000
v -1.595733 -11.381528 1.500000
v -1.730000 -11.300000 1.355000
v -1.735792 -11.343999 1.355000
v -1.752775 -11.385000 1.355000
v -1.779792 -11.420208 1.355000
v -1.815000 -11.447224 1.355000
v -1.856001 -11.464208 1.355000
v -1.900000 -11.470000 1.355000
v -1.943999 -11.464208 1.355000
v -1.985000 -11.447224 1.355000
v -2.020208 -11.420208 1.355000
v -2.047224 -11.385000 1.355000
v -2.064207 -11.343999 1.355000
v -2.070000 -11.300000 1.355000
v -2.064207 -11.256001 1.355000
v -2.047224 -11.215000 1.355000
v -2.020208 -11.179792 1.355000
v -1.985000 -11.152776 1.355000
v -1.943999 -11.135793 1.355000
v -1.900000 -11.130000 1.355000
v -1.856001 -11.135793 1.355000
v -1.815000 -11.152776 1.355000
v -1.779792 -11.179792 1.355000
v -1.752775 -11.215000 1.355000
v -1.735792 -11.256001 1.355000
v -1.730000 -11.300000 0.000000
v -1.735792 -11.343999 0.000000
v -1.752775 -11.385000 0.000000
v -1.779792 -11.420208 0.000000
v -1.815000 -11.447224 0.000000
v -1.856001 -11.464208 0.000000
v -1.900000 -11.470000 0.000000
v -1.943999 -11.464208 0.000000
v -1.985000 -11.447224 0.000000
v -2.020208 -11.420208 0.000000
v -2.047224 -11.385000 0.000000
v -2.064207 -11.343999 0.000000
v -2.070000 -11.300000 0.000000
v -2.064207 -11.256001 0.000000
v -2.047224 -11.215000 0.000000
v -2.020208 -11.179792 0.000000
v -1.985000 -11.152776 0.000000
v -1.943999 -11.135793 0.000000
v -1.900000 -11.130000 0.000000
v -1.856001 -11.135793 0.000000
v -1.815000 -11.152776 0.000000
v -1.779792 -11.179792 0.000000
v -1.752775 -11.215000 0.000000
v -1.735792 -11.256001 0.000000
v -2.070000 -11.300000 0.677500
v -1.735792 -11.256001 0.677500
v -1.730000 -11.300000 0.677500
v -1.752775 -11.215000 0.677500
v -1.779792 -11.179792 0.677500
v -1.815000 -11.152776 0.677500
v -1.856001 -11.135793 0.677500
v -1.900000 -11.130000 0.677500
v -1.943999 -11.135793 0.677500
v -1.985000 -11.152776 0.677500
v -2.020208 -11.179792 0.677500
v -2.047224 -11.215000 0.677500
v -2.064207 -11.256001 0.677500
v -2.064207 -11.343999 0.677500
v -2.047224 -11.385000 0.677500
v -2.020208 -11.420208 0.677500
v -1.985000 -11.447224 0.677500
v -1.943999 -11.464208 0.677500
v -1.900000 -11.470000 0.677500
v -1.856001 -11.464208 0.677500
v -1.815000 -11.447224 0.677500
v -1.779792 -11.420208 0.677500
v -1.752775 -11.385000 0.677500
v -1.735792 -11.343999 0.677500
v -1.585000 11.300000 1.500000
v -1.595733 11.381528 1.500000
v -1.627202 11.457500 1.500000
v -1.677261 11.522739 1.500000
v -1.742500 11.572798 1.500000
v -1.818472 11.604267 1.500000
v -1.900000 11.615000 1.500000
v -1.981528 11.604267 1.500000
v -2.057500 11.572798 1.500000
v -2.122738 11.522739 1.500000
v -2.172798 11.457500 1.500000
v -2.204266 11.381528 1.500000
v -2.215000 11.300000 1.500000
v -2.204266 11.218472 1.500000
v -2.172798 11.142500 1.500000
v -2.122738 11.077262 1.500000
v -2.057500 11.027202 1.500000
v -1.981528 10.995734 1.500000
v -1.900000 10.985000 1.500000
v -1.818472 10.995734 1.500000
v -1.742500 11.027202 1.500000
v -1.677261 11.077262 1.500000
v -1.627202 11.142500 1.500000
v -1.595733 11.218472 1.500000
v -1.730000 11.300000 1.355000
v -1.735792 11.256001 1.355000
v -1.752775 11.215000 1.355000
v -1.779792 11.179792 1.355000
v -1.815000 11.152776 1.355000
v -1.856001 11.135793 1.355000
v -1.900000 11.130000 1.355000
v -1.943999 11.135793 1.355000
v -1.985000 11.152776 1.355000
v -2.020208 11.179792 1.355000
v -2.047224 11.215000 1.355000
v -2.064207 11.256001 1.355000
v -2.070000 11.300000 1.355000
v -2.064207 11.343999 1.355000
v -2.047224 11.385000 1.355000
v -2.020208 11.420208 1.355000
v -1.985000 11.447224 1.355000
v -1.943999 11.464208 1.355000
v -1.900000 11.470000 1.355000
v -1.856001 11.464208 1.355000
v -1.815000 11.447224 1.355000
v -1.779792 11.420208 1.355000
v -1.752775 11.385000 1.355000
v -1.735792 11.343999 1.355000
v -1.730000 11.300000 0.000000
v -1.735792 11.256001 0.000000
v -1.752775 11.215000 0.000000
v -1.779792 11.179792 0.000000
v -1.815000 11.152776 0.000000
v -1.856001 11.135793 0.000000
v -1.900000 11.130000 0.000000
v -1.943999 11.135793 0.000000
v -1.985000 11.152776 0.000000
v -2.020208 11.179792 0.000000
v -2.047224 11.215000 0.000000
v -2.064207 11.256001 0.000000
v -2.070000 11.300000 0.000000
v -2.064207 11.343999 0.000000
v -2.047224 11.385000 0.000000
v -2.020208 11.420208 0.000000
v -1.985000 11.447224 0.000000
v -1.943999 11.464208 0.000000
v -1.900000 11.470000 0.000000
v -1.856001 11.464208 0.000000
v -1.815000 11.447224 0.000000
v -1.779792 11.420208 0.000000
v -1.752775 11.385000 0.000000
v -1.735792 11.343999 0.000000
v -2.070000 11.300000 0.677500
v -1.735792 11.343999 0.677500
v -1.730000 11.300000 0.677500
v -1.752775 11.385000 0.677500
v -1.779792 11.420208 0.677500
v -1.815000 11.447224 0.677500
v -1.856001 11.464208 0.677500
v -1.900000 11.470000 0.677500
v -1.943999 11.464208 0.677500
v -1.985000 11.447224 0.677500
v -2.020208 11.420208 0.677500
v -2.047224 11.385000 0.677500
v -2.064207 11.343999 0.677500
v -2.064207 11.256001 0.677500
v -2.047224 11.215000 0.677500
v -2.020208 11.179792 0.677500
v -1.985000 11.152776 0.677500
v -1.943999 11.135793 0.677500
v -1.900000 11.130000 0.677500
v -1.856001 11.135793 0.677500
v -1.815000 11.152776 0.677500
v -1.779792 11.179792 0.677500
v -1.752775 11.215000 0.677500
v -1.735792 11.256001 0.677500
v 9.765000 0.000000 1.500000
v 9.754267 0.081528 1.500000
v 9.722798 0.157500 1.500000
v 9.672739 0.222739 1.500000
v 9.607500 0.272798 1.500000
v 9.531528 0.304267 1.500000
v 9.450000 0.315000 1.500000
v 9.368472 0.304267 1.500000
v 9.292500 0.272798 1.500000
v 9.227262 0.222739 1.500000
v 9.177202 0.157500 1.500000
v 9.145734 0.081528 1.500000
v 9.135000 -0.000000 1.500000
v 9.145734 -0.081528 1.500000
v 9.177202 -0.157500 1.500000
v 9.227262 -0.222739 1.500000
v 9.292500 -0.272798 1.500000
v 9.368472 -0.304267 1.500000
v 9.450000 -0.315000 1.500000
v 9.531528 -0.304267 1.500000
v 9.607500 -0.272798 1.500000
v 9.672739 -0.222739 1.500000
v 9.722798 -0.157500 1.500000
v 9.754267 -0.081528 1.500000
v 9.620000 0.000000 1.355000
v 9.614208 -0.043999 1.355000
v 9.597225 -0.085000 1.355000
v 9.570209 -0.120208 1.355000
v 9.535000 -0.147224 1.355000
v 9.494000 -0.164207 1.355000
v 9.450000 -0.170000 1.355000
v 9.406001 -0.164207 1.355000
v 9.365000 -0.147224 1.355000
v 9.329792 -0.120208 1.355000
v 9.302776 -0.085000 1.355000
v 9.285793 -0.043999 1.355000
v 9.280000 -0.000000 1.355000
v 9.285793 0.043999 1.355000
v 9.302776 0.085000 1.355000
v 9.329792 0.120208 1.355000
v 9.365000 0.147224 1.355000
v 9.406001 0.164207 1.355000
v 9.450000 0.170000 1.355000
v 9.494000 0.164207 1.355000
v 9.535000 0.147224 1.355000
v 9.570209 0.120208 1.355000
v 9.597225 0.085000 1.355000
v 9.614208 0.043999 1.355000
v 9.620000 0.000000 0.000000
v 9.614208 -0.043999 0.000000
v 9.597225 -0.085000 0.000000
v 9.570209 -0.120208 0.000000
v 9.535000 -0.147224 0.000000
v 9.494000 -0.164207 0.000000
v 9.450000 -0.170000 0.000000
v 9.406001 -0.164207 0.000000
v 9.365000 -0.147224 0.000000
v 9.329792 -0.120208 0.000000
v 9.302776 -0.085000 0.000000
v 9.285793 -0.043999 0.000000
v 9.280000 0.000000 0.000000
v 9.285793 0.043999 0.000000
v 9.302776 0.085000 0.000000
v 9.329792 0.120208 0.000000
v 9.365000 0.147224 0.000000
v 9.406001 0.164207 0.000000
v 9.450000 0.170000 0.000000
v 9.494000 0.164207 0.000000
v 9.535000 0.147224 0.000000
v 9.570209 0.120208 0.000000
v 9.597225 0.085000 0.000000
v 9.614208 0.043999 0.000000
v 9.280000 0.000000 0.677500
v 9.614208 0.043999 0.677500
v 9.620000 0.000000 0.677500
v 9.597225 0.085000 0.677500
v 9.570209 0.120208 0.677500
v 9.535000 0.147224 0.677500
v 9.494000 0.164207 0.677500
v 9.450000 0.170000 0.677500
v 9.406001 0.164207 0.677500
v 9.365000 0.147224 0.677500
v 9.329792 0.120208 0.677500
v 9.302776 0.085000 0.677500
v 9.285793 0.043999 0.677500
v 9.285793 -0.043999 0.677500
v 9.302776 -0.085000 0.677500
v 9.329792 -0.120208 0.677500
v 9.365000 -0.147224 0.677500
v 9.406001 -0.164207 0.677500
v 9.450000 -0.170000 0.677500
v 9.494000 -0.164207 0.677500
v 9.535000 -0.147224 0.677500
v 9.570209 -0.120208 0.677500
v 9.597225 -0.085000 0.677500
v 9.614208 -0.043999 0.677500
v 1.455000 -0.158034 1.500000
v 1.455000 -0.158034 1.400000
v 1.483531 -0.098032 1.400000
v 1.498155 -0.033220 1.400000
v 1.498155 0.033220 1.400000
v 1.483531 0.098032 1.400000
v 1.455000 0.158034 1.400000
v 1.455000 0.158034 1.500000
v 1.407109 0.217039 1.500000
v 1.345928 0.262117 1.500000
v 1.275383 0.290375 1.500000
v 1.200000 0.300000 1.500000
v 1.124618 0.290375 1.500000
v 1.054073 0.262117 1.500000
v 0.992892 0.217040 1.500000
v 0.945000 0.158035 1.500000
v 0.945000 0.158035 1.400000
v 0.916469 0.098032 1.400000
v 0.901845 0.033220 1.400000
v 0.901845 -0.033220 1.400000
v 0.916469 -0.098032 1.400000
v 0.945000 -0.158035 1.400000
v 0.945000 -0.158035 1.500000
v 0.992892 -0.217040 1.500000
v 1.054073 -0.262117 1.500000
v 1.124618 -0.290375 1.500000
v 1.200000 -0.300000 1.500000
v 1.275383 -0.290375 1.500000
v 1.345928 -0.262117 1.500000
v 1.407109 -0.217039 1.500000
v 0.945000 -0.795110 1.400000
v 0.945000 -0.795110 1.500000
v 0.945000 0.795110 1.500000
v 0.945000 0.795110 1.400000
v -1.537859 12.000000 1.500000
v -1.796678 11.965926 1.500000
v -2.037859 11.866025 1.500000
v -2.244966 11.707107 1.500000
v -2.403884 11.500000 1.500000
v -2.503785 11.258819 1.500000
v -2.537859 11.000000 1.500000
v -2.537859 -0.000000 1.500000
v -2.537859 -11.000000 1.500000
v -2.503785 -11.258819 1.500000
v -2.403884 -11.500000 1.500000
v -2.244966 -11.707107 1.500000
v -2.037859 -11.866026 1.500000
v -1.796678 -11.965926 1.500000
v -1.537859 -12.000000 1.500000
v 8.962141 -12.000000 1.500000
v 9.220960 -11.965926 1.500000
v 9.462141 -11.866026 1.500000
v 9.669248 -11.707107 1.500000
v 9.828166 -11.500000 1.500000
v 9.928067 -11.258819 1.500000
v 9.962141 -11.000000 1.500000
v 9.962141 -0.000000 1.500000
v 9.962141 11.000000 1.500000
v 9.928067 11.258819 1.500000
v 9.828166 11.500000 1.500000
v 9.669248 11.707107 1.500000
v 9.462141 11.866025 1.500000
v 9.220960 11.965926 1.500000
v 8.962141 12.000000 1.500000
v -0.205000 -6.700000 1.500000
v -0.232089 -6.905761 1.500000
v -0.311510 -7.097500 1.500000
v -0.437850 -7.262150 1.500000
v -0.602500 -7.388490 1.500000
v -0.794239 -7.467911 1.500000
v -1.000000 -7.495000 1.500000
v -1.205761 -7.467911 1.500000
v -1.397500 -7.388490 1.500000
v -1.562150 -7.262150 1.500000
v -1.688490 -7.097500 1.500000
v -1.767911 -6.905761 1.500000
v -1.795000 -6.700000 1.500000
v -1.767911 -6.494239 1.500000
v -1.688490 -6.302500 1.500000
v -1.562150 -6.137850 1.500000
v -1.397500 -6.011510 1.500000
v -1.205761 -5.932089 1.500000
v -1.000000 -5.905000 1.500000
v -0.794239 -5.932089 1.500000
v -0.602500 -6.011510 1.500000
v -0.437850 -6.137850 1.500000
v -0.311510 -6.302500 1.500000
v -0.232089 -6.494239 1.500000
v -0.215000 6.700000 1.500000
v -0.241748 6.496827 1.500000
v -0.320170 6.307500 1.500000
v -0.444921 6.144921 1.500000
v -0.607500 6.020170 1.500000
v -0.796827 5.941748 1.500000
v -1.000000 5.915000 1.500000
v -1.203173 5.941748 1.500000
v -1.392500 6.020170 1.500000
v -1.555079 6.144921 1.500000
v -1.679830 6.307500 1.500000
v -1.758252 6.496827 1.500000
v -1.785000 6.700000 1.500000
v -1.758252 6.903173 1.500000
v -1.679830 7.092500 1.500000
v -1.555079 7.255079 1.500000
v -1.392500 7.379830 1.500000
v -1.203173 7.458252 1.500000
v -1.000000 7.485000 1.500000
v -0.796827 7.458252 1.500000
v -0.607500 7.379830 1.500000
v -0.444921 7.255079 1.500000
v -0.320170 7.092500 1.500000
v -0.241748 6.903173 1.500000
v 1.455000 0.795110 1.500000
v 1.645263 0.706375 1.500000
v 1.807380 0.572987 1.500000
v 1.931102 0.403380 1.500000
v 2.008608 0.208273 1.500000
v 2.035000 0.000000 1.500000
v 2.008608 -0.208273 1.500000
v 1.931102 -0.403380 1.500000
v 1.807380 -0.572987 1.500000
v 1.645263 -0.706375 1.500000
v 1.455000 -0.795110 1.500000
v 0.754737 -0.706375 1.500000
v 0.592620 -0.572988 1.500000
v 0.468898 -0.403380 1.500000
v 0.391392 -0.208273 1.500000
v 0.365000 0.000000 1.500000
v 0.391392 0.208273 1.500000
v 0.468898 0.403380 1.500000
v 0.592620 0.572988 1.500000
v 0.754737 0.706375 1.500000
v 3.712141 4.000000 1.500000
v 3.712141 -0.382445 1.500000
v 3.712141 -4.000000 1.500000
v 3.712141 10.985000 1.500000
v 3.712141 -11.615000 1.500000
v 1.455000 -0.795110 1.400000
v 1.645263 -0.706375 1.400000
v 1.807380 -0.572987 1.400000
v 1.931102 -0.403380 1.400000
v 2.008608 -0.208273 1.400000
v 2.035000 -0.000000 1.400000
v 2.008608 0.208273 1.400000
v 1.931102 0.403380 1.400000
v 1.807380 0.572987 1.400000
v 1.645263 0.706375 1.400000
v 1.455000 0.795110 1.400000
v 0.754737 -0.706375 1.400000
v 0.592620 -0.572988 1.400000
v 0.468898 -0.403380 1.400000
v 0.391392 -0.208273 1.400000
v 0.365000 0.000000 1.400000
v 0.391392 0.208273 1.400000
v 0.468898 0.403380 1.400000
v 0.592620 0.572988 1.400000
v 0.754737 0.706375 1.400000
v 8.916948 11.093587 0.000000
v 8.941134 11.067225 0.000000
v 8.969630 11.045594 0.000000
v 9.001524 11.029386 0.000000
v 9.001524 11.029386 0.100000
v 8.969630 11.045594 0.100000
v 8.941134 11.067225 0.100000
v 8.916948 11.093587 0.100000
v 9.787223 10.715013 0.000000
v 9.787223 10.715013 0.100000
v 9.808067 10.703635 0.000000
v 9.825641 10.687663 0.000000
v 9.838954 10.667998 0.000000
v 9.847254 10.645748 0.000000
v 9.850074 10.622169 0.000000
v 9.850074 10.622169 0.100000
v 9.847254 10.645748 0.100000
v 9.838954 10.667998 0.100000
v 9.825641 10.687663 0.100000
v 9.808067 10.703635 0.100000
v 9.850000 10.400001 0.000000
v 9.850000 10.400001 0.100000
v 9.850000 0.350000 0.000000
v 9.850000 0.350000 0.100000
v 9.846593 0.324118 0.000000
v 9.836603 0.300000 0.000000
v 9.820711 0.279290 0.000000
v 9.800000 0.263398 0.000000
v 9.775882 0.253408 0.000000
v 9.750000 0.250000 0.000000
v 9.750000 0.250000 0.100000
v 9.775882 0.253408 0.100000
v 9.800000 0.263398 0.100000
v 9.820711 0.279290 0.100000
v 9.836603 0.300000 0.100000
v 9.846593 0.324118 0.100000
v 9.249342 0.250000 0.000000
v 9.249342 0.250000 0.100000
v 9.223460 0.246593 0.000000
v 9.199342 0.236603 0.000000
v 9.178631 0.220711 0.000000
v 9.162739 0.200000 0.000000
v 9.152749 0.175882 0.000000
v 9.149342 0.150000 0.000000
v 9.149342 0.150000 0.100000
v 9.152749 0.175882 0.100000
v 9.162739 0.200000 0.100000
v 9.178631 0.220711 0.100000
v 9.199342 0.236603 0.100000
v 9.223460 0.246593 0.100000
v 9.149342 -0.200000 0.000000
v 9.149342 -0.200000 0.100000
v 9.152749 -0.225882 0.000000
v 9.162739 -0.250000 0.000000
v 9.178631 -0.270710 0.000000
v 9.199342 -0.286602 0.000000
v 9.223460 -0.296592 0.000000
v 9.249342 -0.300000 0.000000
v 9.249342 -0.300000 0.100000
v 9.223460 -0.296592 0.100000
v 9.199342 -0.286602 0.100000
v 9.178631 -0.270710 0.100000
v 9.162739 -0.250000 0.100000
v 9.152749 -0.225882 0.100000
v 9.750000 -0.300000 0.000000
v 9.750000 -0.300000 0.100000
v 9.775882 -0.303407 0.000000
v 9.800000 -0.313397 0.000000
v 9.820711 -0.329289 0.000000
v 9.836603 -0.349999 0.000000
v 9.846593 -0.374117 0.000000
v 9.850000 -0.399999 0.000000
v 9.850000 -0.399999 0.100000
v 9.846593 -0.374117 0.100000
v 9.836603 -0.349999 0.100000
v 9.820711 -0.329289 0.100000
v 9.800000 -0.313397 0.100000
v 9.775882 -0.303407 0.100000
v 9.850053 -10.409920 0.000000
v 9.850053 -10.409920 0.100000
v 9.850053 -10.622021 0.000000
v 9.850053 -10.622021 0.100000
v 9.847234 -10.645600 0.000000
v 9.838933 -10.667850 0.000000
v 9.825621 -10.687515 0.000000
v 9.808047 -10.703487 0.000000
v 9.787202 -10.714864 0.000000
v 9.787202 -10.714864 0.100000
v 9.808047 -10.703487 0.100000
v 9.825621 -10.687515 0.100000
v 9.838933 -10.667850 0.100000
v 9.847234 -10.645600 0.100000
v 9.001504 -11.029238 0.000000
v 9.001504 -11.029238 0.100000
v 8.969610 -11.045446 0.000000
v 8.941114 -11.067077 0.000000
v 8.916928 -11.093439 0.000000
v 8.916928 -11.093439 0.100000
v 8.941114 -11.067077 0.100000
v 8.969610 -11.045446 0.100000
v 8.345331 -11.840940 0.000000
v 8.345331 -11.840940 0.100000
v 8.321495 -11.865644 0.000000
v 8.292667 -11.884282 0.000000
v 8.260357 -11.895878 0.000000
v 8.226256 -11.899825 0.000000
v 8.226256 -11.899825 0.100000
v 8.260357 -11.895878 0.100000
v 8.292667 -11.884282 0.100000
v 8.321495 -11.865644 0.100000
v 7.900000 -11.900000 0.000000
v 7.900000 -11.900000 0.100000
v -1.300000 -11.900000 0.000000
v -1.300000 -11.900000 0.100000
v -1.364705 -11.891481 0.000000
v -1.425000 -11.866506 0.000000
v -1.476777 -11.826777 0.000000
v -1.516506 -11.775000 0.000000
v -1.541481 -11.714705 0.000000
v -1.550000 -11.650000 0.000000
v -1.550000 -11.650000 0.100000
v -1.541481 -11.714705 0.100000
v -1.516506 -11.775000 0.100000
v -1.476777 -11.826777 0.100000
v -1.425000 -11.866506 0.100000
v -1.364705 -11.891481 0.100000
v -1.550000 -11.050000 0.000000
v -1.550000 -11.050000 0.100000
v -1.558519 -10.985295 0.000000
v -1.583494 -10.925000 0.000000
v -1.623223 -10.873223 0.000000
v -1.675000 -10.833493 0.000000
v -1.735295 -10.808518 0.000000
v -1.800000 -10.800000 0.000000
v -1.800000 -10.800000 0.100000
v -1.735295 -10.808518 0.100000
v -1.675000 -10.833493 0.100000
v -1.623223 -10.873223 0.100000
v -1.583494 -10.925000 0.100000
v -1.558519 -10.985295 0.100000
v -2.200000 -10.800000 0.000000
v -2.200000 -10.800000 0.100000
v -2.264705 -10.791481 0.000000
v -2.325000 -10.766506 0.000000
v -2.376777 -10.726777 0.000000
v -2.416506 -10.675000 0.000000
v -2.441481 -10.614705 0.000000
v -2.450000 -10.550000 0.000000
v -2.450000 -10.550000 0.100000
v -2.441481 -10.614705 0.100000
v -2.416506 -10.675000 0.100000
v -2.376777 -10.726777 0.100000
v -2.325000 -10.766506 0.100000
v -2.264705 -10.791481 0.100000
v -2.450000 -10.310000 0.000000
v -2.450000 -10.310000 0.100000
v -2.450000 -0.451945 0.000000
v -2.450000 -0.451945 0.100000
v -2.443185 -0.400182 0.000000
v -2.423205 -0.351945 0.000000
v -2.391421 -0.310524 0.000000
v -2.350000 -0.278740 0.000000
v -2.301764 -0.258760 0.000000
v -2.250000 -0.251945 0.000000
v -2.250000 -0.251945 0.100000
v -2.301764 -0.258760 0.100000
v -2.350000 -0.278740 0.100000
v -2.391421 -0.310524 0.100000
v -2.423205 -0.351945 0.100000
v -2.443185 -0.400182 0.100000
v -1.995709 -0.251945 0.000000
v -1.995709 -0.251945 0.100000
v -1.943945 -0.245131 0.000000
v -1.895709 -0.225151 0.000000
v -1.854287 -0.193367 0.000000
v -1.822504 -0.151945 0.000000
v -1.802524 -0.103709 0.000000
v -1.795709 -0.051945 0.000000
v -1.795709 -0.051945 0.100000
v -1.802524 -0.103709 0.100000
v -1.822504 -0.151945 0.100000
v -1.854287 -0.193367 0.100000
v -1.895709 -0.225151 0.100000
v -1.943945 -0.245131 0.100000
v -1.795709 0.060000 0.000000
v -1.795709 0.060000 0.100000
v -1.802524 0.111764 0.000000
v -1.822504 0.160000 0.000000
v -1.854287 0.201422 0.000000
v -1.895709 0.233205 0.000000
v -1.943945 0.253186 0.000000
v -1.995709 0.260000 0.000000
v -1.995709 0.260000 0.100000
v -1.943945 0.253186 0.100000
v -1.895709 0.233205 0.100000
v -1.854287 0.201422 0.100000
v -1.822504 0.160000 0.100000
v -1.802524 0.111764 0.100000
v -2.250000 0.260000 0.000000
v -2.250000 0.260000 0.100000
v -2.301764 0.266815 0.000000
v -2.350000 0.286795 0.000000
v -2.391421 0.318579 0.000000
v -2.423205 0.360000 0.000000
v -2.443185 0.408237 0.000000
v -2.450000 0.460000 0.000000
v -2.450000 0.460000 0.100000
v -2.443185 0.408237 0.100000
v -2.423205 0.360000 0.100000
v -2.391421 0.318579 0.100000
v -2.350000 0.286795 0.100000
v -2.301764 0.266815 0.100000
v -2.450000 10.300001 0.000000
v -2.450000 10.300001 0.100000
v -2.350000 10.300001 0.000000
v -2.350000 10.300001 0.100000
v -2.350000 0.551901 0.000000
v -2.350000 0.551901 0.100000
v -2.343185 0.500138 0.000000
v -2.323205 0.451901 0.000000
v -2.291421 0.410480 0.000000
v -2.250000 0.378696 0.000000
v -2.201764 0.358716 0.000000
v -2.150000 0.351901 0.000000
v -2.150000 0.351901 0.100000
v -2.201764 0.358716 0.100000
v -2.250000 0.378696 0.100000
v -2.291421 0.410480 0.100000
v -2.323205 0.451901 0.100000
v -2.343185 0.500138 0.100000
v -1.895709 0.351901 0.000000
v -1.895709 0.351901 0.100000
v -1.843945 0.345087 0.000000
v -1.795709 0.325107 0.000000
v -1.754287 0.293323 0.000000
v -1.722504 0.251901 0.000000
v -1.702524 0.203665 0.000000
v -1.695709 0.151901 0.000000
v -1.695709 0.151901 0.100000
v -1.702524 0.203665 0.100000
v -1.722504 0.251901 0.100000
v -1.754287 0.293323 0.100000
v -1.795709 0.325107 0.100000
v -1.843945 0.345087 0.100000
v -1.695709 -0.150000 0.000000
v -1.695709 -0.150000 0.100000
v -1.702524 -0.201763 0.000000
v -1.722504 -0.250000 0.000000
v -1.754287 -0.291421 0.000000
v -1.795709 -0.323205 0.000000
v -1.843945 -0.343185 0.000000
v -1.895709 -0.350000 0.000000
v -1.895709 -0.350000 0.100000
v -1.843945 -0.343185 0.100000
v -1.795709 -0.323205 0.100000
v -1.754287 -0.291421 0.100000
v -1.722504 -0.250000 0.100000
v -1.702524 -0.201763 0.100000
v -2.250000 -0.350000 0.000000
v -2.250000 -0.350000 0.100000
v -2.275882 -0.353407 0.000000
v -2.300000 -0.363397 0.000000
v -2.320711 -0.379289 0.000000
v -2.336603 -0.400000 0.000000
v -2.346593 -0.424118 0.000000
v -2.350000 -0.450000 0.000000
v -2.350000 -0.450000 0.100000
v -2.346593 -0.424118 0.100000
v -2.336603 -0.400000 0.100000
v -2.320711 -0.379289 0.100000
v -2.300000 -0.363397 0.100000
v -2.275882 -0.353407 0.100000
v -2.350000 -10.450000 0.000000
v -2.350000 -10.450000 0.100000
v -2.341481 -10.514705 0.000000
v -2.316506 -10.575000 0.000000
v -2.276777 -10.626777 0.000000
v -2.225000 -10.666506 0.000000
v -2.164705 -10.691481 0.000000
v -2.100000 -10.700000 0.000000
v -2.100000 -10.700000 0.100000
v -2.164705 -10.691481 0.100000
v -2.225000 -10.666506 0.100000
v -2.276777 -10.626777 0.100000
v -2.316506 -10.575000 0.100000
v -2.341481 -10.514705 0.100000
v -1.700000 -10.700000 0.000000
v -1.700000 -10.700000 0.100000
v -1.635295 -10.708518 0.000000
v -1.575000 -10.733493 0.000000
v -1.523223 -10.773223 0.000000
v -1.483494 -10.825000 0.000000
v -1.458519 -10.885295 0.000000
v -1.450000 -10.950000 0.000000
v -1.450000 -10.950000 0.100000
v -1.458519 -10.885295 0.100000
v -1.483494 -10.825000 0.100000
v -1.523223 -10.773223 0.100000
v -1.575000 -10.733493 0.100000
v -1.635295 -10.708518 0.100000
v -1.450000 -11.550000 0.000000
v -1.450000 -11.550000 0.100000
v -1.441481 -11.614705 0.000000
v -1.416506 -11.675000 0.000000
v -1.376777 -11.726777 0.000000
v -1.325000 -11.766506 0.000000
v -1.264705 -11.791481 0.000000
v -1.200000 -11.800000 0.000000
v -1.200000 -11.800000 0.100000
v -1.264705 -11.791481 0.100000
v -1.325000 -11.766506 0.100000
v -1.376777 -11.726777 0.100000
v -1.416506 -11.675000 0.100000
v -1.441481 -11.614705 0.100000
v 7.900000 -11.800000 0.000000
v 7.900000 -11.800000 0.100000
v 8.129584 -11.799848 0.000000
v 8.129584 -11.799848 0.100000
v 8.162361 -11.796201 0.000000
v 8.193548 -11.785480 0.000000
v 8.221639 -11.768203 0.000000
v 8.245275 -11.745204 0.000000
v 8.245275 -11.745204 0.100000
v 8.221639 -11.768203 0.100000
v 8.193548 -11.785480 0.100000
v 8.162361 -11.796201 0.100000
v 8.863906 -10.994001 0.000000
v 8.863906 -10.994001 0.100000
v 8.887201 -10.970096 0.000000
v 8.914147 -10.950397 0.000000
v 8.943995 -10.935454 0.000000
v 8.943995 -10.935454 0.100000
v 8.914147 -10.950397 0.100000
v 8.887201 -10.970096 0.100000
v 9.749981 -10.612963 0.000000
v 9.749981 -10.612963 0.100000
v 9.749981 -0.500000 0.000000
v 9.749981 -0.500000 0.100000
v 9.746574 -0.474118 0.000000
v 9.736584 -0.450000 0.000000
v 9.720692 -0.429289 0.000000
v 9.699981 -0.413397 0.000000
v 9.675863 -0.403407 0.000000
v 9.649981 -0.400000 0.000000
v 9.649981 -0.400000 0.100000
v 9.675863 -0.403407 0.100000
v 9.699981 -0.413397 0.100000
v 9.720692 -0.429289 0.100000
v 9.736584 -0.450000 0.100000
v 9.746574 -0.474118 0.100000
v 9.151926 -0.400000 0.000000
v 9.151926 -0.400000 0.100000
v 9.126044 -0.396592 0.000000
v 9.101926 -0.386602 0.000000
v 9.081215 -0.370710 0.000000
v 9.065323 -0.350000 0.000000
v 9.055333 -0.325882 0.000000
v 9.051926 -0.300000 0.000000
v 9.051926 -0.300000 0.100000
v 9.055333 -0.325882 0.100000
v 9.065323 -0.350000 0.100000
v 9.081215 -0.370710 0.100000
v 9.101926 -0.386602 0.100000
v 9.126044 -0.396592 0.100000
v 9.051926 0.250000 0.000000
v 9.051926 0.250000 0.100000
v 9.055333 0.275882 0.000000
v 9.065323 0.300000 0.000000
v 9.081215 0.320711 0.000000
v 9.101926 0.336603 0.000000
v 9.126044 0.346593 0.000000
v 9.151926 0.350000 0.000000
v 9.151926 0.350000 0.100000
v 9.126044 0.346593 0.100000
v 9.101926 0.336603 0.100000
v 9.081215 0.320711 0.100000
v 9.065323 0.300000 0.100000
v 9.055333 0.275882 0.100000
v 9.650000 0.350000 0.000000
v 9.650000 0.350000 0.100000
v 9.675882 0.353408 0.000000
v 9.700000 0.363398 0.000000
v 9.720711 0.379290 0.000000
v 9.736603 0.400000 0.000000
v 9.746593 0.424118 0.000000
v 9.750000 0.450000 0.000000
v 9.750000 0.450000 0.100000
v 9.746593 0.424118 0.100000
v 9.736603 0.400000 0.100000
v 9.720711 0.379290 0.100000
v 9.700000 0.363398 0.100000
v 9.675882 0.353408 0.100000
v 9.750000 10.400001 0.000000
v 9.750000 10.400001 0.100000
v 9.750002 10.613111 0.000000
v 9.750002 10.613111 0.100000
v 8.944015 10.935602 0.000000
v 8.944015 10.935602 0.100000
v 8.914168 10.950545 0.000000
v 8.887221 10.970244 0.000000
v 8.863926 10.994149 0.000000
v 8.863926 10.994149 0.100000
v 8.887221 10.970244 0.100000
v 8.914168 10.950545 0.100000
v 8.245296 11.745352 0.000000
v 8.245296 11.745352 0.100000
v 8.221640 11.768366 0.000000
v 8.193524 11.785649 0.000000
v 8.162309 11.796366 0.000000
v 8.129505 11.799997 0.000000
v 8.129505 11.799997 0.100000
v 8.162309 11.796366 0.100000
v 8.193524 11.785649 0.100000
v 8.221640 11.768366 0.100000
v 7.700000 11.799997 0.000000
v 7.700000 11.799997 0.100000
v 7.700000 11.800001 0.000000
v 7.700000 11.800001 0.100000
v 7.900000 11.800001 0.000000
v 7.900000 11.800001 0.100000
v 7.900000 11.899973 0.000000
v 7.900000 11.899973 0.100000
v 8.226196 11.899973 0.000000
v 8.226196 11.899973 0.100000
v 8.260318 11.896040 0.000000
v 8.292651 11.884448 0.000000
v 8.321500 11.865805 0.000000
v 8.345351 11.841088 0.000000
v 8.345351 11.841088 0.100000
v 8.321500 11.865805 0.100000
v 8.292651 11.884448 0.100000
v 8.260318 11.896040 0.100000
v -1.700000 -0.598226 -0.000000
v -1.648236 -0.591411 -0.000000
v -1.600000 -0.571431 -0.000000
v -1.558578 -0.539647 -0.000000
v -1.526795 -0.498226 -0.000000
v -1.506815 -0.449989 -0.000000
v -1.500000 -0.398226 -0.000000
v -1.500000 0.400000 -0.000000
v -1.506815 0.451764 -0.000000
v -1.526795 0.500000 -0.000000
v -1.558578 0.541421 -0.000000
v -1.600000 0.573205 -0.000000
v -1.648236 0.593185 -0.000000
v -1.700000 0.600000 -0.000000
v -2.237859 0.600000 -0.000000
v -2.237859 -0.598226 -0.000000
v -2.237859 -10.500000 0.000000
v 9.662141 10.489153 -0.000000
v 8.992393 10.680510 -0.000000
v 8.100000 11.700000 -0.000000
v 8.893509 10.744999 -0.000000
v 8.921926 10.717019 -0.000000
v 8.955330 10.695234 -0.000000
v 8.955330 10.695234 0.600000
v 8.921926 10.717019 0.600000
v -2.537859 11.000000 0.000000
v -2.503785 11.258819 0.000000
v -2.403884 11.500000 0.000000
v -2.244966 11.707107 0.000000
v -2.037859 11.866025 0.000000
v -1.796678 11.965926 0.000000
v -1.537859 12.000000 0.000000
v 8.962141 12.000000 0.000000
v 9.220960 11.965926 0.000000
v 9.462141 11.866025 0.000000
v 9.669248 11.707107 0.000000
v 9.828166 11.500000 0.000000
v 9.928067 11.258819 0.000000
v 9.962141 11.000000 0.000000
v 9.962141 -0.000000 0.000000
v 9.962141 -11.000000 0.000000
v 9.928067 -11.258819 0.000000
v 9.828166 -11.500000 0.000000
v 9.669248 -11.707107 0.000000
v 9.462141 -11.866026 0.000000
v 9.220960 -11.965926 0.000000
v 8.962141 -12.000000 0.000000
v -1.537859 -12.000000 0.000000
v -1.796678 -11.965926 0.000000
v -2.037859 -11.866026 0.000000
v -2.244966 -11.707107 0.000000
v -2.403884 -11.500000 0.000000
v -2.503785 -11.258819 0.000000
v -2.537859 -11.000000 0.000000
v -2.537859 -0.000000 0.000000
v -1.537859 11.700000 0.000000
v -1.564921 11.699477 0.000000
v -1.591942 11.697907 0.000000
v -1.618882 11.695295 -0.000000
v -1.275824 11.695295 -0.000000
v -1.275824 10.695295 -0.000000
v -1.282639 10.643531 -0.000000
v -1.302619 10.595295 -0.000000
v -1.334403 10.553874 -0.000000
v -1.375824 10.522090 -0.000000
v -1.424061 10.502110 -0.000000
v -1.475824 10.495295 -0.000000
v -2.237859 10.495295 -0.000000
v -1.675824 -10.500000 -0.000000
v -1.572297 -10.513630 -0.000000
v -1.475824 -10.553590 -0.000000
v -1.392982 -10.617157 -0.000000
v -1.329414 -10.700000 -0.000000
v -1.289454 -10.796473 -0.000000
v -1.275824 -10.900000 -0.000000
v -1.275824 -11.700000 -0.000000
v 8.100000 -11.700000 -0.000000
v 8.893819 -10.749331 -0.000000
v 8.922179 -10.721522 -0.000000
v 8.955474 -10.699865 -0.000000
v 8.992393 -10.685215 -0.000000
v 9.662141 -10.493858 0.000000
v 9.662141 -0.594108 -0.000000
v 9.150000 -0.594108 -0.000000
v 9.098237 -0.587294 -0.000000
v 9.050000 -0.567314 -0.000000
v 9.008579 -0.535530 -0.000000
v 8.976795 -0.494108 -0.000000
v 8.956815 -0.445872 -0.000000
v 8.950000 -0.394108 -0.000000
v 8.950000 0.400000 -0.000000
v 8.956815 0.451764 -0.000000
v 8.976795 0.500000 -0.000000
v 9.008579 0.541421 -0.000000
v 9.050000 0.573205 -0.000000
v 9.098237 0.593185 -0.000000
v 9.150000 0.600000 -0.000000
v 9.662141 0.600000 -0.000000
v 3.712141 -11.700000 0.000000
v 8.922179 -10.721522 0.600000
v 8.955474 -10.699865 0.600000
vt -0.600000 0.000000 0.000000
vt -0.000000 0.000000 0.000000
vt -0.600000 0.300000 0.000000
vt -0.000000 0.300000 0.000000
vt -0.600000 0.000000 0.000000
vt 0.000000 0.000000 0.000000
vt -0.600000 0.300000 0.000000
vt 0.000000 0.300000 0.000000
vt -0.600000 0.000000 0.000000
vt -0.000000 0.000000 0.000000
vt -0.600000 0.300000 0.000000
vt -0.000000 0.300000 0.000000
vt -0.600000 0.000000 0.000000
vt 0.000000 0.000000 0.000000
vt -0.600000 0.300000 0.000000
vt 0.000000 0.300000 0.000000
vt -0.600000 0.000000 0.000000
vt 0.000000 0.000000 0.000000
vt -0.600000 0.300000 0.000000
vt 0.000000 0.300000 0.000000
vt -0.600000 0.000000 0.000000
vt 0.000000 0.000000 0.000000
vt -0.600000 0.300000 0.000000
vt 0.000000 0.300000 0.000000
vt -0.289778 -0.077646 0.000000
vt -0.300000 -0.000000 0.000000
vt -0.599962 0.006787 0.000000
vt -0.289778 0.077646 0.000000
vt -0.259808 0.150000 0.000000
vt -0.294103 0.522975 0.000000
vt -0.212132 0.212132 0.000000
vt -0.150000 0.259808 0.000000
vt -0.077646 0.289778 0.000000
vt 0.000000 0.300000 0.000000
vt 0.305858 0.516189 0.000000
vt 0.077646 0.289778 0.000000
vt 0.150000 0.259808 0.000000
vt 0.212132 0.212132 0.000000
vt 0.259808 0.150000 0.000000
vt 0.599962 -0.006787 0.000000
vt 0.289778 0.077646 0.000000
vt 0.300000 -0.000000 0.000000
vt 0.289778 -0.077646 0.000000
vt 0.259808 -0.150000 0.000000
vt 0.294103 -0.522975 0.000000
vt 0.212132 -0.212132 0.000000
vt 0.150000 -0.259808 0.000000
vt 0.077646 -0.289778 0.000000
vt 0.000000 -0.300000 0.000000
vt -0.305858 -0.516189 0.000000
vt -0.077646 -0.289778 0.000000
vt -0.150000 -0.259808 0.000000
vt -0.212132 -0.212132 0.000000
vt -0.259808 -0.150000 0.000000
vt 0.450000 0.282843 0.000000
vt -0.150000 0.282843 0.000000
vt 0.450000 -0.282843 0.000000
vt -0.150000 -0.282843 0.000000
vt 1.500000 0.000000 0.000000
vt 1.100000 0.400000 0.000000
vt -0.000000 0.000000 0.000000
vt 0.000000 0.400000 0.000000
vt 0.494103 -0.522975 0.000000
vt 1.000000 -0.400000 0.000000
vt 0.799962 -0.006787 0.000000
vt 1.000000 0.300000 0.000000
vt 0.505858 0.516189 0.000000
vt 1.000000 1.000000 0.000000
vt 0.300000 1.000000 0.000000
vt -0.105858 -0.516189 0.000000
vt 0.300000 -1.000000 0.000000
vt 1.000000 -1.000000 0.000000
vt -0.399962 0.006787 0.000000
vt -1.000000 -0.400000 0.000000
vt -0.300000 -1.000000 0.000000
vt 0.300000 -2.100000 0.000000
vt -0.300000 -2.100000 0.000000
vt -1.000000 0.300000 0.000000
vt -0.094103 0.522975 0.000000
vt -0.300000 1.000000 0.000000
vt -0.300000 2.100000 0.000000
vt 0.300000 2.100000 0.000000
vt -1.000000 1.000000 0.000000
vt -1.900000 0.300000 0.000000
vt -1.900000 -0.400000 0.000000
vt -1.000000 -1.000000 0.000000
vt 1.900000 -0.400000 0.000000
vt 1.900000 0.300000 0.000000
vt 0.282843 0.550000 0.000000
vt -0.282843 0.550000 0.000000
vt 0.282843 -0.150000 0.000000
vt -0.282843 -0.150000 0.000000
vt 1.300000 0.000000 0.000000
vt 0.900000 0.400000 0.000000
vt 0.000000 0.000000 0.000000
vt 0.000000 0.400000 0.000000
vt -0.450000 -0.282843 0.000000
vt 0.150000 -0.282843 0.000000
vt -0.450000 0.282843 0.000000
vt 0.150000 0.282843 0.000000
vt 1.500000 0.000000 0.000000
vt 1.100000 0.400000 0.000000
vt 0.000000 0.000000 0.000000
vt 0.000000 0.400000 0.000000
vt -0.282843 -0.500000 0.000000
vt 0.282843 -0.500000 0.000000
vt -0.282843 0.200000 0.000000
vt 0.282843 0.200000 0.000000
vt -0.000000 0.000000 0.000000
vt 1.300000 0.000000 0.000000
vt 0.400000 0.400000 0.000000
vt 1.300000 0.400000 0.000000
vt 0.000000 0.000000 0.000000
vt 1.500000 0.000000 0.000000
vt 0.400000 0.400000 0.000000
vt 1.500000 0.400000 0.000000
vt 1.300000 0.000000 0.000000
vt 2.000000 0.000000 0.000000
vt 1.300000 0.400000 0.000000
vt 2.000000 0.400000 0.000000
vt 1.300000 0.000000 0.000000
vt 0.900000 0.400000 0.000000
vt 0.000000 0.000000 0.000000
vt 0.000000 0.400000 0.000000
vt 1.300000 0.000000 0.000000
vt 2.000000 0.000000 0.000000
vt 1.300000 0.400000 0.000000
vt 2.000000 0.400000 0.000000
vt 0.600000 0.400000 0.000000
vt 0.000000 0.400000 0.000000
vt 0.600000 0.000000 0.000000
vt -0.000000 0.000000 0.000000
vt 0.000000 0.000000 0.000000
vt 1.300000 0.000000 0.000000
vt 0.400000 0.400000 0.000000
vt 1.300000 0.400000 0.000000
vt 1.400000 0.000000 0.000000
vt 2.000000 0.000000 0.000000
vt 1.400000 0.400000 0.000000
vt 2.000000 0.400000 0.000000
vt -0.000000 0.000000 0.000000
vt 1.500000 0.000000 0.000000
vt 0.400000 0.400000 0.000000
vt 1.500000 0.400000 0.000000
vt 2.412141 -1.000000 0.000000
vt 1.712141 -1.000000 0.000000
vt 2.412141 -2.500000 0.000000
vt 0.412141 -0.300000 0.000000
vt -5.337859 -0.567313 0.000000
vt -5.296438 -0.535530 0.000000
vt -5.264654 -0.494108 0.000000
vt -5.244674 -0.445872 0.000000
vt -5.237859 -0.394108 0.000000
vt -5.237859 0.400000 0.000000
vt 0.412141 0.400000 0.000000
vt -5.244674 0.451764 0.000000
vt -5.264654 0.500000 0.000000
vt -5.296438 0.541422 0.000000
vt -5.337859 0.573205 0.000000
vt 2.412141 2.500000 0.000000
vt -5.243189 10.695234 0.000000
vt -5.209785 10.717019 0.000000
vt 3.927141 6.700000 0.000000
vt -5.181368 10.744999 0.000000
vt 3.953889 6.903173 0.000000
vt -4.387859 11.700000 0.000000
vt 4.032311 7.092500 0.000000
vt 4.994780 10.643531 0.000000
vt 4.157062 7.255079 0.000000
vt 5.014760 10.595295 0.000000
vt 4.319641 7.379830 0.000000
vt 5.046544 10.553874 0.000000
vt 4.508968 7.458252 0.000000
vt 5.087965 10.522090 0.000000
vt 4.712141 7.485000 0.000000
vt 5.136202 10.502110 0.000000
vt 5.187965 10.495295 0.000000
vt 4.915314 7.458252 0.000000
vt 5.950000 10.495295 0.000000
vt 5.104641 7.379830 0.000000
vt 5.267220 7.255079 0.000000
vt 1.712141 -0.300000 0.000000
vt 1.712141 0.400000 0.000000
vt 1.712141 1.000000 0.000000
vt 2.412141 1.000000 0.000000
vt 3.012141 2.500000 0.000000
vt 4.157062 6.144921 0.000000
vt 4.032311 6.307500 0.000000
vt 3.953889 6.496827 0.000000
vt 3.012141 1.000000 0.000000
vt 3.712141 1.000000 0.000000
vt 5.360377 0.593185 0.000000
vt 5.412141 0.600000 0.000000
vt 3.712141 0.400000 0.000000
vt 5.012141 0.400000 0.000000
vt 5.270719 0.541422 0.000000
vt 5.312141 0.573205 0.000000
vt 5.012141 -0.300000 0.000000
vt 5.212141 0.400000 0.000000
vt 5.218956 0.451764 0.000000
vt 5.238936 0.500000 0.000000
vt 3.712141 -0.300000 0.000000
vt 3.712141 -1.000000 0.000000
vt 5.238936 -0.498225 0.000000
vt 5.218956 -0.449989 0.000000
vt 3.012141 -1.000000 0.000000
vt 3.012141 -2.500000 0.000000
vt 5.360377 -0.591411 0.000000
vt 5.312141 -0.571430 0.000000
vt 4.149991 -6.137850 0.000000
vt 4.314641 -6.011510 0.000000
vt 4.506380 -5.932089 0.000000
vt 4.915314 5.941748 0.000000
vt 5.950000 0.600000 0.000000
vt 5.104641 6.020170 0.000000
vt 5.267220 6.144921 0.000000
vt 5.391971 6.307500 0.000000
vt 5.470393 6.496827 0.000000
vt 5.497141 6.700000 0.000000
vt 5.470393 6.903173 0.000000
vt 5.391971 7.092500 0.000000
vt 4.987965 10.695295 0.000000
vt 4.987965 11.695295 0.000000
vt 5.250000 11.700000 0.000000
vt 5.331023 11.695295 0.000000
vt 5.304083 11.697908 0.000000
vt 5.277062 11.699477 0.000000
vt -5.280252 10.680510 0.000000
vt -5.386096 0.593185 0.000000
vt -5.950000 10.489153 0.000000
vt -5.437859 0.600000 0.000000
vt -5.950000 0.600000 0.000000
vt -5.386096 -0.587293 0.000000
vt -5.280252 -10.685215 0.000000
vt -5.243333 -10.699865 0.000000
vt -5.210038 -10.721521 0.000000
vt 3.917141 -6.700000 0.000000
vt -5.181678 -10.749331 0.000000
vt 3.944230 -6.905761 0.000000
vt -4.387859 -11.700000 0.000000
vt 4.023651 -7.097500 0.000000
vt 5.001595 -10.796472 0.000000
vt 4.149991 -7.262150 0.000000
vt 5.041555 -10.700000 0.000000
vt 4.314641 -7.388490 0.000000
vt 5.105123 -10.617157 0.000000
vt 4.506380 -7.467911 0.000000
vt 5.187965 -10.553590 0.000000
vt 4.712141 -7.495000 0.000000
vt 5.284438 -10.513630 0.000000
vt 4.917902 -7.467911 0.000000
vt 5.387965 -10.500000 0.000000
vt 5.109641 -7.388490 0.000000
vt 5.950000 -10.500000 0.000000
vt 5.274291 -7.262150 0.000000
vt 5.400631 -7.097500 0.000000
vt 5.480052 -6.905761 0.000000
vt 5.507141 -6.700000 0.000000
vt 5.950000 -0.598225 0.000000
vt 5.480052 -6.494239 0.000000
vt 5.400631 -6.302500 0.000000
vt 5.274291 -6.137850 0.000000
vt 5.109641 -6.011510 0.000000
vt 4.917902 -5.932089 0.000000
vt 5.412141 -0.598225 0.000000
vt -5.950000 -10.493858 0.000000
vt -5.437859 -0.594108 0.000000
vt -5.950000 -0.594108 0.000000
vt 4.987965 -11.700000 0.000000
vt 4.987965 -10.900000 0.000000
vt 5.270719 -0.539647 0.000000
vt 5.212141 -0.398225 0.000000
vt 3.944230 -6.494239 0.000000
vt 4.023651 -6.302500 0.000000
vt 4.712141 -5.905000 0.000000
vt 4.712141 5.915000 0.000000
vt 4.508968 5.941748 0.000000
vt 4.319641 6.020170 0.000000
vt 0.700000 0.400000 0.000000
vt 0.000000 0.400000 0.000000
vt 0.700000 0.000000 0.000000
vt 0.000000 0.000000 0.000000
vt 0.700000 0.400000 0.000000
vt 0.000000 0.400000 0.000000
vt 0.700000 0.000000 0.000000
vt 0.000000 0.000000 0.000000
vt 0.700000 0.400000 0.000000
vt 0.000000 0.400000 0.000000
vt 0.700000 0.000000 0.000000
vt -0.000000 0.000000 0.000000
vt 1.300000 0.000000 0.000000
vt 2.000000 0.000000 0.000000
vt 1.300000 0.400000 0.000000
vt 2.000000 0.400000 0.000000
vt -0.102530 -0.063486 0.000000
vt 0.102530 -0.063486 0.000000
vt -0.102530 0.000000 0.000000
vt 0.102530 0.000000 0.000000
vt -0.102530 0.063486 0.000000
vt 0.102530 0.063486 0.000000
vt -0.102530 0.126973 0.000000
vt 0.102530 0.126973 0.000000
vt -0.102530 0.190459 0.000000
vt 0.102530 0.190459 0.000000
vt -0.102530 0.253945 0.000000
vt 0.102530 0.253945 0.000000
vt -0.102530 0.317432 0.000000
vt 0.102530 0.317432 0.000000
vt -0.102530 0.380918 0.000000
vt 0.102530 0.380918 0.000000
vt -0.102530 0.444404 0.000000
vt 0.102530 0.444404 0.000000
vt -0.102530 0.507891 0.000000
vt 0.102530 0.507891 0.000000
vt -0.102530 0.571377 0.000000
vt 0.102530 0.571377 0.000000
vt -0.102530 0.634864 0.000000
vt 0.102530 0.634864 0.000000
vt -0.102530 0.698350 0.000000
vt 0.102530 0.698350 0.000000
vt -0.102530 0.761836 0.000000
vt 0.102530 0.761836 0.000000
vt -0.102530 -0.761836 0.000000
vt 0.102530 -0.761836 0.000000
vt -0.102530 -0.698350 0.000000
vt 0.102530 -0.698350 0.000000
vt -0.102530 -0.634864 0.000000
vt 0.102530 -0.634864 0.000000
vt -0.102530 -0.571377 0.000000
vt 0.102530 -0.571377 0.000000
vt -0.102530 -0.507891 0.000000
vt 0.102530 -0.507891 0.000000
vt -0.102530 -0.444404 0.000000
vt 0.102530 -0.444404 0.000000
vt -0.102530 -0.380918 0.000000
vt 0.102530 -0.380918 0.000000
vt -0.102530 -0.317432 0.000000
vt 0.102530 -0.317432 0.000000
vt -0.102530 -0.253945 0.000000
vt 0.102530 -0.253945 0.000000
vt -0.102530 -0.190459 0.000000
vt 0.102530 -0.190459 0.000000
vt -0.102530 -0.126973 0.000000
vt 0.102530 -0.126973 0.000000
vt -0.605000 -0.044506 0.000000
vt 0.072500 -0.044506 0.000000
vt -0.605000 0.000000 0.000000
vt 0.072500 0.000000 0.000000
vt -0.605000 0.044506 0.000000
vt 0.072500 0.044506 0.000000
vt -0.605000 0.089012 0.000000
vt 0.072500 0.089012 0.000000
vt -0.605000 0.133518 0.000000
vt 0.072500 0.133518 0.000000
vt -0.605000 0.178024 0.000000
vt 0.072500 0.178024 0.000000
vt -0.605000 0.222529 0.000000
vt 0.072500 0.222529 0.000000
vt -0.605000 0.267035 0.000000
vt 0.072500 0.267035 0.000000
vt -0.605000 0.311541 0.000000
vt 0.072500 0.311541 0.000000
vt -0.605000 0.356047 0.000000
vt 0.072500 0.356047 0.000000
vt -0.605000 0.400553 0.000000
vt 0.072500 0.400553 0.000000
vt -0.605000 0.445059 0.000000
vt 0.072500 0.445059 0.000000
vt -0.605000 0.489565 0.000000
vt 0.072500 0.489565 0.000000
vt -0.605000 0.534071 0.000000
vt 0.072500 0.534071 0.000000
vt -0.605000 -0.534071 0.000000
vt 0.072500 -0.534071 0.000000
vt -0.605000 -0.489565 0.000000
vt 0.072500 -0.489565 0.000000
vt -0.605000 -0.445059 0.000000
vt 0.072500 -0.445059 0.000000
vt -0.605000 -0.400553 0.000000
vt 0.072500 -0.400553 0.000000
vt -0.605000 -0.356047 0.000000
vt 0.072500 -0.356047 0.000000
vt -0.605000 -0.311541 0.000000
vt 0.072500 -0.311541 0.000000
vt -0.605000 -0.267035 0.000000
vt 0.072500 -0.267035 0.000000
vt -0.605000 -0.222529 0.000000
vt 0.072500 -0.222529 0.000000
vt -0.605000 -0.178024 0.000000
vt 0.072500 -0.178024 0.000000
vt -0.605000 -0.133518 0.000000
vt 0.072500 -0.133518 0.000000
vt -0.605000 -0.089012 0.000000
vt 0.072500 -0.089012 0.000000
vt 0.750000 0.044506 0.000000
vt 0.750000 0.000000 0.000000
vt 0.750000 -0.044506 0.000000
vt 0.750000 -0.089012 0.000000
vt 0.750000 -0.133518 0.000000
vt 0.750000 -0.178024 0.000000
vt 0.750000 -0.222529 0.000000
vt 0.750000 -0.267035 0.000000
vt 0.750000 -0.311541 0.000000
vt 0.750000 -0.356047 0.000000
vt 0.750000 -0.400553 0.000000
vt 0.750000 -0.445059 0.000000
vt 0.750000 -0.489565 0.000000
vt 0.750000 -0.534071 0.000000
vt 0.750000 0.534071 0.000000
vt 0.750000 0.489565 0.000000
vt 0.750000 0.445059 0.000000
vt 0.750000 0.400553 0.000000
vt 0.750000 0.356047 0.000000
vt 0.750000 0.311541 0.000000
vt 0.750000 0.267035 0.000000
vt 0.750000 0.222529 0.000000
vt 0.750000 0.178024 0.000000
vt 0.750000 0.133518 0.000000
vt 0.750000 0.089012 0.000000
vt -0.102530 -0.063486 0.000000
vt 0.102530 -0.063486 0.000000
vt -0.102530 0.000000 0.000000
vt 0.102530 0.000000 0.000000
vt -0.102530 0.063486 0.000000
vt 0.102530 0.063486 0.000000
vt -0.102530 0.126973 0.000000
vt 0.102530 0.126973 0.000000
vt -0.102530 0.190459 0.000000
vt 0.102530 0.190459 0.000000
vt -0.102530 0.253945 0.000000
vt 0.102530 0.253945 0.000000
vt -0.102530 0.317432 0.000000
vt 0.102530 0.317432 0.000000
vt -0.102530 0.380918 0.000000
vt 0.102530 0.380918 0.000000
vt -0.102530 0.444404 0.000000
vt 0.102530 0.444404 0.000000
vt -0.102530 0.507891 0.000000
vt 0.102530 0.507891 0.000000
vt -0.102530 0.571377 0.000000
vt 0.102530 0.571377 0.000000
vt -0.102530 0.634864 0.000000
vt 0.102530 0.634864 0.000000
vt -0.102530 0.698350 0.000000
vt 0.102530 0.698350 0.000000
vt -0.102530 0.761836 0.000000
vt 0.102530 0.761836 0.000000
vt -0.102530 -0.761836 0.000000
vt 0.102530 -0.761836 0.000000
vt -0.102530 -0.698350 0.000000
vt 0.102530 -0.698350 0.000000
vt -0.102530 -0.634864 0.000000
vt 0.102530 -0.634864 0.000000
vt -0.102530 -0.571377 0.000000
vt 0.102530 -0.571377 0.000000
vt -0.102530 -0.507891 0.000000
vt 0.102530 -0.507891 0.000000
vt -0.102530 -0.444404 0.000000
vt 0.102530 -0.444404 0.000000
vt -0.102530 -0.380918 0.000000
vt 0.102530 -0.380918 0.000000
vt -0.102530 -0.317432 0.000000
vt 0.102530 -0.317432 0.000000
vt -0.102530 -0.253945 0.000000
vt 0.102530 -0.253945 0.000000
vt -0.102530 -0.190459 0.000000
vt 0.102530 -0.190459 0.000000
vt -0.102530 -0.126973 0.000000
vt 0.102530 -0.126973 0.000000
vt -0.605000 -0.044506 0.000000
vt 0.072500 -0.044506 0.000000
vt -0.605000 0.000000 0.000000
vt 0.072500 0.000000 0.000000
vt -0.605000 0.044506 0.000000
vt 0.072500 0.044506 0.000000
vt -0.605000 0.089012 0.000000
vt 0.072500 0.089012 0.000000
vt -0.605000 0.133518 0.000000
vt 0.072500 0.133518 0.000000
vt -0.605000 0.178024 0.000000
vt 0.072500 0.178024 0.000000
vt -0.605000 0.222529 0.000000
vt 0.072500 0.222529 0.000000
vt -0.605000 0.267035 0.000000
vt 0.072500 0.267035 0.000000
vt -0.605000 0.311541 0.000000
vt 0.072500 0.311541 0.000000
vt -0.605000 0.356047 0.000000
vt 0.072500 0.356047 0.000000
vt -0.605000 0.400553 0.000000
vt 0.072500 0.400553 0.000000
vt -0.605000 0.445059 0.000000
vt 0.072500 0.445059 0.000000
vt -0.605000 0.489565 0.000000
vt 0.072500 0.489565 0.000000
vt -0.605000 0.534071 0.000000
vt 0.072500 0.534071 0.000000
vt -0.605000 -0.534071 0.000000
vt 0.072500 -0.534071 0.000000
vt -0.605000 -0.489565 0.000000
vt 0.072500 -0.489565 0.000000
vt -0.605000 -0.445059 0.000000
vt 0.072500 -0.445059 0.000000
vt -0.605000 -0.400553 0.000000
vt 0.072500 -0.400553 0.000000
vt -0.605000 -0.356047 0.000000
vt 0.072500 -0.356047 0.000000
vt -0.605000 -0.311541 0.000000
vt 0.072500 -0.311541 0.000000
vt -0.605000 -0.267035 0.000000
vt 0.072500 -0.267035 0.000000
vt -0.605000 -0.222529 0.000000
vt 0.072500 -0.222529 0.000000
vt -0.605000 -0.178024 0.000000
vt 0.072500 -0.178024 0.000000
vt -0.605000 -0.133518 0.000000
vt 0.072500 -0.133518 0.000000
vt -0.605000 -0.089012 0.000000
vt 0.072500 -0.089012 0.000000
vt 0.750000 0.044506 0.000000
vt 0.750000 0.000000 0.000000
vt 0.750000 -0.044506 0.000000
vt 0.750000 -0.089012 0.000000
vt 0.750000 -0.133518 0.000000
vt 0.750000 -0.178024 0.000000
vt 0.750000 -0.222529 0.000000
vt 0.750000 -0.267035 0.000000
vt 0.750000 -0.311541 0.000000
vt 0.750000 -0.356047 0.000000
vt 0.750000 -0.400553 0.000000
vt 0.750000 -0.445059 0.000000
vt 0.750000 -0.489565 0.000000
vt 0.750000 -0.534071 0.000000
vt 0.750000 0.534071 0.000000
vt 0.750000 0.489565 0.000000
vt 0.750000 0.445059 0.000000
vt 0.750000 0.400553 0.000000
vt 0.750000 0.356047 0.000000
vt 0.750000 0.311541 0.000000
vt 0.750000 0.267035 0.000000
vt 0.750000 0.222529 0.000000
vt 0.750000 0.178024 0.000000
vt 0.750000 0.133518 0.000000
vt 0.750000 0.089012 0.000000
vt -0.102530 -0.063486 0.000000
vt 0.102530 -0.063486 0.000000
vt -0.102530 0.000000 0.000000
vt 0.102530 0.000000 0.000000
vt -0.102530 0.063486 0.000000
vt 0.102530 0.063486 0.000000
vt -0.102530 0.126973 0.000000
vt 0.102530 0.126973 0.000000
vt -0.102530 0.190459 0.000000
vt 0.102530 0.190459 0.000000
vt -0.102530 0.253945 0.000000
vt 0.102530 0.253945 0.000000
vt -0.102530 0.317432 0.000000
vt 0.102530 0.317432 0.000000
vt -0.102530 0.380918 0.000000
vt 0.102530 0.380918 0.000000
vt -0.102530 0.444404 0.000000
vt 0.102530 0.444404 0.000000
vt -0.102530 0.507891 0.000000
vt 0.102530 0.507891 0.000000
vt -0.102530 0.571377 0.000000
vt 0.102530 0.571377 0.000000
vt -0.102530 0.634864 0.000000
vt 0.102530 0.634864 0.000000
vt -0.102530 0.698350 0.000000
vt 0.102530 0.698350 0.000000
vt -0.102530 0.761836 0.000000
vt 0.102530 0.761836 0.000000
vt -0.102530 -0.761836 0.000000
vt 0.102530 -0.761836 0.000000
vt -0.102530 -0.698350 0.000000
vt 0.102530 -0.698350 0.000000
vt -0.102530 -0.634864 0.000000
vt 0.102530 -0.634864 0.000000
vt -0.102530 -0.571377 0.000000
vt 0.102530 -0.571377 0.000000
vt -0.102530 -0.507891 0.000000
vt 0.102530 -0.507891 0.000000
vt -0.102530 -0.444404 0.000000
vt 0.102530 -0.444404 0.000000
vt -0.102530 -0.380918 0.000000
vt 0.102530 -0.380918 0.000000
vt -0.102530 -0.317432 0.000000
vt 0.102530 -0.317432 0.000000
vt -0.102530 -0.253945 0.000000
vt 0.102530 -0.253945 0.000000
vt -0.102530 -0.190459 0.000000
vt 0.102530 -0.190459 0.000000
vt -0.102530 -0.126973 0.000000
vt 0.102530 -0.126973 0.000000
vt -0.605000 -0.044506 0.000000
vt 0.072500 -0.044506 0.000000
vt -0.605000 0.000000 0.000000
vt 0.072500 0.000000 0.000000
vt -0.605000 0.044506 0.000000
vt 0.072500 0.044506 0.000000
vt -0.605000 0.089012 0.000000
vt 0.072500 0.089012 0.000000
vt -0.605000 0.133518 0.000000
vt 0.072500 0.133518 0.000000
vt -0.605000 0.178024 0.000000
vt 0.072500 0.178024 0.000000
vt -0.605000 0.222529 0.000000
vt 0.072500 0.222529 0.000000
vt -0.605000 0.267035 0.000000
vt 0.072500 0.267035 0.000000
vt -0.605000 0.311541 0.000000
vt 0.072500 0.311541 0.000000
vt -0.605000 0.356047 0.000000
vt 0.072500 0.356047 0.000000
vt -0.605000 0.400553 0.000000
vt 0.072500 0.400553 0.000000
vt -0.605000 0.445059 0.000000
vt 0.072500 0.445059 0.000000
vt -0.605000 0.489565 0.000000
vt 0.072500 0.489565 0.000000
vt -0.605000 0.534071 0.000000
vt 0.072500 0.534071 0.000000
vt -0.605000 -0.534071 0.000000
vt 0.072500 -0.534071 0.000000
vt -0.605000 -0.489565 0.000000
vt 0.072500 -0.489565 0.000000
vt -0.605000 -0.445059 0.000000
vt 0.072500 -0.445059 0.000000
vt -0.605000 -0.400553 0.000000
vt 0.072500 -0.400553 0.000000
vt -0.605000 -0.356047 0.000000
vt 0.072500 -0.356047 0.000000
vt -0.605000 -0.311541 0.000000
vt 0.072500 -0.311541 0.000000
vt -0.605000 -0.267035 0.000000
vt 0.072500 -0.267035 0.000000
vt -0.605000 -0.222529 0.000000
vt 0.072500 -0.222529 0.000000
vt -0.605000 -0.178024 0.000000
vt 0.072500 -0.178024 0.000000
vt -0.605000 -0.133518 0.000000
vt 0.072500 -0.133518 0.000000
vt -0.605000 -0.089012 0.000000
vt 0.072500 -0.089012 0.000000
vt 0.750000 0.044506 0.000000
vt 0.750000 0.000000 0.000000
vt 0.750000 -0.044506 0.000000
vt 0.750000 -0.089012 0.000000
vt 0.750000 -0.133518 0.000000
vt 0.750000 -0.178024 0.000000
vt 0.750000 -0.222529 0.000000
vt 0.750000 -0.267035 0.000000
vt 0.750000 -0.311541 0.000000
vt 0.750000 -0.356047 0.000000
vt 0.750000 -0.400553 0.000000
vt 0.750000 -0.445059 0.000000
vt 0.750000 -0.489565 0.000000
vt 0.750000 -0.534071 0.000000
vt 0.750000 0.534071 0.000000
vt 0.750000 0.489565 0.000000
vt 0.750000 0.445059 0.000000
vt 0.750000 0.400553 0.000000
vt 0.750000 0.356047 0.000000
vt 0.750000 0.311541 0.000000
vt 0.750000 0.267035 0.000000
vt 0.750000 0.222529 0.000000
vt 0.750000 0.178024 0.000000
vt 0.750000 0.133518 0.000000
vt 0.750000 0.089012 0.000000
vt -0.102530 -0.063486 0.000000
vt 0.102530 -0.063486 0.000000
vt -0.102530 0.000000 0.000000
vt 0.102530 0.000000 0.000000
vt -0.102530 0.063486 0.000000
vt 0.102530 0.063486 0.000000
vt -0.102530 0.126973 0.000000
vt 0.102530 0.126973 0.000000
vt -0.102530 0.190459 0.000000
vt 0.102530 0.190459 0.000000
vt -0.102530 0.253945 0.000000
vt 0.102530 0.253945 0.000000
vt -0.102530 0.317432 0.000000
vt 0.102530 0.317432 0.000000
vt -0.102530 0.380918 0.000000
vt 0.102530 0.380918 0.000000
vt -0.102530 0.444404 0.000000
vt 0.102530 0.444404 0.000000
vt -0.102530 0.507891 0.000000
vt 0.102530 0.507891 0.000000
vt -0.102530 0.571377 0.000000
vt 0.102530 0.571377 0.000000
vt -0.102530 0.634864 0.000000
vt 0.102530 0.634864 0.000000
vt -0.102530 0.698350 0.000000
vt 0.102530 0.698350 0.000000
vt -0.102530 0.761836 0.000000
vt 0.102530 0.761836 0.000000
vt -0.102530 -0.761836 0.000000
vt 0.102530 -0.761836 0.000000
vt -0.102530 -0.698350 0.000000
vt 0.102530 -0.698350 0.000000
vt -0.102530 -0.634864 0.000000
vt 0.102530 -0.634864 0.000000
vt -0.102530 -0.571377 0.000000
vt 0.102530 -0.571377 0.000000
vt -0.102530 -0.507891 0.000000
vt 0.102530 -0.507891 0.000000
vt -0.102530 -0.444404 0.000000
vt 0.102530 -0.444404 0.000000
vt -0.102530 -0.380918 0.000000
vt 0.102530 -0.380918 0.000000
vt -0.102530 -0.317432 0.000000
vt 0.102530 -0.317432 0.000000
vt -0.102530 -0.253945 0.000000
vt 0.102530 -0.253945 0.000000
vt -0.102530 -0.190459 0.000000
vt 0.102530 -0.190459 0.000000
vt -0.102530 -0.126973 0.000000
vt 0.102530 -0.126973 0.000000
vt -0.605000 -0.044506 0.000000
vt 0.072500 -0.044506 0.000000
vt -0.605000 0.000000 0.000000
vt 0.072500 0.000000 0.000000
vt -0.605000 0.044506 0.000000
vt 0.072500 0.044506 0.000000
vt -0.605000 0.089012 0.000000
vt 0.072500 0.089012 0.000000
vt -0.605000 0.133518 0.000000
vt 0.072500 0.133518 0.000000
vt -0.605000 0.178024 0.000000
vt 0.072500 0.178024 0.000000
vt -0.605000 0.222529 0.000000
vt 0.072500 0.222529 0.000000
vt -0.605000 0.267035 0.000000
vt 0.072500 0.267035 0.000000
vt -0.605000 0.311541 0.000000
vt 0.072500 0.311541 0.000000
vt -0.605000 0.356047 0.000000
vt 0.072500 0.356047 0.000000
vt -0.605000 0.400553 0.000000
vt 0.072500 0.400553 0.000000
vt -0.605000 0.445059 0.000000
vt 0.072500 0.445059 0.000000
vt -0.605000 0.489565 0.000000
vt 0.072500 0.489565 0.000000
vt -0.605000 0.534071 0.000000
vt 0.072500 0.534071 0.000000
vt -0.605000 -0.534071 0.000000
vt 0.072500 -0.534071 0.000000
vt -0.605000 -0.489565 0.000000
vt 0.072500 -0.489565 0.000000
vt -0.605000 -0.445059 0.000000
vt 0.072500 -0.445059 0.000000
vt -0.605000 -0.400553 0.000000
vt 0.072500 -0.400553 0.000000
vt -0.605000 -0.356047 0.000000
vt 0.072500 -0.356047 0.000000
vt -0.605000 -0.311541 0.000000
vt 0.072500 -0.311541 0.000000
vt -0.605000 -0.267035 0.000000
vt 0.072500 -0.267035 0.000000
vt -0.605000 -0.222529 0.000000
vt 0.072500 -0.222529 0.000000
vt -0.605000 -0.178024 0.000000
vt 0.072500 -0.178024 0.000000
vt -0.605000 -0.133518 0.000000
vt 0.072500 -0.133518 0.000000
vt -0.605000 -0.089012 0.000000
vt 0.072500 -0.089012 0.000000
vt 0.750000 0.044506 0.000000
vt 0.750000 0.000000 0.000000
vt 0.750000 -0.044506 0.000000
vt 0.750000 -0.089012 0.000000
vt 0.750000 -0.133518 0.000000
vt 0.750000 -0.178024 0.000000
vt 0.750000 -0.222529 0.000000
vt 0.750000 -0.267035 0.000000
vt 0.750000 -0.311541 0.000000
vt 0.750000 -0.356047 0.000000
vt 0.750000 -0.400553 0.000000
vt 0.750000 -0.445059 0.000000
vt 0.750000 -0.489565 0.000000
vt 0.750000 -0.534071 0.000000
vt 0.750000 0.534071 0.000000
vt 0.750000 0.489565 0.000000
vt 0.750000 0.445059 0.000000
vt 0.750000 0.400553 0.000000
vt 0.750000 0.356047 0.000000
vt 0.750000 0.311541 0.000000
vt 0.750000 0.267035 0.000000
vt 0.750000 0.222529 0.000000
vt 0.750000 0.178024 0.000000
vt 0.750000 0.133518 0.000000
vt 0.750000 0.089012 0.000000
vt -0.102530 -0.063486 0.000000
vt 0.102530 -0.063486 0.000000
vt -0.102530 0.000000 0.000000
vt 0.102530 0.000000 0.000000
vt -0.102530 0.063486 0.000000
vt 0.102530 0.063486 0.000000
vt -0.102530 0.126973 0.000000
vt 0.102530 0.126973 0.000000
vt -0.102530 0.190459 0.000000
vt 0.102530 0.190459 0.000000
vt -0.102530 0.253945 0.000000
vt 0.102530 0.253945 0.000000
vt -0.102530 0.317432 0.000000
vt 0.102530 0.317432 0.000000
vt -0.102530 0.380918 0.000000
vt 0.102530 0.380918 0.000000
vt -0.102530 0.444404 0.000000
vt 0.102530 0.444404 0.000000
vt -0.102530 0.507891 0.000000
vt 0.102530 0.507891 0.000000
vt -0.102530 0.571377 0.000000
vt 0.102530 0.571377 0.000000
vt -0.102530 0.634864 0.000000
vt 0.102530 0.634864 0.000000
vt -0.102530 0.698350 0.000000
vt 0.102530 0.698350 0.000000
vt -0.102530 0.761836 0.000000
vt 0.102530 0.761836 0.000000
vt -0.102530 -0.761836 0.000000
vt 0.102530 -0.761836 0.000000
vt -0.102530 -0.698350 0.000000
vt 0.102530 -0.698350 0.000000
vt -0.102530 -0.634864 0.000000
vt 0.102530 -0.634864 0.000000
vt -0.102530 -0.571377 0.000000
vt 0.102530 -0.571377 0.000000
vt -0.102530 -0.507891 0.000000
vt 0.102530 -0.507891 0.000000
vt -0.102530 -0.444404 0.000000
vt 0.102530 -0.444404 0.000000
vt -0.102530 -0.380918 0.000000
vt 0.102530 -0.380918 0.000000
vt -0.102530 -0.317432 0.000000
vt 0.102530 -0.317432 0.000000
vt -0.102530 -0.253945 0.000000
vt 0.102530 -0.253945 0.000000
vt -0.102530 -0.190459 0.000000
vt 0.102530 -0.190459 0.000000
vt -0.102530 -0.126973 0.000000
vt 0.102530 -0.126973 0.000000
vt -0.605000 -0.044506 0.000000
vt 0.072500 -0.044506 0.000000
vt -0.605000 0.000000 0.000000
vt 0.072500 0.000000 0.000000
vt -0.605000 0.044506 0.000000
vt 0.072500 0.044506 0.000000
vt -0.605000 0.089012 0.000000
vt 0.072500 0.089012 0.000000
vt -0.605000 0.133518 0.000000
vt 0.072500 0.133518 0.000000
vt -0.605000 0.178024 0.000000
vt 0.072500 0.178024 0.000000
vt -0.605000 0.222529 0.000000
vt 0.072500 0.222529 0.000000
vt -0.605000 0.267035 0.000000
vt 0.072500 0.267035 0.000000
vt -0.605000 0.311541 0.000000
vt 0.072500 0.311541 0.000000
vt -0.605000 0.356047 0.000000
vt 0.072500 0.356047 0.000000
vt -0.605000 0.400553 0.000000
vt 0.072500 0.400553 0.000000
vt -0.605000 0.445059 0.000000
vt 0.072500 0.445059 0.000000
vt -0.605000 0.489565 0.000000
vt 0.072500 0.489565 0.000000
vt -0.605000 0.534071 0.000000
vt 0.072500 0.534071 0.000000
vt -0.605000 -0.534071 0.000000
vt 0.072500 -0.534071 0.000000
vt -0.605000 -0.489565 0.000000
vt 0.072500 -0.489565 0.000000
vt -0.605000 -0.445059 0.000000
vt 0.072500 -0.445059 0.000000
vt -0.605000 -0.400553 0.000000
vt 0.072500 -0.400553 0.000000
vt -0.605000 -0.356047 0.000000
vt 0.072500 -0.356047 0.000000
vt -0.605000 -0.311541 0.000000
vt 0.072500 -0.311541 0.000000
vt -0.605000 -0.267035 0.000000
vt 0.072500 -0.267035 0.000000
vt -0.605000 -0.222529 0.000000
vt 0.072500 -0.222529 0.000000
vt -0.605000 -0.178024 0.000000
vt 0.072500 -0.178024 0.000000
vt -0.605000 -0.133518 0.000000
vt 0.072500 -0.133518 0.000000
vt -0.605000 -0.089012 0.000000
vt 0.072500 -0.089012 0.000000
vt 0.750000 0.044506 0.000000
vt 0.750000 0.000000 0.000000
vt 0.750000 -0.044506 0.000000
vt 0.750000 -0.089012 0.000000
vt 0.750000 -0.133518 0.000000
vt 0.750000 -0.178024 0.000000
vt 0.750000 -0.222529 0.000000
vt 0.750000 -0.267035 0.000000
vt 0.750000 -0.311541 0.000000
vt 0.750000 -0.356047 0.000000
vt 0.750000 -0.400553 0.000000
vt 0.750000 -0.445059 0.000000
vt 0.750000 -0.489565 0.000000
vt 0.750000 -0.534071 0.000000
vt 0.750000 0.534071 0.000000
vt 0.750000 0.489565 0.000000
vt 0.750000 0.445059 0.000000
vt 0.750000 0.400553 0.000000
vt 0.750000 0.356047 0.000000
vt 0.750000 0.311541 0.000000
vt 0.750000 0.267035 0.000000
vt 0.750000 0.222529 0.000000
vt 0.750000 0.178024 0.000000
vt 0.750000 0.133518 0.000000
vt 0.750000 0.089012 0.000000
vt -0.102530 -0.063486 0.000000
vt 0.102530 -0.063486 0.000000
vt -0.102530 0.000000 0.000000
vt 0.102530 0.000000 0.000000
vt -0.102530 0.063486 0.000000
vt 0.102530 0.063486 0.000000
vt -0.102530 0.126973 0.000000
vt 0.102530 0.126973 0.000000
vt -0.102530 0.190459 0.000000
vt 0.102530 0.190459 0.000000
vt -0.102530 0.253945 0.000000
vt 0.102530 0.253945 0.000000
vt -0.102530 0.317432 0.000000
vt 0.102530 0.317432 0.000000
vt -0.102530 0.380918 0.000000
vt 0.102530 0.380918 0.000000
vt -0.102530 0.444404 0.000000
vt 0.102530 0.444404 0.000000
vt -0.102530 0.507891 0.000000
vt 0.102530 0.507891 0.000000
vt -0.102530 0.571377 0.000000
vt 0.102530 0.571377 0.000000
vt -0.102530 0.634864 0.000000
vt 0.102530 0.634864 0.000000
vt -0.102530 0.698350 0.000000
vt 0.102530 0.698350 0.000000
vt -0.102530 0.761836 0.000000
vt 0.102530 0.761836 0.000000
vt -0.102530 -0.761836 0.000000
vt 0.102530 -0.761836 0.000000
vt -0.102530 -0.698350 0.000000
vt 0.102530 -0.698350 0.000000
vt -0.102530 -0.634864 0.000000
vt 0.102530 -0.634864 0.000000
vt -0.102530 -0.571377 0.000000
vt 0.102530 -0.571377 0.000000
vt -0.102530 -0.507891 0.000000
vt 0.102530 -0.507891 0.000000
vt -0.102530 -0.444404 0.000000
vt 0.102530 -0.444404 0.000000
vt -0.102530 -0.380918 0.000000
vt 0.102530 -0.380918 0.000000
vt -0.102530 -0.317432 0.000000
vt 0.102530 -0.317432 0.000000
vt -0.102530 -0.253945 0.000000
vt 0.102530 -0.253945 0.000000
vt -0.102530 -0.190459 0.000000
vt 0.102530 -0.190459 0.000000
vt -0.102530 -0.126973 0.000000
vt 0.102530 -0.126973 0.000000
vt -0.605000 -0.044506 0.000000
vt 0.072500 -0.044506 0.000000
vt -0.605000 0.000000 0.000000
vt 0.072500 0.000000 0.000000
vt -0.605000 0.044506 0.000000
vt 0.072500 0.044506 0.000000
vt -0.605000 0.089012 0.000000
vt 0.072500 0.089012 0.000000
vt -0.605000 0.133518 0.000000
vt 0.072500 0.133518 0.000000
vt -0.605000 0.178024 0.000000
vt 0.072500 0.178024 0.000000
vt -0.605000 0.222529 0.000000
vt 0.072500 0.222529 0.000000
vt -0.605000 0.267035 0.000000
vt 0.072500 0.267035 0.000000
vt -0.605000 0.311541 0.000000
vt 0.072500 0.311541 0.000000
vt -0.605000 0.356047 0.000000
vt 0.072500 0.356047 0.000000
vt -0.605000 0.400553 0.000000
vt 0.072500 0.400553 0.000000
vt -0.605000 0.445059 0.000000
vt 0.072500 0.445059 0.000000
vt -0.605000 0.489565 0.000000
vt 0.072500 0.489565 0.000000
vt -0.605000 0.534071 0.000000
vt 0.072500 0.534071 0.000000
vt -0.605000 -0.534071 0.000000
vt 0.072500 -0.534071 0.000000
vt -0.605000 -0.489565 0.000000
vt 0.072500 -0.489565 0.000000
vt -0.605000 -0.445059 0.000000
vt 0.072500 -0.445059 0.000000
vt -0.605000 -0.400553 0.000000
vt 0.072500 -0.400553 0.000000
vt -0.605000 -0.356047 0.000000
vt 0.072500 -0.356047 0.000000
vt -0.605000 -0.311541 0.000000
vt 0.072500 -0.311541 0.000000
vt -0.605000 -0.267035 0.000000
vt 0.072500 -0.267035 0.000000
vt -0.605000 -0.222529 0.000000
vt 0.072500 -0.222529 0.000000
vt -0.605000 -0.178024 0.000000
vt 0.072500 -0.178024 0.000000
vt -0.605000 -0.133518 0.000000
vt 0.072500 -0.133518 0.000000
vt -0.605000 -0.089012 0.000000
vt 0.072500 -0.089012 0.000000
vt 0.750000 0.044506 0.000000
vt 0.750000 0.000000 0.000000
vt 0.750000 -0.044506 0.000000
vt 0.750000 -0.089012 0.000000
vt 0.750000 -0.133518 0.000000
vt 0.750000 -0.178024 0.000000
vt 0.750000 -0.222529 0.000000
vt 0.750000 -0.267035 0.000000
vt 0.750000 -0.311541 0.000000
vt 0.750000 -0.356047 0.000000
vt 0.750000 -0.400553 0.000000
vt 0.750000 -0.445059 0.000000
vt 0.750000 -0.489565 0.000000
vt 0.750000 -0.534071 0.000000
vt 0.750000 0.534071 0.000000
vt 0.750000 0.489565 0.000000
vt 0.750000 0.445059 0.000000
vt 0.750000 0.400553 0.000000
vt 0.750000 0.356047 0.000000
vt 0.750000 0.311541 0.000000
vt 0.750000 0.267035 0.000000
vt 0.750000 0.222529 0.000000
vt 0.750000 0.178024 0.000000
vt 0.750000 0.133518 0.000000
vt 0.750000 0.089012 0.000000
vt 1.100000 0.863938 0.000000
vt 1.400000 0.909189 0.000000
vt 1.100000 0.942478 0.000000
vt 1.100000 -0.942478 0.000000
vt 1.400000 -0.975767 0.000000
vt 1.400000 -0.909189 0.000000
vt 1.100000 -0.863938 0.000000
vt 1.400000 -0.842612 0.000000
vt 1.100000 -0.785398 0.000000
vt 1.400000 -0.776034 0.000000
vt 1.100000 -0.706858 0.000000
vt 1.500000 -0.776034 0.000000
vt 1.500000 -0.699835 0.000000
vt 1.400000 0.842612 0.000000
vt 1.100000 0.785398 0.000000
vt 1.400000 0.776034 0.000000
vt 1.100000 0.706858 0.000000
vt 1.500000 0.776034 0.000000
vt 1.500000 0.699835 0.000000
vt 1.100000 0.628319 0.000000
vt 1.500000 0.623636 0.000000
vt 1.100000 0.549779 0.000000
vt 1.500000 0.547437 0.000000
vt 1.100000 0.471239 0.000000
vt 1.500000 0.471238 0.000000
vt 1.500000 0.395040 0.000000
vt 1.100000 0.392699 0.000000
vt 1.500000 0.318841 0.000000
vt 1.100000 0.314159 0.000000
vt 1.500000 0.242642 0.000000
vt 1.100000 0.235619 0.000000
vt 1.500000 0.166443 0.000000
vt 1.400000 0.166443 0.000000
vt 1.100000 0.157080 0.000000
vt 1.400000 0.099866 0.000000
vt 1.100000 0.078540 0.000000
vt 1.400000 0.033289 0.000000
vt 1.100000 0.000000 0.000000
vt 1.400000 -0.033289 0.000000
vt 1.100000 -0.078540 0.000000
vt 1.400000 -0.099866 0.000000
vt 1.100000 -0.157080 0.000000
vt 1.400000 -0.166443 0.000000
vt 1.100000 -0.235619 0.000000
vt 1.500000 -0.166443 0.000000
vt 1.500000 -0.242642 0.000000
vt 1.100000 -0.314159 0.000000
vt 1.500000 -0.318841 0.000000
vt 1.100000 -0.392699 0.000000
vt 1.500000 -0.395040 0.000000
vt 1.100000 -0.471239 0.000000
vt 1.500000 -0.471238 0.000000
vt 1.500000 -0.547437 0.000000
vt 1.100000 -0.549779 0.000000
vt 1.500000 -0.623636 0.000000
vt 1.100000 -0.628319 0.000000
vt -0.953145 0.100000 0.000000
vt -1.590220 0.100000 0.000000
vt -0.953145 0.000000 0.000000
vt -1.590220 0.000000 0.000000
vt -0.637075 0.000000 0.000000
vt -0.000000 0.000000 0.000000
vt -0.637075 0.100000 0.000000
vt -0.000000 0.100000 0.000000
vt -5.507874 0.081528 0.000000
vt -5.497141 0.000000 0.000000
vt -3.347141 0.000000 0.000000
vt -5.507874 -0.081528 0.000000
vt -3.320749 -0.208272 0.000000
vt -5.539343 -0.157500 0.000000
vt -3.243243 -0.403380 0.000000
vt -5.589402 -0.222738 0.000000
vt -3.119521 -0.572987 0.000000
vt -5.654641 -0.272798 0.000000
vt -4.712141 -5.905000 0.000000
vt -5.730613 -0.304266 0.000000
vt -4.917902 -5.932089 0.000000
vt -5.812141 -0.315000 0.000000
vt -5.109641 -6.011510 0.000000
vt -5.893669 -0.304266 0.000000
vt -5.274291 -6.137850 0.000000
vt -5.969641 -0.272798 0.000000
vt -5.400631 -6.302500 0.000000
vt -6.034879 -0.222738 0.000000
vt -6.250000 0.000000 0.000000
vt -6.084939 -0.157500 0.000000
vt -6.116407 -0.081528 0.000000
vt -6.127141 0.000000 0.000000
vt -6.116407 0.081528 0.000000
vt -6.084939 0.157500 0.000000
vt -6.034879 0.222739 0.000000
vt -5.391971 6.307500 0.000000
vt -5.470393 6.496827 0.000000
vt -5.969641 0.272798 0.000000
vt -5.267220 6.144921 0.000000
vt -5.893669 0.304267 0.000000
vt -5.104641 6.020170 0.000000
vt -5.812141 0.315000 0.000000
vt -4.915314 5.941748 0.000000
vt -5.730613 0.304267 0.000000
vt -4.712141 5.915000 0.000000
vt -5.654641 0.272798 0.000000
vt -3.119521 0.572988 0.000000
vt -5.589402 0.222739 0.000000
vt -3.243243 0.403380 0.000000
vt -5.539343 0.157500 0.000000
vt -3.320749 0.208273 0.000000
vt 5.892126 11.218472 0.000000
vt 6.215926 11.258819 0.000000
vt 5.902859 11.300000 0.000000
vt 6.116025 11.500000 0.000000
vt 5.892126 11.381528 0.000000
vt 5.860657 11.457500 0.000000
vt 5.957107 11.707107 0.000000
vt 5.810598 11.522739 0.000000
vt 5.745359 11.572798 0.000000
vt 5.750000 11.866025 0.000000
vt 5.669387 11.604267 0.000000
vt 5.587859 11.615000 0.000000
vt 5.508819 11.965926 0.000000
vt 5.506331 11.604267 0.000000
vt 5.430359 11.572798 0.000000
vt 5.250000 12.000000 0.000000
vt 5.365121 11.522739 0.000000
vt 5.315061 11.457500 0.000000
vt 5.283593 11.381528 0.000000
vt 5.272859 11.300000 0.000000
vt 0.000000 10.985000 0.000000
vt 5.283593 11.218472 0.000000
vt 5.315061 11.142500 0.000000
vt 5.365121 11.077262 0.000000
vt -0.000000 4.000000 0.000000
vt 5.430359 11.027202 0.000000
vt 5.506331 10.995734 0.000000
vt 5.580359 0.272798 0.000000
vt 5.656331 0.304267 0.000000
vt 6.250000 11.000000 0.000000
vt 5.860657 11.142500 0.000000
vt 5.810598 11.077262 0.000000
vt 5.745359 11.027202 0.000000
vt 5.669387 10.995734 0.000000
vt 5.587859 10.985000 0.000000
vt 5.737859 0.315000 0.000000
vt 5.819387 0.304267 0.000000
vt 5.895359 0.272798 0.000000
vt 5.892126 -11.381528 0.000000
vt 6.116025 -11.500000 0.000000
vt 5.902859 -11.300000 0.000000
vt 6.215926 -11.258819 0.000000
vt 5.892126 -11.218472 0.000000
vt 6.250000 -11.000000 0.000000
vt 5.860657 -11.142500 0.000000
vt 5.810598 -11.077261 0.000000
vt 5.745359 -11.027202 0.000000
vt 5.669387 -10.995733 0.000000
vt 5.587859 -10.985000 0.000000
vt 5.737859 -0.315000 0.000000
vt 5.656331 -0.304266 0.000000
vt 5.860657 -11.457500 0.000000
vt 5.957107 -11.707107 0.000000
vt 5.810598 -11.522739 0.000000
vt 5.745359 -11.572798 0.000000
vt 5.750000 -11.866025 0.000000
vt 5.669387 -11.604267 0.000000
vt 5.587859 -11.615000 0.000000
vt 5.508819 -11.965926 0.000000
vt 5.506331 -11.604267 0.000000
vt 5.430359 -11.572798 0.000000
vt 5.250000 -12.000000 0.000000
vt 5.365121 -11.522739 0.000000
vt 5.315061 -11.457500 0.000000
vt 5.283593 -11.381528 0.000000
vt 5.272859 -11.300000 0.000000
vt 0.000000 -11.615000 0.000000
vt 5.283593 -11.218472 0.000000
vt 5.315061 -11.142500 0.000000
vt -0.000000 -4.000000 0.000000
vt 5.365121 -11.077261 0.000000
vt 5.430359 -11.027202 0.000000
vt 5.506331 -10.995733 0.000000
vt 5.580359 -0.272798 0.000000
vt 5.515121 -0.222738 0.000000
vt -5.307874 -11.381528 0.000000
vt -5.250000 -12.000000 0.000000
vt -5.297141 -11.300000 0.000000
vt -5.307874 -11.218472 0.000000
vt -4.149991 -7.262150 0.000000
vt -4.314641 -7.388490 0.000000
vt -5.339343 -11.457500 0.000000
vt -5.389402 -11.522739 0.000000
vt -5.454641 -11.572798 0.000000
vt -5.508819 -11.965926 0.000000
vt -5.530613 -11.604267 0.000000
vt -5.612141 -11.615000 0.000000
vt -5.750000 -11.866025 0.000000
vt -5.693669 -11.604267 0.000000
vt -5.769641 -11.572798 0.000000
vt -5.957107 -11.707107 0.000000
vt -5.834879 -11.522739 0.000000
vt -5.884939 -11.457500 0.000000
vt -6.116025 -11.500000 0.000000
vt -5.916407 -11.381528 0.000000
vt -5.927141 -11.300000 0.000000
vt -6.215926 -11.258819 0.000000
vt -5.916407 -11.218472 0.000000
vt -6.250000 -11.000000 0.000000
vt -5.884939 -11.142500 0.000000
vt -5.834879 -11.077261 0.000000
vt -5.769641 -11.027202 0.000000
vt -5.693669 -10.995733 0.000000
vt -5.109641 -7.388490 0.000000
vt -5.612141 -10.985000 0.000000
vt -4.917902 -7.467911 0.000000
vt -5.530613 -10.995733 0.000000
vt -5.454641 -11.027202 0.000000
vt -4.712141 -7.495000 0.000000
vt -5.389402 -11.077261 0.000000
vt -4.506380 -7.467911 0.000000
vt -5.339343 -11.142500 0.000000
vt -5.307874 11.218472 0.000000
vt -5.297141 11.300000 0.000000
vt -5.250000 12.000000 0.000000
vt -5.307874 11.381528 0.000000
vt -5.339343 11.457500 0.000000
vt -5.389402 11.522739 0.000000
vt -5.454641 11.572798 0.000000
vt -5.508819 11.965926 0.000000
vt -5.530613 11.604267 0.000000
vt -5.612141 11.615000 0.000000
vt -5.750000 11.866025 0.000000
vt -5.693669 11.604267 0.000000
vt -5.769641 11.572798 0.000000
vt -5.957107 11.707107 0.000000
vt -5.834879 11.522739 0.000000
vt -5.884939 11.457500 0.000000
vt -6.116025 11.500000 0.000000
vt -5.916407 11.381528 0.000000
vt -5.927141 11.300000 0.000000
vt -6.215926 11.258819 0.000000
vt -5.916407 11.218472 0.000000
vt -6.250000 11.000000 0.000000
vt -5.884939 11.142500 0.000000
vt -5.834879 11.077262 0.000000
vt -5.769641 11.027202 0.000000
vt -5.693669 10.995734 0.000000
vt -5.104641 7.379830 0.000000
vt -5.612141 10.985000 0.000000
vt -4.915314 7.458252 0.000000
vt -5.530613 10.995734 0.000000
vt -5.454641 11.027202 0.000000
vt -4.712141 7.485000 0.000000
vt -5.389402 11.077262 0.000000
vt -4.508968 7.458252 0.000000
vt -5.339343 11.142500 0.000000
vt -4.319641 7.379830 0.000000
vt -4.157062 7.255079 0.000000
vt -4.032311 7.092500 0.000000
vt -3.953889 6.903173 0.000000
vt 6.042126 0.081528 0.000000
vt 6.052859 0.000000 0.000000
vt 6.250000 0.000000 0.000000
vt 6.042126 -0.081528 0.000000
vt 6.010657 -0.157500 0.000000
vt 5.960598 -0.222738 0.000000
vt 5.895359 -0.272798 0.000000
vt 5.819387 -0.304266 0.000000
vt 5.465061 -0.157500 0.000000
vt -0.000000 -0.382444 0.000000
vt -1.904761 -0.572987 0.000000
vt -1.781039 -0.403379 0.000000
vt -1.703533 -0.208272 0.000000
vt -1.677141 0.000000 0.000000
vt -1.703533 0.208273 0.000000
vt -1.781039 0.403380 0.000000
vt -1.904761 0.572988 0.000000
vt -2.066878 0.706375 0.000000
vt -2.257141 0.795110 0.000000
vt -4.157062 6.144921 0.000000
vt -2.767141 0.795110 0.000000
vt -4.319641 6.020170 0.000000
vt -2.957404 0.706375 0.000000
vt -4.508968 5.941748 0.000000
vt 5.433593 -0.081528 0.000000
vt 5.422859 0.000000 0.000000
vt 5.433593 0.081528 0.000000
vt 5.465061 0.157500 0.000000
vt 5.515121 0.222739 0.000000
vt 5.960598 0.222739 0.000000
vt 6.010657 0.157500 0.000000
vt -5.497141 6.700000 0.000000
vt -5.470393 6.903173 0.000000
vt -5.391971 7.092500 0.000000
vt -5.507141 -6.700000 0.000000
vt -5.480052 -6.494239 0.000000
vt -3.944230 -6.494239 0.000000
vt -3.917141 -6.700000 0.000000
vt -3.944230 -6.905761 0.000000
vt -4.023651 -7.097500 0.000000
vt -5.274291 -7.262150 0.000000
vt -5.400631 -7.097500 0.000000
vt -5.480052 -6.905761 0.000000
vt -4.506380 -5.932089 0.000000
vt -2.957404 -0.706375 0.000000
vt -4.314641 -6.011510 0.000000
vt -2.767141 -0.795110 0.000000
vt -4.149991 -6.137850 0.000000
vt -2.257141 -0.795110 0.000000
vt -2.066878 -0.706375 0.000000
vt -4.023651 -6.302500 0.000000
vt -3.927141 6.700000 0.000000
vt -3.953889 6.496827 0.000000
vt -4.032311 6.307500 0.000000
vt -5.267220 7.255079 0.000000
vt -2.767141 0.158035 0.000000
vt -2.719249 0.217040 0.000000
vt -2.658068 0.262117 0.000000
vt -2.587523 0.290375 0.000000
vt -2.512141 0.300000 0.000000
vt -2.436758 0.290375 0.000000
vt -2.366213 0.262117 0.000000
vt -2.305032 0.217039 0.000000
vt -2.257141 0.158035 0.000000
vt -2.257141 -0.158034 0.000000
vt -2.305032 -0.217039 0.000000
vt -2.366213 -0.262116 0.000000
vt -2.436758 -0.290375 0.000000
vt -2.512141 -0.300000 0.000000
vt -2.587523 -0.290375 0.000000
vt -2.658068 -0.262117 0.000000
vt -2.719249 -0.217039 0.000000
vt -2.767141 -0.158035 0.000000
vt 0.290000 -0.795110 0.000000
vt 0.290000 -0.158034 0.000000
vt 0.099737 -0.706375 0.000000
vt 0.261469 -0.098032 0.000000
vt 0.246845 -0.033220 0.000000
vt 0.246845 0.033220 0.000000
vt -0.062380 0.572987 0.000000
vt -0.062380 -0.572987 0.000000
vt 0.099737 0.706375 0.000000
vt 0.261469 0.098032 0.000000
vt 0.290000 0.158034 0.000000
vt 0.290000 0.795110 0.000000
vt -0.186102 -0.403380 0.000000
vt -0.186102 0.403380 0.000000
vt -0.263608 -0.208273 0.000000
vt -0.263608 0.208273 0.000000
vt -0.290000 0.000000 0.000000
vt -0.637076 0.000000 0.000000
vt -0.000000 0.000000 0.000000
vt -0.637076 0.100000 0.000000
vt -0.000000 0.100000 0.000000
vt -0.953144 0.100000 0.000000
vt -1.590220 0.100000 0.000000
vt -0.953144 0.000000 0.000000
vt -1.590220 0.000000 0.000000
vt 0.100000 1.052475 0.000000
vt 0.000000 1.052475 0.000000
vt 0.100000 0.841980 0.000000
vt 0.000000 0.841980 0.000000
vt 0.100000 0.631485 0.000000
vt 0.000000 0.631485 0.000000
vt 0.100000 0.420990 0.000000
vt 0.000000 0.420990 0.000000
vt 0.100000 0.210495 0.000000
vt 0.000000 0.210495 0.000000
vt 0.100000 0.000000 0.000000
vt 0.000000 0.000000 0.000000
vt 0.100000 -0.210495 0.000000
vt -0.000000 -0.210495 0.000000
vt 0.100000 -0.420990 0.000000
vt -0.000000 -0.420990 0.000000
vt 0.100000 -0.631485 0.000000
vt 0.000000 -0.631485 0.000000
vt 0.100000 -0.841980 0.000000
vt -0.000000 -0.841980 0.000000
vt 0.100000 -1.052475 0.000000
vt 0.000000 -1.052475 0.000000
vt -0.290000 0.795110 0.000000
vt -0.290000 0.158035 0.000000
vt -0.099737 0.706375 0.000000
vt -0.261469 0.098032 0.000000
vt -0.246845 0.033220 0.000000
vt 0.062380 0.572988 0.000000
vt -0.246845 -0.033220 0.000000
vt 0.062380 -0.572988 0.000000
vt -0.099737 -0.706375 0.000000
vt -0.261469 -0.098032 0.000000
vt -0.290000 -0.158035 0.000000
vt -0.290000 -0.795110 0.000000
vt 0.186102 -0.403380 0.000000
vt 0.186102 0.403380 0.000000
vt 0.263608 -0.208273 0.000000
vt 0.263608 0.208273 0.000000
vt 0.290000 0.000000 0.000000
vt 0.100000 -1.570755 0.000000
vt 0.000000 -1.570755 0.000000
vt 0.100000 -1.781250 0.000000
vt 0.000000 -1.781250 0.000000
vt 0.100000 -1.991745 0.000000
vt 0.000000 -1.991745 0.000000
vt 0.100000 -2.202240 0.000000
vt 0.000000 -2.202240 0.000000
vt 0.100000 -2.412735 0.000000
vt 0.000000 -2.412735 0.000000
vt 0.100000 -2.623230 0.000000
vt 0.000000 -2.623230 0.000000
vt 0.100000 -2.833725 0.000000
vt 0.000000 -2.833725 0.000000
vt 0.100000 -3.044220 0.000000
vt 0.000000 -3.044220 0.000000
vt 0.100000 -3.254715 0.000000
vt 0.000000 -3.254715 0.000000
vt 0.100000 -3.465210 0.000000
vt 0.000000 -3.465210 0.000000
vt 0.100000 -3.675705 0.000000
vt 0.000000 -3.675705 0.000000
vt 0.300000 -2.260638 0.000000
vt 0.000000 -2.260638 0.000000
vt 0.300000 -2.466150 0.000000
vt 0.000000 -2.466150 0.000000
vt 0.300000 2.466150 0.000000
vt 0.000000 2.466150 0.000000
vt 0.300000 2.260638 0.000000
vt 0.000000 2.260638 0.000000
vt 0.300000 2.055125 0.000000
vt 0.000000 2.055125 0.000000
vt 0.300000 1.849613 0.000000
vt 0.000000 1.849613 0.000000
vt 0.300000 1.644100 0.000000
vt 0.000000 1.644100 0.000000
vt 0.300000 1.438588 0.000000
vt 0.000000 1.438588 0.000000
vt 0.300000 1.233075 0.000000
vt 0.000000 1.233075 0.000000
vt 0.300000 1.027563 0.000000
vt 0.000000 1.027563 0.000000
vt 0.300000 0.822050 0.000000
vt 0.000000 0.822050 0.000000
vt 0.300000 0.616538 0.000000
vt 0.000000 0.616538 0.000000
vt 0.300000 0.411025 0.000000
vt 0.000000 0.411025 0.000000
vt 0.300000 0.205513 0.000000
vt 0.000000 0.205513 0.000000
vt 0.300000 0.000000 0.000000
vt 0.000000 0.000000 0.000000
vt 0.300000 -0.205513 0.000000
vt -0.000000 -0.205513 0.000000
vt 0.300000 -0.411025 0.000000
vt -0.000000 -0.411025 0.000000
vt 0.300000 -0.616538 0.000000
vt 0.000000 -0.616538 0.000000
vt 0.300000 -0.822050 0.000000
vt 0.000000 -0.822050 0.000000
vt 0.300000 -1.027563 0.000000
vt -0.000000 -1.027563 0.000000
vt 0.300000 -1.233075 0.000000
vt 0.000000 -1.233075 0.000000
vt 0.300000 -1.438588 0.000000
vt 0.000000 -1.438588 0.000000
vt 0.300000 -1.644100 0.000000
vt 0.000000 -1.644100 0.000000
vt 0.300000 -1.849613 0.000000
vt 0.000000 -1.849613 0.000000
vt 0.300000 -2.055125 0.000000
vt 0.000000 -2.055125 0.000000
vt 0.300000 -2.289436 0.000000
vt 0.000000 -2.289436 0.000000
vt 0.300000 -2.497566 0.000000
vt 0.000000 -2.497566 0.000000
vt 0.300000 2.497566 0.000000
vt 0.000000 2.497566 0.000000
vt 0.300000 2.289436 0.000000
vt 0.000000 2.289436 0.000000
vt 0.300000 2.081305 0.000000
vt 0.000000 2.081305 0.000000
vt 0.300000 1.873175 0.000000
vt 0.000000 1.873175 0.000000
vt 0.300000 1.665044 0.000000
vt 0.000000 1.665044 0.000000
vt 0.300000 1.456914 0.000000
vt 0.000000 1.456914 0.000000
vt 0.300000 1.248783 0.000000
vt 0.000000 1.248783 0.000000
vt 0.300000 1.040653 0.000000
vt 0.000000 1.040653 0.000000
vt 0.300000 0.832522 0.000000
vt 0.000000 0.832522 0.000000
vt 0.300000 0.624392 0.000000
vt 0.000000 0.624392 0.000000
vt 0.300000 0.416261 0.000000
vt 0.000000 0.416261 0.000000
vt 0.300000 0.208131 0.000000
vt 0.000000 0.208131 0.000000
vt 0.300000 0.000000 0.000000
vt 0.000000 0.000000 0.000000
vt 0.300000 -0.208131 0.000000
vt 0.000000 -0.208131 0.000000
vt 0.300000 -0.416261 0.000000
vt -0.000000 -0.416261 0.000000
vt 0.300000 -0.624392 0.000000
vt 0.000000 -0.624392 0.000000
vt 0.300000 -0.832522 0.000000
vt -0.000000 -0.832522 0.000000
vt 0.300000 -1.040653 0.000000
vt 0.000000 -1.040653 0.000000
vt 0.300000 -1.248783 0.000000
vt 0.000000 -1.248783 0.000000
vt 0.300000 -1.456914 0.000000
vt 0.000000 -1.456914 0.000000
vt 0.300000 -1.665044 0.000000
vt 0.000000 -1.665044 0.000000
vt 0.300000 -1.873175 0.000000
vt 0.000000 -1.873175 0.000000
vt 0.300000 -2.081305 0.000000
vt 0.000000 -2.081305 0.000000
vt -0.100000 0.000000 0.000000
vt -0.000000 0.000000 0.000000
vt -0.100000 0.035824 0.000000
vt 0.000000 0.035824 0.000000
vt -0.000000 0.071648 0.000000
vt 0.000000 0.107472 0.000000
vt -0.100000 0.107472 0.000000
vt -0.100000 0.071648 0.000000
vt -0.846258 0.000000 0.000000
vt -0.000000 0.000000 0.000000
vt -0.846258 0.100000 0.000000
vt -0.000000 0.100000 0.000000
vt 0.100000 0.119019 0.000000
vt 0.000000 0.119019 0.000000
vt 0.100000 0.095215 0.000000
vt 0.000000 0.095215 0.000000
vt 0.100000 0.071411 0.000000
vt 0.000000 0.071411 0.000000
vt 0.100000 0.047607 0.000000
vt 0.000000 0.047607 0.000000
vt 0.100000 0.023804 0.000000
vt 0.000000 0.023804 0.000000
vt 0.100000 0.000000 0.000000
vt 0.000000 0.000000 0.000000
vt -0.222168 0.000000 0.000000
vt -0.000000 0.000000 0.000000
vt -0.222168 0.100000 0.000000
vt -0.000000 0.100000 0.000000
vt -10.050000 0.000000 0.000000
vt -0.000000 0.000000 0.000000
vt -10.050000 0.100000 0.000000
vt -0.000000 0.100000 0.000000
vt 0.100000 0.157080 0.000000
vt 0.000000 0.157080 0.000000
vt 0.100000 0.130900 0.000000
vt 0.000000 0.130900 0.000000
vt 0.100000 0.104720 0.000000
vt 0.000000 0.104720 0.000000
vt 0.100000 0.078540 0.000000
vt 0.000000 0.078540 0.000000
vt 0.100000 0.052360 0.000000
vt 0.000000 0.052360 0.000000
vt 0.100000 0.026180 0.000000
vt 0.000000 0.026180 0.000000
vt 0.100000 0.000000 0.000000
vt 0.000000 0.000000 0.000000
vt -0.500659 0.000000 0.000000
vt -0.000000 0.000000 0.000000
vt -0.500659 0.100000 0.000000
vt -0.000000 0.100000 0.000000
vt -0.100000 0.000000 0.000000
vt -0.000000 0.000000 0.000000
vt -0.100000 0.026180 0.000000
vt -0.000000 0.026180 0.000000
vt -0.100000 0.052360 0.000000
vt -0.000000 0.052360 0.000000
vt -0.100000 0.078540 0.000000
vt -0.000000 0.078540 0.000000
vt -0.100000 0.104720 0.000000
vt -0.000000 0.104720 0.000000
vt -0.100000 0.130900 0.000000
vt -0.000000 0.130900 0.000000
vt -0.100000 0.157080 0.000000
vt -0.000000 0.157080 0.000000
vt -0.350000 0.000000 0.000000
vt -0.000000 0.000000 0.000000
vt -0.350000 0.100000 0.000000
vt -0.000000 0.100000 0.000000
vt -0.100000 0.000000 0.000000
vt -0.000000 0.000000 0.000000
vt -0.100000 0.026180 0.000000
vt -0.000000 0.026180 0.000000
vt -0.100000 0.052360 0.000000
vt 0.000000 0.052360 0.000000
vt -0.100000 0.078540 0.000000
vt 0.000000 0.078540 0.000000
vt -0.100000 0.104720 0.000000
vt 0.000000 0.104720 0.000000
vt -0.100000 0.130900 0.000000
vt -0.000000 0.130900 0.000000
vt -0.100000 0.157080 0.000000
vt -0.000000 0.157080 0.000000
vt -0.500659 0.000000 0.000000
vt -0.000000 0.000000 0.000000
vt -0.500659 0.100000 0.000000
vt -0.000000 0.100000 0.000000
vt 0.100000 0.157079 0.000000
vt 0.000000 0.157079 0.000000
vt 0.100000 0.130899 0.000000
vt 0.000000 0.130899 0.000000
vt 0.100000 0.104719 0.000000
vt 0.000000 0.104719 0.000000
vt 0.100000 0.078540 0.000000
vt 0.000000 0.078540 0.000000
vt 0.100000 0.052360 0.000000
vt 0.000000 0.052360 0.000000
vt 0.100000 0.026180 0.000000
vt 0.000000 0.026180 0.000000
vt 0.100000 -0.000000 0.000000
vt 0.000000 0.000000 0.000000
vt -10.009921 0.000000 0.000000
vt -0.000000 0.000000 0.000000
vt -10.009921 0.100000 0.000000
vt 0.000000 0.100000 0.000000
vt -0.212100 0.000000 0.000000
vt -0.000000 0.000000 0.000000
vt -0.212100 0.100000 0.000000
vt -0.000000 0.100000 0.000000
vt 0.100000 0.119019 0.000000
vt 0.000000 0.119019 0.000000
vt 0.100000 0.095215 0.000000
vt 0.000000 0.095215 0.000000
vt 0.100000 0.071411 0.000000
vt 0.000000 0.071411 0.000000
vt 0.100000 0.047607 0.000000
vt 0.000000 0.047607 0.000000
vt 0.100000 0.023804 0.000000
vt 0.000000 0.023804 0.000000
vt 0.100000 0.000000 0.000000
vt 0.000000 0.000000 0.000000
vt -0.846258 0.000000 0.000000
vt -0.000000 0.000000 0.000000
vt -0.846258 0.100000 0.000000
vt -0.000000 0.100000 0.000000
vt -0.100000 0.000000 0.000000
vt 0.000000 0.000000 0.000000
vt -0.100000 0.035824 0.000000
vt 0.000000 0.035824 0.000000
vt 0.000000 0.071648 0.000000
vt -0.000000 0.107472 0.000000
vt -0.100000 0.107472 0.000000
vt -0.100000 0.071648 0.000000
vt -0.941000 0.000000 0.000000
vt 0.000000 0.000000 0.000000
vt -0.941000 0.100000 0.000000
vt -0.000000 0.100000 0.000000
vt 0.100000 0.137615 0.000000
vt 0.000000 0.137615 0.000000
vt 0.100000 0.103211 0.000000
vt 0.000000 0.103211 0.000000
vt 0.100000 0.068807 0.000000
vt 0.000000 0.068807 0.000000
vt 0.100000 0.034404 0.000000
vt 0.000000 0.034404 0.000000
vt 0.100000 0.000000 0.000000
vt 0.000000 0.000000 0.000000
vt -0.326256 0.000000 0.000000
vt -0.000000 0.000000 0.000000
vt -0.326256 0.100000 0.000000
vt 0.000000 0.100000 0.000000
vt -9.200000 0.000000 0.000000
vt -0.000000 0.000000 0.000000
vt -9.200000 0.100000 0.000000
vt 0.000000 0.100000 0.000000
vt 0.100000 0.392699 0.000000
vt 0.000000 0.392699 0.000000
vt 0.100000 0.327249 0.000000
vt 0.000000 0.327249 0.000000
vt 0.100000 0.261799 0.000000
vt 0.000000 0.261799 0.000000
vt 0.100000 0.196350 0.000000
vt 0.000000 0.196350 0.000000
vt 0.100000 0.130900 0.000000
vt 0.000000 0.130900 0.000000
vt 0.100000 0.065450 0.000000
vt 0.000000 0.065450 0.000000
vt 0.100000 -0.000000 0.000000
vt 0.000000 0.000000 0.000000
vt -0.600000 0.000000 0.000000
vt 0.000000 0.000000 0.000000
vt -0.600000 0.100000 0.000000
vt 0.000000 0.100000 0.000000
vt -0.100000 0.000000 0.000000
vt -0.000000 0.000000 0.000000
vt -0.100000 0.065450 0.000000
vt -0.000000 0.065450 0.000000
vt -0.100000 0.130900 0.000000
vt -0.000000 0.130900 0.000000
vt -0.100000 0.196350 0.000000
vt -0.000000 0.196350 0.000000
vt -0.100000 0.261799 0.000000
vt -0.000000 0.261799 0.000000
vt -0.100000 0.327249 0.000000
vt 0.000000 0.327249 0.000000
vt -0.100000 0.392699 0.000000
vt -0.000000 0.392699 0.000000
vt -0.400000 0.000000 0.000000
vt -0.000000 0.000000 0.000000
vt -0.400000 0.100000 0.000000
vt -0.000000 0.100000 0.000000
vt 0.100000 0.392699 0.000000
vt 0.000000 0.392699 0.000000
vt 0.100000 0.327249 0.000000
vt 0.000000 0.327249 0.000000
vt 0.100000 0.261799 0.000000
vt 0.000000 0.261799 0.000000
vt 0.100000 0.196350 0.000000
vt 0.000000 0.196350 0.000000
vt 0.100000 0.130900 0.000000
vt 0.000000 0.130900 0.000000
vt 0.100000 0.065450 0.000000
vt 0.000000 0.065450 0.000000
vt 0.100000 -0.000000 0.000000
vt 0.000000 0.000000 0.000000
vt -0.240000 0.000000 0.000000
vt -0.000000 0.000000 0.000000
vt -0.240000 0.100000 0.000000
vt -0.000000 0.100000 0.000000
vt -9.858054 0.000000 0.000000
vt -0.000000 0.000000 0.000000
vt -9.858054 0.100000 0.000000
vt -0.000000 0.100000 0.000000
vt 0.100000 0.314159 0.000000
vt 0.000000 0.314159 0.000000
vt 0.100000 0.261799 0.000000
vt 0.000000 0.261799 0.000000
vt 0.100000 0.209440 0.000000
vt 0.000000 0.209440 0.000000
vt 0.100000 0.157080 0.000000
vt 0.000000 0.157080 0.000000
vt 0.100000 0.104720 0.000000
vt 0.000000 0.104720 0.000000
vt 0.100000 0.052360 0.000000
vt 0.000000 0.052360 0.000000
vt 0.100000 0.000000 0.000000
vt 0.000000 0.000000 0.000000
vt -0.254291 0.000000 0.000000
vt -0.000000 0.000000 0.000000
vt -0.254291 0.100000 0.000000
vt -0.000000 0.100000 0.000000
vt -0.100000 0.000000 0.000000
vt -0.000000 0.000000 0.000000
vt -0.100000 0.052360 0.000000
vt -0.000000 0.052360 0.000000
vt -0.100000 0.104720 0.000000
vt -0.000000 0.104720 0.000000
vt -0.100000 0.157080 0.000000
vt -0.000000 0.157080 0.000000
vt -0.100000 0.209440 0.000000
vt 0.000000 0.209440 0.000000
vt -0.100000 0.261799 0.000000
vt -0.000000 0.261799 0.000000
vt -0.100000 0.314159 0.000000
vt -0.000000 0.314159 0.000000
vt -0.111946 0.000000 0.000000
vt -0.000000 0.000000 0.000000
vt -0.111946 0.100000 0.000000
vt -0.000000 0.100000 0.000000
vt -0.100000 0.000000 0.000000
vt -0.000000 0.000000 0.000000
vt -0.100000 0.052360 0.000000
vt -0.000000 0.052360 0.000000
vt -0.100000 0.104720 0.000000
vt -0.000000 0.104720 0.000000
vt -0.100000 0.157080 0.000000
vt -0.000000 0.157080 0.000000
vt -0.100000 0.209440 0.000000
vt -0.000000 0.209440 0.000000
vt -0.100000 0.261799 0.000000
vt -0.000000 0.261799 0.000000
vt -0.100000 0.314159 0.000000
vt -0.000000 0.314159 0.000000
vt -0.254291 0.000000 0.000000
vt -0.000000 0.000000 0.000000
vt -0.254291 0.100000 0.000000
vt -0.000000 0.100000 0.000000
vt 0.100000 0.314159 0.000000
vt 0.000000 0.314159 0.000000
vt 0.100000 0.261799 0.000000
vt 0.000000 0.261799 0.000000
vt 0.100000 0.209440 0.000000
vt 0.000000 0.209440 0.000000
vt 0.100000 0.157080 0.000000
vt 0.000000 0.157080 0.000000
vt 0.100000 0.104720 0.000000
vt 0.000000 0.104720 0.000000
vt 0.100000 0.052360 0.000000
vt 0.000000 0.052360 0.000000
vt 0.100000 0.000000 0.000000
vt 0.000000 0.000000 0.000000
vt -9.840000 0.000000 0.000000
vt -0.000000 0.000000 0.000000
vt -9.840000 0.100000 0.000000
vt -0.000000 0.100000 0.000000
vt -0.100000 0.000000 0.000000
vt 0.000000 0.000000 0.000000
vt -0.100000 0.100000 0.000000
vt 0.000000 0.100000 0.000000
vt -9.748099 0.000000 0.000000
vt -0.000000 0.000000 0.000000
vt -9.748099 0.100000 0.000000
vt -0.000000 0.100000 0.000000
vt -0.100000 0.000000 0.000000
vt -0.000000 0.000000 0.000000
vt -0.100000 0.052360 0.000000
vt -0.000000 0.052360 0.000000
vt -0.100000 0.104720 0.000000
vt 0.000000 0.104720 0.000000
vt -0.100000 0.157080 0.000000
vt 0.000000 0.157080 0.000000
vt -0.100000 0.209440 0.000000
vt -0.000000 0.209440 0.000000
vt -0.100000 0.261799 0.000000
vt 0.000000 0.261799 0.000000
vt -0.100000 0.314159 0.000000
vt 0.000000 0.314159 0.000000
vt -0.254291 0.000000 0.000000
vt 0.000000 0.000000 0.000000
vt -0.254291 0.100000 0.000000
vt 0.000000 0.100000 0.000000
vt 0.100000 0.314159 0.000000
vt 0.000000 0.314159 0.000000
vt 0.100000 0.261799 0.000000
vt 0.000000 0.261799 0.000000
vt 0.100000 0.209440 0.000000
vt 0.000000 0.209440 0.000000
vt 0.100000 0.157080 0.000000
vt 0.000000 0.157080 0.000000
vt 0.100000 0.104720 0.000000
vt 0.000000 0.104720 0.000000
vt 0.100000 0.052360 0.000000
vt 0.000000 0.052360 0.000000
vt 0.100000 0.000000 0.000000
vt 0.000000 0.000000 0.000000
vt -0.301901 0.000000 0.000000
vt -0.000000 0.000000 0.000000
vt -0.301901 0.100000 0.000000
vt -0.000000 0.100000 0.000000
vt 0.100000 0.314159 0.000000
vt 0.000000 0.314159 0.000000
vt 0.100000 0.261799 0.000000
vt 0.000000 0.261799 0.000000
vt 0.100000 0.209440 0.000000
vt 0.000000 0.209440 0.000000
vt 0.100000 0.157080 0.000000
vt 0.000000 0.157080 0.000000
vt 0.100000 0.104720 0.000000
vt 0.000000 0.104720 0.000000
vt 0.100000 0.052360 0.000000
vt 0.000000 0.052360 0.000000
vt 0.100000 0.000000 0.000000
vt 0.000000 0.000000 0.000000
vt -0.354291 0.000000 0.000000
vt -0.000000 0.000000 0.000000
vt -0.354291 0.100000 0.000000
vt -0.000000 0.100000 0.000000
vt -0.100000 0.000000 0.000000
vt -0.000000 0.000000 0.000000
vt -0.100000 0.026180 0.000000
vt -0.000000 0.026180 0.000000
vt -0.100000 0.052360 0.000000
vt 0.000000 0.052360 0.000000
vt -0.100000 0.078540 0.000000
vt 0.000000 0.078540 0.000000
vt -0.100000 0.104720 0.000000
vt -0.000000 0.104720 0.000000
vt -0.100000 0.130900 0.000000
vt -0.000000 0.130900 0.000000
vt -0.100000 0.157080 0.000000
vt -0.000000 0.157080 0.000000
vt -10.000000 0.000000 0.000000
vt -0.000000 0.000000 0.000000
vt -10.000000 0.100000 0.000000
vt -0.000000 0.100000 0.000000
vt -0.100000 -0.000000 0.000000
vt -0.000000 0.000000 0.000000
vt -0.100000 0.065450 0.000000
vt -0.000000 0.065450 0.000000
vt -0.100000 0.130900 0.000000
vt 0.000000 0.130900 0.000000
vt -0.100000 0.196350 0.000000
vt -0.000000 0.196350 0.000000
vt -0.100000 0.261799 0.000000
vt 0.000000 0.261799 0.000000
vt -0.100000 0.327249 0.000000
vt -0.000000 0.327249 0.000000
vt -0.100000 0.392699 0.000000
vt -0.000000 0.392699 0.000000
vt -0.400000 0.000000 0.000000
vt -0.000000 0.000000 0.000000
vt -0.400000 0.100000 0.000000
vt -0.000000 0.100000 0.000000
vt 0.100000 0.392699 0.000000
vt 0.000000 0.392699 0.000000
vt 0.100000 0.327249 0.000000
vt 0.000000 0.327249 0.000000
vt 0.100000 0.261799 0.000000
vt 0.000000 0.261799 0.000000
vt 0.100000 0.196350 0.000000
vt 0.000000 0.196350 0.000000
vt 0.100000 0.130900 0.000000
vt 0.000000 0.130900 0.000000
vt 0.100000 0.065450 0.000000
vt 0.000000 0.065450 0.000000
vt 0.100000 0.000000 0.000000
vt 0.000000 0.000000 0.000000
vt -0.600000 0.000000 0.000000
vt -0.000000 0.000000 0.000000
vt -0.600000 0.100000 0.000000
vt -0.000000 0.100000 0.000000
vt -0.100000 -0.000000 0.000000
vt -0.000000 0.000000 0.000000
vt -0.100000 0.065450 0.000000
vt -0.000000 0.065450 0.000000
vt -0.100000 0.130900 0.000000
vt -0.000000 0.130900 0.000000
vt -0.100000 0.196350 0.000000
vt -0.000000 0.196350 0.000000
vt -0.100000 0.261799 0.000000
vt 0.000000 0.261799 0.000000
vt -0.100000 0.327249 0.000000
vt -0.000000 0.327249 0.000000
vt -0.100000 0.392699 0.000000
vt -0.000000 0.392699 0.000000
vt -9.100000 0.000000 0.000000
vt -0.000000 0.000000 0.000000
vt -9.100000 0.100000 0.000000
vt 0.000000 0.100000 0.000000
vt -0.229584 0.000000 0.000000
vt 0.000000 0.000000 0.000000
vt -0.229584 0.100000 0.000000
vt 0.000000 0.100000 0.000000
vt -0.100000 0.000000 0.000000
vt 0.000000 0.000000 0.000000
vt -0.100000 0.033046 0.000000
vt 0.000000 0.033046 0.000000
vt -0.100000 0.066091 0.000000
vt -0.000000 0.066091 0.000000
vt -0.100000 0.099137 0.000000
vt -0.000000 0.099137 0.000000
vt -0.100000 0.132183 0.000000
vt 0.000000 0.132183 0.000000
vt -0.973144 0.000000 0.000000
vt -0.000000 0.000000 0.000000
vt -0.973144 0.100000 0.000000
vt -0.000000 0.100000 0.000000
vt 0.100000 0.100253 0.000000
vt 0.000000 0.100253 0.000000
vt 0.100000 0.066836 0.000000
vt 0.000000 0.066836 0.000000
vt 0.000000 0.033418 0.000000
vt 0.000000 0.000000 0.000000
vt 0.100000 0.000000 0.000000
vt 0.100000 0.033418 0.000000
vt -0.868110 0.000000 0.000000
vt -0.000000 0.000000 0.000000
vt -0.868110 0.100000 0.000000
vt -0.000000 0.100000 0.000000
vt -10.112963 0.000000 0.000000
vt 0.000000 0.000000 0.000000
vt -10.112963 0.100000 0.000000
vt 0.000000 0.100000 0.000000
vt -0.100000 0.000000 0.000000
vt -0.000000 0.000000 0.000000
vt -0.100000 0.026180 0.000000
vt -0.000000 0.026180 0.000000
vt -0.100000 0.052360 0.000000
vt 0.000000 0.052360 0.000000
vt -0.100000 0.078540 0.000000
vt 0.000000 0.078540 0.000000
vt -0.100000 0.104720 0.000000
vt 0.000000 0.104720 0.000000
vt -0.100000 0.130900 0.000000
vt -0.000000 0.130900 0.000000
vt -0.100000 0.157080 0.000000
vt -0.000000 0.157080 0.000000
vt -0.498056 0.000000 0.000000
vt -0.000000 0.000000 0.000000
vt -0.498056 0.100000 0.000000
vt -0.000000 0.100000 0.000000
vt 0.100000 0.157080 0.000000
vt 0.000000 0.157080 0.000000
vt 0.100000 0.130900 0.000000
vt 0.000000 0.130900 0.000000
vt 0.100000 0.104720 0.000000
vt 0.000000 0.104720 0.000000
vt 0.100000 0.078540 0.000000
vt 0.000000 0.078540 0.000000
vt 0.100000 0.052360 0.000000
vt 0.000000 0.052360 0.000000
vt 0.100000 0.026180 0.000000
vt 0.000000 0.026180 0.000000
vt 0.100000 0.000000 0.000000
vt 0.000000 0.000000 0.000000
vt -0.550000 0.000000 0.000000
vt -0.000000 0.000000 0.000000
vt -0.550000 0.100000 0.000000
vt -0.000000 0.100000 0.000000
vt 0.100000 0.157080 0.000000
vt 0.000000 0.157080 0.000000
vt 0.100000 0.130900 0.000000
vt 0.000000 0.130900 0.000000
vt 0.100000 0.104720 0.000000
vt 0.000000 0.104720 0.000000
vt 0.100000 0.078540 0.000000
vt 0.000000 0.078540 0.000000
vt 0.100000 0.052360 0.000000
vt 0.000000 0.052360 0.000000
vt 0.100000 0.026180 0.000000
vt 0.000000 0.026180 0.000000
vt 0.100000 0.000000 0.000000
vt 0.000000 0.000000 0.000000
vt -0.498075 0.000000 0.000000
vt -0.000000 0.000000 0.000000
vt -0.498075 0.100000 0.000000
vt -0.000000 0.100000 0.000000
vt -0.100000 0.000000 0.000000
vt -0.000000 0.000000 0.000000
vt -0.100000 0.026180 0.000000
vt -0.000000 0.026180 0.000000
vt -0.100000 0.052360 0.000000
vt -0.000000 0.052360 0.000000
vt -0.100000 0.078540 0.000000
vt 0.000000 0.078540 0.000000
vt -0.100000 0.104720 0.000000
vt 0.000000 0.104720 0.000000
vt -0.100000 0.130900 0.000000
vt -0.000000 0.130900 0.000000
vt -0.100000 0.157080 0.000000
vt -0.000000 0.157080 0.000000
vt -9.950000 0.000000 0.000000
vt 0.000000 0.000000 0.000000
vt -9.950000 0.100000 0.000000
vt 0.000000 0.100000 0.000000
vt -0.213110 0.000000 0.000000
vt 0.000000 0.000000 0.000000
vt -0.213110 0.100000 0.000000
vt 0.000000 0.100000 0.000000
vt -0.868110 0.000000 0.000000
vt 0.000000 0.000000 0.000000
vt -0.868110 0.100000 0.000000
vt 0.000000 0.100000 0.000000
vt 0.100000 0.100253 0.000000
vt 0.000000 0.100253 0.000000
vt 0.100000 0.066836 0.000000
vt 0.000000 0.066836 0.000000
vt 0.000000 0.033418 0.000000
vt 0.000000 0.000000 0.000000
vt 0.100000 0.000000 0.000000
vt 0.100000 0.033418 0.000000
vt -0.973144 0.000000 0.000000
vt -0.000000 0.000000 0.000000
vt -0.973144 0.100000 0.000000
vt -0.000000 0.100000 0.000000
vt -0.100000 0.000000 0.000000
vt -0.000000 0.000000 0.000000
vt -0.100000 0.033070 0.000000
vt 0.000000 0.033070 0.000000
vt -0.100000 0.066141 0.000000
vt -0.000000 0.066141 0.000000
vt -0.100000 0.099211 0.000000
vt -0.000000 0.099211 0.000000
vt -0.100000 0.132282 0.000000
vt 0.000000 0.132282 0.000000
vt -0.429506 0.000000 0.000000
vt -0.000000 0.000000 0.000000
vt -0.429506 0.100000 0.000000
vt -0.000000 0.100000 0.000000
vt -0.000004 0.000000 0.000000
vt -0.000000 0.000000 0.000000
vt -0.000004 0.100000 0.000000
vt -0.000000 0.100000 0.000000
vt -0.200000 0.000000 0.000000
vt -0.000000 0.000000 0.000000
vt -0.200000 0.100000 0.000000
vt -0.000000 0.100000 0.000000
vt -0.099972 0.000000 0.000000
vt -0.000000 0.000000 0.000000
vt -0.099972 0.100000 0.000000
vt -0.000000 0.100000 0.000000
vt -0.326196 0.000000 0.000000
vt -0.000000 0.000000 0.000000
vt -0.326196 0.100000 0.000000
vt -0.000000 0.100000 0.000000
vt 0.100000 0.137695 0.000000
vt 0.000000 0.137695 0.000000
vt 0.100000 0.103271 0.000000
vt 0.000000 0.103271 0.000000
vt 0.100000 0.068848 0.000000
vt 0.000000 0.068848 0.000000
vt 0.100000 0.034424 0.000000
vt 0.000000 0.034424 0.000000
vt 0.100000 0.000000 0.000000
vt 0.000000 0.000000 0.000000
vt -0.941000 0.000000 0.000000
vt -0.000000 0.000000 0.000000
vt -0.941000 0.100000 0.000000
vt -0.000000 0.100000 0.000000
vt -0.141911 -0.056400 0.000000
vt 0.529741 0.595365 0.000000
vt 0.429686 0.691101 0.000000
vt 0.553397 0.618379 0.000000
vt 0.581513 0.635663 0.000000
vt -0.088889 -0.155837 0.000000
vt -0.166098 -0.082761 0.000000
vt -0.194594 -0.104392 0.000000
vt -0.112184 -0.179743 0.000000
vt -0.226488 -0.120600 0.000000
vt -0.139131 -0.199441 0.000000
vt -0.168979 -0.214384 0.000000
vt -1.012186 -0.434974 0.000000
vt -0.974965 -0.536876 0.000000
vt -1.033030 -0.446351 0.000000
vt -1.050605 -0.462323 0.000000
vt -1.063917 -0.481988 0.000000
vt -1.072217 -0.504238 0.000000
vt -1.075037 -0.527818 0.000000
vt -1.074963 -0.749986 0.000000
vt -0.974963 -0.749986 0.000000
vt -0.974963 -10.699986 0.000000
vt -1.074963 -10.799986 0.000000
vt -0.971556 -10.725868 0.000000
vt -0.961566 -10.749986 0.000000
vt -0.945674 -10.770697 0.000000
vt -1.071556 -10.825868 0.000000
vt -0.924963 -10.786589 0.000000
vt -1.061566 -10.849986 0.000000
vt -1.045674 -10.870697 0.000000
vt -1.024963 -10.886589 0.000000
vt -1.000845 -10.896579 0.000000
vt -0.974963 -10.899986 0.000000
vt -0.474305 -10.899986 0.000000
vt -0.874963 -10.799986 0.000000
vt -0.900845 -10.796579 0.000000
vt -0.376889 -10.799986 0.000000
vt -0.448423 -10.903394 0.000000
vt -0.351007 -10.803394 0.000000
vt -0.326889 -10.813384 0.000000
vt -0.424305 -10.913384 0.000000
vt -0.306178 -10.829276 0.000000
vt -0.290286 -10.849986 0.000000
vt -0.280296 -10.874104 0.000000
vt -0.403594 -10.929276 0.000000
vt -0.276889 -10.899986 0.000000
vt -0.387702 -10.949986 0.000000
vt -0.377712 -10.974104 0.000000
vt -0.374305 -10.999986 0.000000
vt -0.276889 -11.449986 0.000000
vt -0.374305 -11.349986 0.000000
vt -0.377712 -11.375868 0.000000
vt -0.387702 -11.399986 0.000000
vt -0.403594 -11.420697 0.000000
vt -0.280296 -11.475868 0.000000
vt -0.424305 -11.436589 0.000000
vt -0.290286 -11.499986 0.000000
vt -0.306178 -11.520697 0.000000
vt -0.326889 -11.536589 0.000000
vt -0.448423 -11.446579 0.000000
vt -0.351007 -11.546579 0.000000
vt -0.376889 -11.549986 0.000000
vt -0.474305 -11.449986 0.000000
vt -0.874945 -11.549986 0.000000
vt -0.974963 -11.449986 0.000000
vt -0.900826 -11.553394 0.000000
vt -0.924945 -11.563384 0.000000
vt -1.000845 -11.453394 0.000000
vt -1.024963 -11.463384 0.000000
vt -1.045674 -11.479275 0.000000
vt -1.061566 -11.499986 0.000000
vt -1.071556 -11.524104 0.000000
vt -0.945655 -11.579276 0.000000
vt -1.074963 -11.549986 0.000000
vt -0.961547 -11.599986 0.000000
vt -0.971537 -11.624104 0.000000
vt -0.974945 -11.649986 0.000000
vt -1.075017 -21.559907 0.000000
vt -0.974945 -21.762949 0.000000
vt -1.075017 -21.772007 0.000000
vt -1.072197 -21.795587 0.000000
vt -1.063897 -21.817837 0.000000
vt -1.050584 -21.837502 0.000000
vt -1.033010 -21.853474 0.000000
vt -1.012165 -21.864851 0.000000
vt -0.168958 -22.085441 0.000000
vt -0.226467 -22.179225 0.000000
vt -0.139111 -22.100384 0.000000
vt -0.112164 -22.120082 0.000000
vt -0.194573 -22.195433 0.000000
vt -0.088869 -22.143988 0.000000
vt -0.166077 -22.217064 0.000000
vt -0.141891 -22.243425 0.000000
vt 0.529762 -22.895190 0.000000
vt 0.429706 -22.990926 0.000000
vt 0.553398 -22.918189 0.000000
vt 0.581489 -22.935467 0.000000
vt 0.453542 -23.015631 0.000000
vt 0.482370 -23.034269 0.000000
vt 0.514680 -23.045865 0.000000
vt 0.548781 -23.049811 0.000000
vt 0.612676 -22.946188 0.000000
vt 0.645453 -22.949835 0.000000
vt 0.875037 -23.049986 0.000000
vt 0.875037 -22.949986 0.000000
vt 9.975037 -22.949986 0.000000
vt 10.075037 -23.049986 0.000000
vt 10.039742 -22.941468 0.000000
vt 10.139742 -23.041468 0.000000
vt 10.100037 -22.916493 0.000000
vt 10.200037 -23.016493 0.000000
vt 10.251814 -22.976763 0.000000
vt 10.151814 -22.876763 0.000000
vt 10.291543 -22.924986 0.000000
vt 10.316518 -22.864691 0.000000
vt 10.191543 -22.824986 0.000000
vt 10.325037 -22.799986 0.000000
vt 10.216518 -22.764691 0.000000
vt 10.225037 -22.699986 0.000000
vt 10.325037 -22.199986 0.000000
vt 10.225037 -22.099986 0.000000
vt 10.333555 -22.135282 0.000000
vt 10.358530 -22.074986 0.000000
vt 10.233555 -22.035282 0.000000
vt 10.398260 -22.023210 0.000000
vt 10.258530 -21.974986 0.000000
vt 10.298260 -21.923210 0.000000
vt 10.450037 -21.983480 0.000000
vt 10.350037 -21.883480 0.000000
vt 10.410332 -21.858505 0.000000
vt 10.510332 -21.958505 0.000000
vt 10.475037 -21.849986 0.000000
vt 10.575037 -21.949986 0.000000
vt 10.875037 -21.849986 0.000000
vt 10.975037 -21.949986 0.000000
vt 10.939742 -21.841468 0.000000
vt 11.039742 -21.941468 0.000000
vt 11.000037 -21.816493 0.000000
vt 11.100037 -21.916493 0.000000
vt 11.151814 -21.876763 0.000000
vt 11.051814 -21.776763 0.000000
vt 11.191543 -21.824986 0.000000
vt 11.216518 -21.764691 0.000000
vt 11.091543 -21.724986 0.000000
vt 11.225037 -21.699986 0.000000
vt 11.116518 -21.664691 0.000000
vt 11.125037 -21.599986 0.000000
vt 11.225037 -21.459986 0.000000
vt 11.125037 -11.599986 0.000000
vt 11.225037 -11.601932 0.000000
vt 11.121629 -11.574104 0.000000
vt 11.218222 -11.550168 0.000000
vt 11.111639 -11.549986 0.000000
vt 11.198242 -11.501932 0.000000
vt 11.095748 -11.529276 0.000000
vt 11.166458 -11.460511 0.000000
vt 11.075037 -11.513384 0.000000
vt 11.050919 -11.503394 0.000000
vt 11.125037 -11.428727 0.000000
vt 11.076801 -11.408747 0.000000
vt 11.025037 -11.499986 0.000000
vt 11.025037 -11.401932 0.000000
vt 10.770746 -11.401932 0.000000
vt 10.670746 -11.499986 0.000000
vt 10.718982 -11.395117 0.000000
vt 10.618982 -11.493171 0.000000
vt 10.670746 -11.375137 0.000000
vt 10.570746 -11.473191 0.000000
vt 10.529324 -11.441408 0.000000
vt 10.497541 -11.399986 0.000000
vt 10.629324 -11.343353 0.000000
vt 10.477560 -11.351750 0.000000
vt 10.597541 -11.301932 0.000000
vt 10.470746 -11.299986 0.000000
vt 10.577560 -11.253696 0.000000
vt 10.570746 -11.201932 0.000000
vt 10.470746 -10.998085 0.000000
vt 10.570746 -11.089986 0.000000
vt 10.577560 -11.038222 0.000000
vt 10.597541 -10.989986 0.000000
vt 10.477560 -10.946321 0.000000
vt 10.629324 -10.948565 0.000000
vt 10.497541 -10.898085 0.000000
vt 10.529324 -10.856664 0.000000
vt 10.670746 -10.916781 0.000000
vt 10.570746 -10.824880 0.000000
vt 10.618982 -10.804900 0.000000
vt 10.718982 -10.896801 0.000000
vt 10.670746 -10.798085 0.000000
vt 10.770746 -10.889986 0.000000
vt 10.925037 -10.798085 0.000000
vt 11.025037 -10.889986 0.000000
vt 10.976801 -10.791270 0.000000
vt 11.076801 -10.883171 0.000000
vt 11.025037 -10.771290 0.000000
vt 11.125037 -10.863191 0.000000
vt 11.166458 -10.831408 0.000000
vt 11.066458 -10.739506 0.000000
vt 11.198242 -10.789986 0.000000
vt 11.218222 -10.741750 0.000000
vt 11.098242 -10.698085 0.000000
vt 11.225037 -10.689986 0.000000
vt 11.118222 -10.649849 0.000000
vt 11.125037 -10.598085 0.000000
vt 11.225037 -0.849986 0.000000
vt 11.125037 -0.849986 0.000000
vt 0.612728 0.646379 0.000000
vt 0.548841 0.749986 0.000000
vt 0.514719 0.746053 0.000000
vt 0.482385 0.734462 0.000000
vt 0.645531 0.650010 0.000000
vt 0.875037 0.749986 0.000000
vt 0.875037 0.650014 0.000000
vt 1.075037 0.650010 0.000000
vt 1.075037 0.650014 0.000000
vt 0.453537 0.715818 0.000000
vt -1.200000 -0.314159 0.000000
vt -0.000000 -0.314159 0.000000
vt -1.200000 -0.261799 0.000000
vt -0.000000 -0.261799 0.000000
vt -1.200000 -0.209440 0.000000
vt -0.000000 -0.209440 0.000000
vt -1.200000 -0.157080 0.000000
vt -0.000000 -0.157080 0.000000
vt -1.200000 -0.104720 0.000000
vt -0.000000 -0.104720 0.000000
vt -1.200000 -0.052360 0.000000
vt -0.000000 -0.052360 0.000000
vt -1.200000 0.000000 0.000000
vt -0.000000 0.000000 0.000000
vt -0.000000 0.000000 0.000000
vt 0.798226 0.000000 0.000000
vt 0.000000 1.200000 0.000000
vt 0.798226 1.200000 0.000000
vt -1.200000 -0.314159 0.000000
vt -0.000000 -0.314159 0.000000
vt -1.200000 -0.261799 0.000000
vt -0.000000 -0.261799 0.000000
vt -1.200000 -0.209440 0.000000
vt -0.000000 -0.209440 0.000000
vt -1.200000 -0.157080 0.000000
vt -0.000000 -0.157080 0.000000
vt -1.200000 -0.104720 0.000000
vt -0.000000 -0.104720 0.000000
vt -1.200000 -0.052360 0.000000
vt -0.000000 -0.052360 0.000000
vt -1.200000 0.000000 0.000000
vt -0.000000 0.000000 0.000000
vt 0.000000 0.000000 0.000000
vt 0.537859 0.000000 0.000000
vt 0.000000 1.200000 0.000000
vt 0.537859 1.200000 0.000000
vt -0.000000 0.000000 0.000000
vt 0.537859 0.000000 0.000000
vt 0.000000 1.200000 0.000000
vt 0.537859 1.200000 0.000000
vt -11.598225 1.200000 0.000000
vt -21.500000 1.200000 0.000000
vt -11.598225 -0.000000 0.000000
vt -21.500000 0.000000 0.000000
vt 0.001984 0.000000 0.000000
vt 0.698532 0.000000 0.000000
vt 0.001984 1.200000 0.000000
vt 0.698532 1.200000 0.000000
vt 0.000000 0.000000 0.000000
vt 1.241645 0.000000 0.000000
vt 0.000000 1.200000 0.000000
vt 1.241645 1.200000 0.000000
vt -1.200000 -0.119840 0.000000
vt 0.000000 -0.119840 0.000000
vt -0.600000 -0.079893 0.000000
vt 0.000000 -0.079893 0.000000
vt -0.600000 -0.039947 0.000000
vt 0.000000 -0.039947 0.000000
vt 0.000000 -0.000000 0.000000
vt -1.200000 -0.000000 0.000000
vt -1.200000 -0.039947 0.000000
vt -1.200000 -0.079893 0.000000
vt 5.647933 0.043999 0.000000
vt 5.507850 0.060001 0.000000
vt 5.642141 0.000000 0.000000
vt 5.507850 -0.051945 0.000000
vt 5.647933 -0.043999 0.000000
vt 5.514665 -0.103709 0.000000
vt 5.534645 -0.151945 0.000000
vt 5.664916 0.085000 0.000000
vt 5.534645 0.160001 0.000000
vt 5.514665 0.111764 0.000000
vt 5.691933 0.120208 0.000000
vt 5.607850 0.233206 0.000000
vt 5.566428 0.201422 0.000000
vt 5.656086 0.253186 0.000000
vt 5.727141 0.147224 0.000000
vt 5.707850 0.260001 0.000000
vt 5.768142 0.164208 0.000000
vt 5.812141 0.170000 0.000000
vt 5.962141 0.260001 0.000000
vt 5.856140 0.164208 0.000000
vt 5.897141 0.147224 0.000000
vt 5.932349 0.120208 0.000000
vt 6.013905 0.266815 0.000000
vt 5.959365 0.085000 0.000000
vt 6.062141 0.286795 0.000000
vt 5.976348 0.043999 0.000000
vt 6.250000 0.000000 0.000000
vt 5.982141 0.000000 0.000000
vt 5.976348 -0.043999 0.000000
vt 5.959365 -0.085000 0.000000
vt 6.013905 -0.258760 0.000000
vt 6.062141 -0.278740 0.000000
vt 6.103562 -0.310524 0.000000
vt 6.135346 -0.351945 0.000000
vt 5.932349 -0.120208 0.000000
vt 5.962141 -0.251945 0.000000
vt 5.897141 -0.147224 0.000000
vt 5.856140 -0.164207 0.000000
vt 5.812141 -0.170000 0.000000
vt 5.707850 -0.251945 0.000000
vt 5.768142 -0.164207 0.000000
vt 5.727141 -0.147224 0.000000
vt 5.656086 -0.245130 0.000000
vt 5.691933 -0.120208 0.000000
vt 5.607850 -0.225150 0.000000
vt 5.664916 -0.085000 0.000000
vt 5.566428 -0.193367 0.000000
vt -5.752067 11.344000 0.000000
vt -6.116025 11.500000 0.000000
vt -5.757859 11.300000 0.000000
vt -6.215926 11.258819 0.000000
vt -5.752067 11.256001 0.000000
vt -6.250000 11.000000 0.000000
vt -5.735084 11.215000 0.000000
vt -6.075082 10.715013 0.000000
vt -5.708068 11.179792 0.000000
vt -5.672859 11.152776 0.000000
vt -5.631859 11.135793 0.000000
vt -5.587859 11.130000 0.000000
vt -5.289383 11.029386 0.000000
vt -5.543860 11.135793 0.000000
vt -5.502859 11.152776 0.000000
vt -5.467651 11.179792 0.000000
vt -5.440635 11.215000 0.000000
vt -5.423652 11.256001 0.000000
vt -5.257490 11.045594 0.000000
vt -5.228993 11.067225 0.000000
vt -5.957107 11.707107 0.000000
vt -5.735084 11.385000 0.000000
vt -5.708068 11.420208 0.000000
vt -5.672859 11.447225 0.000000
vt -5.750000 11.866025 0.000000
vt -5.631859 11.464208 0.000000
vt -5.587859 11.470000 0.000000
vt -5.508819 11.965926 0.000000
vt -5.543860 11.464208 0.000000
vt -5.502859 11.447225 0.000000
vt -5.250000 12.000000 0.000000
vt -5.467651 11.420208 0.000000
vt -5.440635 11.385000 0.000000
vt -5.423652 11.344000 0.000000
vt -5.204807 11.093587 0.000000
vt -4.633210 11.841088 0.000000
vt -5.417859 11.300000 0.000000
vt -5.752067 -11.256001 0.000000
vt -6.215926 -11.258819 0.000000
vt -5.757859 -11.300000 0.000000
vt -6.116025 -11.500000 0.000000
vt -5.752067 -11.343999 0.000000
vt -5.957107 -11.707107 0.000000
vt -5.735084 -11.385000 0.000000
vt -5.708068 -11.420208 0.000000
vt -5.672859 -11.447224 0.000000
vt -5.750000 -11.866025 0.000000
vt -5.631859 -11.464207 0.000000
vt -5.587859 -11.470000 0.000000
vt -5.508819 -11.965926 0.000000
vt -5.543860 -11.464207 0.000000
vt -5.502859 -11.447224 0.000000
vt -5.250000 -12.000000 0.000000
vt -5.467651 -11.420208 0.000000
vt -5.440635 -11.385000 0.000000
vt -5.423652 -11.343999 0.000000
vt -5.204787 -11.093439 0.000000
vt -5.417859 -11.300000 0.000000
vt -5.423652 -11.256001 0.000000
vt -5.228973 -11.067077 0.000000
vt -5.257469 -11.045446 0.000000
vt -6.250000 -11.000000 0.000000
vt -5.735084 -11.215000 0.000000
vt -6.075061 -10.714864 0.000000
vt -5.708068 -11.179792 0.000000
vt -5.672859 -11.152776 0.000000
vt -5.631859 -11.135793 0.000000
vt -5.587859 -11.130000 0.000000
vt -5.289363 -11.029238 0.000000
vt -5.543860 -11.135793 0.000000
vt -5.502859 -11.152776 0.000000
vt -5.467651 -11.179792 0.000000
vt -5.440635 -11.215000 0.000000
vt 5.447933 -11.256001 0.000000
vt 5.262141 -11.050000 0.000000
vt 5.442141 -11.300000 0.000000
vt 5.262141 -11.650000 0.000000
vt 5.447933 -11.343999 0.000000
vt 5.464916 -11.385000 0.000000
vt 5.491933 -11.420208 0.000000
vt 5.527141 -11.447224 0.000000
vt 5.508819 -11.965926 0.000000
vt 5.568142 -11.464207 0.000000
vt 5.612141 -11.470000 0.000000
vt 5.750000 -11.866025 0.000000
vt 5.656140 -11.464207 0.000000
vt 5.697141 -11.447224 0.000000
vt 5.957107 -11.707107 0.000000
vt 5.732349 -11.420208 0.000000
vt 5.759365 -11.385000 0.000000
vt 5.776348 -11.343999 0.000000
vt 6.116025 -11.500000 0.000000
vt 5.782141 -11.300000 0.000000
vt 6.215926 -11.258819 0.000000
vt 5.776348 -11.256001 0.000000
vt 5.976846 -10.791481 0.000000
vt 5.759365 -11.215000 0.000000
vt 5.912141 -10.800000 0.000000
vt 5.732349 -11.179792 0.000000
vt 5.697141 -11.152776 0.000000
vt 5.656140 -11.135793 0.000000
vt 5.512141 -10.800000 0.000000
vt 5.612141 -11.130000 0.000000
vt 5.568142 -11.135793 0.000000
vt 5.527141 -11.152776 0.000000
vt 5.447436 -10.808518 0.000000
vt 5.387141 -10.833493 0.000000
vt 5.464916 -11.215000 0.000000
vt 5.491933 -11.179792 0.000000
vt 5.270659 -10.985295 0.000000
vt 5.295635 -10.925000 0.000000
vt 5.335364 -10.873223 0.000000
vt 5.447933 11.344000 0.000000
vt 4.987965 11.695295 0.000000
vt 5.442141 11.300000 0.000000
vt 4.987965 10.695295 0.000000
vt 5.447933 11.256001 0.000000
vt 5.464916 11.215000 0.000000
vt 5.491933 11.179792 0.000000
vt 5.187965 10.495295 0.000000
vt 5.527141 11.152776 0.000000
vt 5.568142 11.135793 0.000000
vt 5.612141 11.130000 0.000000
vt 5.950000 10.495295 0.000000
vt 5.656140 11.135793 0.000000
vt 5.697141 11.152776 0.000000
vt 5.732349 11.179792 0.000000
vt 6.250000 11.000000 0.000000
vt 5.759365 11.215000 0.000000
vt 6.215926 11.258819 0.000000
vt 5.776348 11.256001 0.000000
vt 5.782141 11.300000 0.000000
vt 6.116025 11.500000 0.000000
vt 5.776348 11.344000 0.000000
vt 5.957107 11.707107 0.000000
vt 5.759365 11.385000 0.000000
vt 5.732349 11.420208 0.000000
vt 5.697141 11.447225 0.000000
vt 5.750000 11.866025 0.000000
vt 5.656140 11.464208 0.000000
vt 5.612141 11.470000 0.000000
vt 5.508819 11.965926 0.000000
vt 5.568142 11.464208 0.000000
vt 5.331023 11.695295 0.000000
vt 5.527141 11.447225 0.000000
vt 5.491933 11.420208 0.000000
vt 5.464916 11.385000 0.000000
vt -5.902067 0.043999 0.000000
vt -6.037859 0.250001 0.000000
vt -5.907859 0.000000 0.000000
vt -6.063741 0.253408 0.000000
vt -6.250000 0.000000 0.000000
vt -6.087859 0.263398 0.000000
vt -6.108570 0.279290 0.000000
vt -5.885084 0.085000 0.000000
vt -5.858068 0.120208 0.000000
vt -5.822859 0.147224 0.000000
vt -5.781859 0.164208 0.000000
vt -5.737859 0.170000 0.000000
vt -5.537201 0.250001 0.000000
vt -5.693860 0.164208 0.000000
vt -5.652859 0.147224 0.000000
vt -5.617651 0.120208 0.000000
vt -5.590635 0.085000 0.000000
vt -5.511319 0.246593 0.000000
vt -5.487201 0.236603 0.000000
vt -5.466490 0.220711 0.000000
vt -5.450598 0.200001 0.000000
vt -5.440608 0.175882 0.000000
vt -5.437201 0.150001 0.000000
vt -5.573652 0.043999 0.000000
vt -5.567859 0.000000 0.000000
vt -5.437201 -0.199999 0.000000
vt -5.573652 -0.043999 0.000000
vt -5.590635 -0.085000 0.000000
vt -5.617651 -0.120208 0.000000
vt -5.537201 -0.299999 0.000000
vt -5.511319 -0.296592 0.000000
vt -5.487201 -0.286602 0.000000
vt -5.652859 -0.147224 0.000000
vt -5.693860 -0.164207 0.000000
vt -5.737859 -0.170000 0.000000
vt -6.037859 -0.299999 0.000000
vt -5.781859 -0.164207 0.000000
vt -5.822859 -0.147224 0.000000
vt -5.858068 -0.120208 0.000000
vt -5.885084 -0.085000 0.000000
vt -5.902067 -0.043999 0.000000
vt -6.063741 -0.303407 0.000000
vt -4.609359 11.865805 0.000000
vt -4.580510 11.884448 0.000000
vt -4.548177 11.896040 0.000000
vt -4.514055 11.899973 0.000000
vt -4.187859 11.899973 0.000000
vt 5.250000 12.000000 0.000000
vt -3.987859 11.800001 0.000000
vt 5.250000 11.700000 0.000000
vt -3.987859 11.799997 0.000000
vt -4.387859 11.700000 0.000000
vt -4.417365 11.799997 0.000000
vt -4.450168 11.796366 0.000000
vt -4.187859 11.800001 0.000000
vt -4.481383 11.785649 0.000000
vt -4.509499 11.768366 0.000000
vt -4.533155 11.745352 0.000000
vt -5.151785 10.994150 0.000000
vt -5.181368 10.744999 0.000000
vt -5.175080 10.970244 0.000000
vt -5.202027 10.950545 0.000000
vt -5.231874 10.935603 0.000000
vt -5.209785 10.717019 0.000000
vt -5.243189 10.695234 0.000000
vt -5.280252 10.680510 0.000000
vt -5.950000 10.489153 0.000000
vt -6.037861 10.613111 0.000000
vt -6.037859 10.400001 0.000000
vt -5.950000 0.600000 0.000000
vt -6.037859 0.450001 0.000000
vt -5.963741 0.353408 0.000000
vt -5.987859 0.363398 0.000000
vt -6.008570 0.379290 0.000000
vt -6.024462 0.400001 0.000000
vt -6.034452 0.424119 0.000000
vt -5.937859 0.350001 0.000000
vt -5.437859 0.600000 0.000000
vt -5.439785 0.350001 0.000000
vt -5.386096 0.593185 0.000000
vt -5.413903 0.346593 0.000000
vt -5.337859 0.573205 0.000000
vt -5.389785 0.336603 0.000000
vt -5.296438 0.541422 0.000000
vt -5.264654 0.500000 0.000000
vt -5.369074 0.320711 0.000000
vt -5.244674 0.451764 0.000000
vt -5.237859 0.400000 0.000000
vt -5.353182 0.300001 0.000000
vt -5.343192 0.275882 0.000000
vt -5.339785 0.250001 0.000000
vt -5.237859 -0.394108 0.000000
vt -5.339785 -0.299999 0.000000
vt -5.343192 -0.325881 0.000000
vt -5.353182 -0.349999 0.000000
vt -5.244674 -0.445872 0.000000
vt -5.369074 -0.370710 0.000000
vt -5.264654 -0.494108 0.000000
vt -5.296438 -0.535530 0.000000
vt -5.389785 -0.386602 0.000000
vt -5.337859 -0.567313 0.000000
vt -5.413903 -0.396592 0.000000
vt -5.386096 -0.587293 0.000000
vt -5.439785 -0.399999 0.000000
vt -5.437859 -0.594108 0.000000
vt -5.937840 -0.399999 0.000000
vt -5.950000 -0.594108 0.000000
vt -5.963722 -0.403407 0.000000
vt -5.987840 -0.413397 0.000000
vt -6.008551 -0.429289 0.000000
vt -6.024443 -0.449999 0.000000
vt -6.034433 -0.474118 0.000000
vt -6.037840 -0.499999 0.000000
vt -5.950000 -10.493858 0.000000
vt -6.037840 -10.612963 0.000000
vt -5.231854 -10.935454 0.000000
vt -5.202007 -10.950397 0.000000
vt -5.181678 -10.749331 0.000000
vt -5.210038 -10.721521 0.000000
vt -5.243333 -10.699865 0.000000
vt -5.175060 -10.970095 0.000000
vt -5.151765 -10.994001 0.000000
vt -4.387859 -11.700000 0.000000
vt -4.533134 -11.745204 0.000000
vt -4.509498 -11.768202 0.000000
vt -4.481407 -11.785480 0.000000
vt -4.450220 -11.796201 0.000000
vt -4.417443 -11.799848 0.000000
vt -4.187859 -11.800000 0.000000
vt 0.000000 -11.700000 0.000000
vt 4.987965 -11.700000 0.000000
vt 4.912141 -11.800000 0.000000
vt 4.976846 -11.791481 0.000000
vt 5.037141 -11.766506 0.000000
vt 5.088918 -11.726776 0.000000
vt 5.128647 -11.675000 0.000000
vt 5.153622 -11.614704 0.000000
vt 5.162141 -11.550000 0.000000
vt 4.987965 -10.900000 0.000000
vt 5.162141 -10.950000 0.000000
vt 5.170659 -10.885295 0.000000
vt 5.195635 -10.825000 0.000000
vt 5.041555 -10.700000 0.000000
vt 5.001595 -10.796472 0.000000
vt 5.105123 -10.617157 0.000000
vt 5.235364 -10.773223 0.000000
vt 5.187965 -10.553590 0.000000
vt 5.287141 -10.733493 0.000000
vt 5.284438 -10.513630 0.000000
vt 5.347436 -10.708518 0.000000
vt 5.387965 -10.500000 0.000000
vt 5.412141 -10.700000 0.000000
vt 5.812141 -10.700000 0.000000
vt 5.950000 -10.500000 0.000000
vt 5.876846 -10.691481 0.000000
vt 5.937141 -10.666506 0.000000
vt 5.988918 -10.626776 0.000000
vt 6.028647 -10.575000 0.000000
vt 6.053622 -10.514704 0.000000
vt 6.062141 -10.450000 0.000000
vt 5.950000 -0.598225 0.000000
vt 6.062141 -0.449999 0.000000
vt 5.988023 -0.353407 0.000000
vt 6.012141 -0.363397 0.000000
vt 6.032852 -0.379289 0.000000
vt 6.048743 -0.399999 0.000000
vt 6.058734 -0.424118 0.000000
vt 5.962141 -0.349999 0.000000
vt 5.607850 -0.349999 0.000000
vt 5.412141 -0.598225 0.000000
vt 5.556086 -0.343185 0.000000
vt 5.507850 -0.323205 0.000000
vt 5.466428 -0.291421 0.000000
vt 5.360377 -0.591411 0.000000
vt 5.312141 -0.571430 0.000000
vt 5.270719 -0.539647 0.000000
vt 5.238936 -0.498225 0.000000
vt 5.218956 -0.449989 0.000000
vt 5.212141 -0.398225 0.000000
vt 5.434645 -0.249999 0.000000
vt 5.414665 -0.201763 0.000000
vt 5.407850 -0.149999 0.000000
vt 5.212141 0.400000 0.000000
vt 5.407850 0.151902 0.000000
vt 5.414665 0.203665 0.000000
vt 5.434645 0.251902 0.000000
vt 5.466428 0.293323 0.000000
vt 5.218956 0.451764 0.000000
vt 5.238936 0.500000 0.000000
vt 5.270719 0.541422 0.000000
vt 5.312141 0.573205 0.000000
vt 5.360377 0.593185 0.000000
vt 5.412141 0.600000 0.000000
vt 5.507850 0.325107 0.000000
vt 5.556086 0.345087 0.000000
vt 5.607850 0.351902 0.000000
vt 5.950000 0.600000 0.000000
vt 5.862141 0.351902 0.000000
vt 5.913905 0.358716 0.000000
vt 5.962141 0.378697 0.000000
vt 6.003562 0.410480 0.000000
vt 6.035346 0.451902 0.000000
vt 6.055326 0.500138 0.000000
vt 6.062141 0.551902 0.000000
vt 6.062141 10.300001 0.000000
vt 6.162141 10.300001 0.000000
vt 6.162141 0.460001 0.000000
vt 6.155326 0.408237 0.000000
vt 6.135346 0.360001 0.000000
vt 6.103562 0.318579 0.000000
vt 6.155326 -0.400181 0.000000
vt 6.162141 -0.451945 0.000000
vt 6.162141 -10.310000 0.000000
vt 6.250000 -11.000000 0.000000
vt 6.162141 -10.550000 0.000000
vt 6.153622 -10.614704 0.000000
vt 6.128647 -10.675000 0.000000
vt 6.088918 -10.726776 0.000000
vt 6.037141 -10.766506 0.000000
vt 5.253622 -11.714704 0.000000
vt 5.228647 -11.775000 0.000000
vt 5.250000 -12.000000 0.000000
vt 5.188918 -11.826776 0.000000
vt 5.137141 -11.866506 0.000000
vt 5.076846 -11.891481 0.000000
vt 5.012141 -11.900000 0.000000
vt -4.187859 -11.900000 0.000000
vt -4.514115 -11.899824 0.000000
vt -4.548216 -11.895878 0.000000
vt -4.580526 -11.884282 0.000000
vt -4.609354 -11.865644 0.000000
vt -4.633190 -11.840940 0.000000
vt -6.095906 -10.703487 0.000000
vt -6.113480 -10.687515 0.000000
vt -6.126793 -10.667850 0.000000
vt -6.135093 -10.645600 0.000000
vt -6.137912 -10.622020 0.000000
vt -6.137912 -10.409920 0.000000
vt -6.137859 -0.399999 0.000000
vt -6.134452 -0.374117 0.000000
vt -6.124462 -0.349999 0.000000
vt -6.108570 -0.329289 0.000000
vt -6.087859 -0.313397 0.000000
vt -5.466490 -0.270710 0.000000
vt -5.450598 -0.249999 0.000000
vt -5.440608 -0.225881 0.000000
vt -6.124462 0.300001 0.000000
vt -6.134452 0.324119 0.000000
vt -6.137859 0.350001 0.000000
vt -6.137859 10.400001 0.000000
vt -6.137933 10.622169 0.000000
vt -6.135113 10.645748 0.000000
vt -6.126813 10.667998 0.000000
vt -6.113500 10.687664 0.000000
vt -6.095926 10.703635 0.000000
vt 5.304083 11.697908 0.000000
vt 5.277062 11.699477 0.000000
vt 4.994780 10.643531 0.000000
vt 5.014760 10.595295 0.000000
vt 5.046544 10.553874 0.000000
vt 5.087965 10.522090 0.000000
vt 5.136202 10.502110 0.000000
vt -5.280252 -10.685215 0.000000
vt -0.862141 1.200000 0.000000
vt -10.500000 1.200000 0.000000
vt -0.862141 -0.000000 0.000000
vt -10.500000 0.000000 0.000000
vt -1.200000 -0.119354 0.000000
vt -0.000000 -0.119354 0.000000
vt -0.600000 -0.079569 0.000000
vt -0.000000 -0.079569 0.000000
vt -0.600000 -0.039785 0.000000
vt -0.000000 -0.039785 0.000000
vt -0.000000 0.000000 0.000000
vt -1.200000 0.000000 0.000000
vt -1.200000 -0.039785 0.000000
vt -1.200000 -0.079569 0.000000
vt 0.000000 0.000000 0.000000
vt 1.238516 0.000000 0.000000
vt 0.000000 1.200000 0.000000
vt 1.238516 1.200000 0.000000
vt 0.696549 1.200000 0.000000
vt 0.000000 1.200000 0.000000
vt 0.696549 0.000000 0.000000
vt 0.000000 0.000000 0.000000
vt -0.506142 1.200000 0.000000
vt -10.405892 1.200000 0.000000
vt -0.506142 0.000000 0.000000
vt -10.405892 -0.000000 0.000000
vt 0.000000 0.000000 0.000000
vt 0.794108 0.000000 0.000000
vt 0.000000 1.200000 0.000000
vt 0.794108 1.200000 0.000000
vt -1.200000 -0.314159 0.000000
vt -0.000000 -0.314159 0.000000
vt -1.200000 -0.261799 0.000000
vt 0.000000 -0.261799 0.000000
vt -1.200000 -0.209440 0.000000
vt 0.000000 -0.209440 0.000000
vt -1.200000 -0.157080 0.000000
vt -0.000000 -0.157080 0.000000
vt -1.200000 -0.104720 0.000000
vt 0.000000 -0.104720 0.000000
vt -1.200000 -0.052360 0.000000
vt 0.000000 -0.052360 0.000000
vt -1.200000 0.000000 0.000000
vt -0.000000 0.000000 0.000000
vt 0.000000 0.000000 0.000000
vt 0.512141 0.000000 0.000000
vt 0.000000 1.200000 0.000000
vt 0.512141 1.200000 0.000000
vt 0.000000 0.000000 0.000000
vt 0.512141 0.000000 0.000000
vt 0.000000 1.200000 0.000000
vt 0.512141 1.200000 0.000000
vt -1.200000 -0.314159 0.000000
vt 0.000000 -0.314159 0.000000
vt -1.200000 -0.261799 0.000000
vt -0.000000 -0.261799 0.000000
vt -1.200000 -0.209440 0.000000
vt -0.000000 -0.209440 0.000000
vt -1.200000 -0.157080 0.000000
vt -0.000000 -0.157080 0.000000
vt -1.200000 -0.104720 0.000000
vt -0.000000 -0.104720 0.000000
vt -1.200000 -0.052360 0.000000
vt -0.000000 -0.052360 0.000000
vt -1.200000 0.000000 0.000000
vt -0.000000 0.000000 0.000000
vt -21.489153 -0.000000 0.000000
vt -11.600000 -0.000000 0.000000
vt -21.489153 1.200000 0.000000
vt -11.600000 1.200000 0.000000
vt 0.000000 0.000000 0.000000
vt 0.800000 0.000000 0.000000
vt 0.000000 1.200000 0.000000
vt 0.800000 1.200000 0.000000
vt -1.200000 -0.628319 0.000000
vt -0.000000 -0.628319 0.000000
vt -1.200000 -0.523599 0.000000
vt -0.000000 -0.523599 0.000000
vt -1.200000 -0.418879 0.000000
vt -0.000000 -0.418879 0.000000
vt -1.200000 -0.314159 0.000000
vt -0.000000 -0.314159 0.000000
vt -1.200000 -0.209440 0.000000
vt -0.000000 -0.209440 0.000000
vt -1.200000 -0.104720 0.000000
vt -0.000000 -0.104720 0.000000
vt -1.200000 0.000000 0.000000
vt -0.000000 0.000000 0.000000
vt 0.048809 0.000000 0.000000
vt 0.610844 0.000000 0.000000
vt 0.048809 1.200000 0.000000
vt 0.610844 1.200000 0.000000
vt -9.637859 -0.000000 0.000000
vt -0.262035 -0.000000 0.000000
vt -9.637859 1.200000 0.000000
vt -0.262035 1.200000 0.000000
vt -10.400000 -0.000000 0.000000
vt -0.504705 -0.000000 0.000000
vt -10.400000 1.200000 0.000000
vt -0.504705 1.200000 0.000000
vt 0.356942 0.000000 0.000000
vt 0.700000 0.000000 0.000000
vt 0.356942 1.200000 0.000000
vt 0.700000 1.200000 0.000000
vt 0.762035 1.200000 0.000000
vt 0.000000 1.200000 0.000000
vt 0.762035 0.000000 0.000000
vt -0.000000 0.000000 0.000000
vt -0.000000 0.000000 0.000000
vt 1.000000 0.000000 0.000000
vt 0.000000 1.200000 0.000000
vt 1.000000 1.200000 0.000000
vt -1.200000 -0.314159 0.000000
vt -0.000000 -0.314159 0.000000
vt -1.200000 -0.261799 0.000000
vt -0.000000 -0.261799 0.000000
vt -1.200000 -0.209440 0.000000
vt -0.000000 -0.209440 0.000000
vt -1.200000 -0.157080 0.000000
vt -0.000000 -0.157080 0.000000
vt -1.200000 -0.104720 0.000000
vt -0.000000 -0.104720 0.000000
vt -1.200000 -0.052360 0.000000
vt -0.000000 -0.052360 0.000000
vt -1.200000 0.000000 0.000000
vt -0.000000 0.000000 0.000000
vt 1.200000 0.081205 0.000000
vt -0.000000 0.081205 0.000000
vt 1.200000 0.054137 0.000000
vt 0.000000 0.054137 0.000000
vt 1.200000 0.027068 0.000000
vt 0.000000 0.027068 0.000000
vt 1.200000 -0.000000 0.000000
vt 0.000000 -0.000000 0.000000
vt -0.000000 0.000000 0.000000
vt 10.500000 0.000000 0.000000
vt -0.000000 1.500000 0.000000
vt 10.500000 1.500000 0.000000
vt -1.500000 0.000000 0.000000
vt -0.000000 0.000000 0.000000
vt -1.500000 0.261799 0.000000
vt -0.000000 0.261799 0.000000
vt -1.500000 0.523599 0.000000
vt -0.000000 0.523599 0.000000
vt -1.500000 0.785398 0.000000
vt -0.000000 0.785398 0.000000
vt -1.500000 1.047198 0.000000
vt -0.000000 1.047198 0.000000
vt -1.500000 1.308997 0.000000
vt -0.000000 1.308997 0.000000
vt -1.500000 1.570796 0.000000
vt -0.000000 1.570796 0.000000
vt 0.000000 0.000000 0.000000
vt 11.000000 0.000000 0.000000
vt -0.000000 1.500000 0.000000
vt 11.000000 1.500000 0.000000
vt 22.000000 0.000000 0.000000
vt 22.000000 1.500000 0.000000
vt -1.500000 0.000000 0.000000
vt -0.000000 0.000000 0.000000
vt -1.500000 0.261799 0.000000
vt -0.000000 0.261799 0.000000
vt -1.500000 0.523599 0.000000
vt -0.000000 0.523599 0.000000
vt -1.500000 0.785398 0.000000
vt -0.000000 0.785398 0.000000
vt -1.500000 1.047198 0.000000
vt -0.000000 1.047198 0.000000
vt -1.500000 1.308997 0.000000
vt -0.000000 1.308997 0.000000
vt -1.500000 1.570796 0.000000
vt -0.000000 1.570796 0.000000
vt 0.000000 0.000000 0.000000
vt 10.500000 0.000000 0.000000
vt 0.000000 1.500000 0.000000
vt 10.500000 1.500000 0.000000
vt -1.500000 0.000000 0.000000
vt -0.000000 0.000000 0.000000
vt -1.500000 0.261799 0.000000
vt -0.000000 0.261799 0.000000
vt -1.500000 0.523599 0.000000
vt -0.000000 0.523599 0.000000
vt -1.500000 0.785398 0.000000
vt -0.000000 0.785398 0.000000
vt -1.500000 1.047198 0.000000
vt -0.000000 1.047198 0.000000
vt -1.500000 1.308997 0.000000
vt -0.000000 1.308997 0.000000
vt -1.500000 1.570796 0.000000
vt -0.000000 1.570796 0.000000
vt -0.000000 0.000000 0.000000
vt 11.000000 0.000000 0.000000
vt -0.000000 1.500000 0.000000
vt 11.000000 1.500000 0.000000
vt 22.000000 0.000000 0.000000
vt 22.000000 1.500000 0.000000
vt -1.500000 0.000000 0.000000
vt -0.000000 0.000000 0.000000
vt -1.500000 0.261799 0.000000
vt -0.000000 0.261799 0.000000
vt -1.500000 0.523599 0.000000
vt -0.000000 0.523599 0.000000
vt -1.500000 0.785398 0.000000
vt -0.000000 0.785398 0.000000
vt -1.500000 1.047198 0.000000
vt -0.000000 1.047198 0.000000
vt -1.500000 1.308997 0.000000
vt -0.000000 1.308997 0.000000
vt -1.500000 1.570796 0.000000
vt -0.000000 1.570796 0.000000
vn -0.860314 -0.509764 0.000000
vn -0.860314 -0.509764 0.000000
vn -0.860314 -0.509764 0.000000
vn -0.860314 -0.509764 0.000000
vn -0.871626 0.490172 -0.000000
vn -0.871626 0.490172 -0.000000
vn -0.871626 0.490172 -0.000000
vn -0.871626 0.490172 -0.000000
vn -0.011312 0.999936 -0.000000
vn -0.011312 0.999936 -0.000000
vn -0.011312 0.999936 -0.000000
vn -0.011312 0.999936 -0.000000
vn 0.860314 0.509764 -0.000000
vn 0.860314 0.509764 -0.000000
vn 0.860314 0.509764 -0.000000
vn 0.860314 0.509764 -0.000000
vn 0.871626 -0.490172 -0.000000
vn 0.871626 -0.490172 -0.000000
vn 0.871626 -0.490172 -0.000000
vn 0.871626 -0.490172 -0.000000
vn 0.011312 -0.999936 -0.000000
vn 0.011312 -0.999936 -0.000000
vn 0.011312 -0.999936 -0.000000
vn 0.011312 -0.999936 -0.000000
vn 0.000000 0.000000 -1.000000
vn 0.000000 0.000000 -1.000000
vn 0.000000 0.000000 -1.000000
vn 0.000000 0.000000 -1.000000
vn 0.000000 0.000000 -1.000000
vn 0.000000 0.000000 -1.000000
vn 0.000000 0.000000 -1.000000
vn 0.000000 0.000000 -1.000000
vn 0.000000 0.000000 -1.000000
vn 0.000000 0.000000 -1.000000
vn 0.000000 0.000000 -1.000000
vn 0.000000 0.000000 -1.000000
vn 0.000000 0.000000 -1.000000
vn 0.000000 0.000000 -1.000000
vn 0.000000 0.000000 -1.000000
vn 0.000000 0.000000 -1.000000
vn 0.000000 0.000000 -1.000000
vn 0.000000 0.000000 -1.000000
vn 0.000000 0.000000 -1.000000
vn 0.000000 0.000000 -1.000000
vn 0.000000 0.000000 -1.000000
vn 0.000000 0.000000 -1.000000
vn 0.000000 0.000000 -1.000000
vn 0.000000 0.000000 -1.000000
vn 0.000000 0.000000 -1.000000
vn 0.000000 0.000000 -1.000000
vn 0.000000 0.000000 -1.000000
vn 0.000000 0.000000 -1.000000
vn 0.000000 0.000000 -1.000000
vn 0.000000 0.000000 -1.000000
vn 0.000000 -0.707107 -0.707107
vn 0.000000 -0.707107 -0.707107
vn 0.000000 -0.707107 -0.707107
vn 0.000000 -0.707107 -0.707107
vn 1.000000 -0.000000 0.000000
vn 1.000000 -0.000000 0.000000
vn 1.000000 -0.000000 0.000000
vn 1.000000 -0.000000 0.000000
vn 0.000000 0.000000 -1.000000
vn 0.000000 0.000000 -1.000000
vn 0.000000 0.000000 -1.000000
vn 0.000000 0.000000 -1.000000
vn 0.000000 0.000000 -1.000000
vn 0.000000 0.000000 -1.000000
vn 0.000000 0.000000 -1.000000
vn 0.000000 0.000000 -1.000000
vn 0.000000 0.000000 -1.000000
vn 0.000000 0.000000 -1.000000
vn 0.000000 0.000000 -1.000000
vn 0.000000 0.000000 -1.000000
vn 0.000000 0.000000 -1.000000
vn 0.000000 0.000000 -1.000000
vn 0.000000 0.000000 -1.000000
vn 0.000000 0.000000 -1.000000
vn 0.000000 0.000000 -1.000000
vn 0.000000 0.000000 -1.000000
vn 0.000000 0.000000 -1.000000
vn 0.000000 0.000000 -1.000000
vn 0.000000 0.000000 -1.000000
vn 0.000000 0.000000 -1.000000
vn 0.000000 0.000000 -1.000000
vn 0.000000 0.000000 -1.000000
vn 0.000000 0.000000 -1.000000
vn 0.000000 0.000000 -1.000000
vn -0.707107 0.000000 -0.707107
vn -0.707107 0.000000 -0.707107
vn -0.707107 0.000000 -0.707107
vn -0.707107 0.000000 -0.707107
vn -0.000000 -1.000000 -0.000000
vn -0.000000 -1.000000 -0.000000
vn -0.000000 -1.000000 -0.000000
vn -0.000000 -1.000000 -0.000000
vn 0.000000 0.707107 -0.707107
vn 0.000000 0.707107 -0.707107
vn 0.000000 0.707107 -0.707107
vn 0.000000 0.707107 -0.707107
vn -1.000000 -0.000000 -0.000000
vn -1.000000 -0.000000 -0.000000
vn -1.000000 -0.000000 -0.000000
vn -1.000000 -0.000000 -0.000000
vn 0.707107 0.000000 -0.707107
vn 0.707107 0.000000 -0.707107
vn 0.707107 0.000000 -0.707107
vn 0.707107 0.000000 -0.707107
vn 0.000000 -1.000000 0.000000
vn 0.000000 -1.000000 0.000000
vn 0.000000 -1.000000 0.000000
vn 0.000000 -1.000000 0.000000
vn -1.000000 -0.000000 -0.000000
vn -1.000000 -0.000000 -0.000000
vn -1.000000 -0.000000 -0.000000
vn -1.000000 -0.000000 -0.000000
vn 0.000000 -1.000000 0.000000
vn 0.000000 -1.000000 0.000000
vn 0.000000 -1.000000 0.000000
vn 0.000000 -1.000000 0.000000
vn 0.000000 1.000000 0.000000
vn 0.000000 1.000000 0.000000
vn 0.000000 1.000000 0.000000
vn 0.000000 1.000000 0.000000
vn 1.000000 -0.000000 0.000000
vn 1.000000 -0.000000 0.000000
vn 1.000000 -0.000000 0.000000
vn 1.000000 -0.000000 0.000000
vn 1.000000 -0.000000 0.000000
vn 1.000000 -0.000000 0.000000
vn 1.000000 -0.000000 0.000000
vn 1.000000 -0.000000 0.000000
vn -0.000000 1.000000 0.000000
vn -0.000000 1.000000 0.000000
vn -0.000000 1.000000 0.000000
vn -0.000000 1.000000 0.000000
vn -1.000000 -0.000000 -0.000000
vn -1.000000 -0.000000 -0.000000
vn -1.000000 -0.000000 -0.000000
vn -1.000000 -0.000000 -0.000000
vn 1.000000 -0.000000 0.000000
vn 1.000000 -0.000000 0.000000
vn 1.000000 -0.000000 0.000000
vn 1.000000 -0.000000 0.000000
vn -0.000000 -0.000000 -1.000000
vn -0.000000 -0.000000 -1.000000
vn -0.000000 -0.000000 -1.000000
vn -0.000000 -0.000000 -1.000000
vn -0.000000 -0.000000 -1.000000
vn -0.000000 -0.000000 -1.000000
vn -0.000000 -0.000000 -1.000000
vn -0.000000 -0.000000 -1.000000
vn -0.000000 -0.000000 -1.000000
vn -0.000000 -0.000000 -1.000000
vn -0.000000 -0.000000 -1.000000
vn -0.000000 -0.000000 -1.000000
vn -0.000000 -0.000000 -1.000000
vn -0.000000 -0.000000 -1.000000
vn -0.000000 -0.000000 -1.000000
vn -0.000000 -0.000000 -1.000000
vn -0.000000 -0.000000 -1.000000
vn -0.000000 -0.000000 -1.000000
vn -0.000000 -0.000000 -1.000000
vn -0.000000 -0.000000 -1.000000
vn -0.000000 -0.000000 -1.000000
vn -0.000000 -0.000000 -1.000000
vn -0.000000 -0.000000 -1.000000
vn -0.000000 -0.000000 -1.000000
vn -0.000000 -0.000000 -1.000000
vn -0.000000 -0.000000 -1.000000
vn -0.000000 -0.000000 -1.000000
vn -0.000000 -0.000000 -1.000000
vn -0.000000 -0.000000 -1.000000
vn -0.000000 -0.000000 -1.000000
vn -0.000000 -0.000000 -1.000000
vn -0.000000 -0.000000 -1.000000
vn -0.000000 -0.000000 -1.000000
vn -0.000000 -0.000000 -1.000000
vn -0.000000 -0.000000 -1.000000
vn -0.000000 -0.000000 -1.000000
vn -0.000000 -0.000000 -1.000000
vn -0.000000 -0.000000 -1.000000
vn -0.000000 -0.000000 -1.000000
vn -0.000000 -0.000000 -1.000000
vn -0.000000 -0.000000 -1.000000
vn -0.000000 -0.000000 -1.000000
vn -0.000000 -0.000000 -1.000000
vn -0.000000 -0.000000 -1.000000
vn -0.000000 -0.000000 -1.000000
vn -0.000000 -0.000000 -1.000000
vn -0.000000 -0.000000 -1.000000
vn -0.000000 -0.000000 -1.000000
vn -0.000000 -0.000000 -1.000000
vn -0.000000 -0.000000 -1.000000
vn -0.000000 -0.000000 -1.000000
vn -0.000000 -0.000000 -1.000000
vn -0.000000 -0.000000 -1.000000
vn -0.000000 -0.000000 -1.000000
vn -0.000000 -0.000000 -1.000000
vn -0.000000 -0.000000 -1.000000
vn -0.000000 -0.000000 -1.000000
vn -0.000000 -0.000000 -1.000000
vn -0.000000 -0.000000 -1.000000
vn -0.000000 -0.000000 -1.000000
vn -0.000000 -0.000000 -1.000000
vn -0.000000 -0.000000 -1.000000
vn -0.000000 -0.000000 -1.000000
vn -0.000000 -0.000000 -1.000000
vn -0.000000 -0.000000 -1.000000
vn -0.000000 -0.000000 -1.000000
vn -0.000000 -0.000000 -1.000000
vn -0.000000 -0.000000 -1.000000
vn -0.000000 -0.000000 -1.000000
vn -0.000000 -0.000000 -1.000000
vn -0.000000 -0.000000 -1.000000
vn -0.000000 -0.000000 -1.000000
vn -0.000000 -0.000000 -1.000000
vn -0.000000 -0.000000 -1.000000
vn -0.000000 -0.000000 -1.000000
vn -0.000000 -0.000000 -1.000000
vn -0.000000 -0.000000 -1.000000
vn -0.000000 -0.000000 -1.000000
vn -0.000000 -0.000000 -1.000000
vn -0.000000 -0.000000 -1.000000
vn -0.000000 -0.000000 -1.000000
vn -0.000000 -0.000000 -1.000000
vn -0.000000 -0.000000 -1.000000
vn -0.000000 -0.000000 -1.000000
vn -0.000000 -0.000000 -1.000000
vn -0.000000 -0.000000 -1.000000
vn -0.000000 -0.000000 -1.000000
vn -0.000000 -0.000000 -1.000000
vn -0.000000 -0.000000 -1.000000
vn -0.000000 -0.000000 -1.000000
vn -0.000000 -0.000000 -1.000000
vn -0.000000 -0.000000 -1.000000
vn -0.000000 -0.000000 -1.000000
vn -0.000000 -0.000000 -1.000000
vn -0.000000 -0.000000 -1.000000
vn -0.000000 -0.000000 -1.000000
vn -0.000000 -0.000000 -1.000000
vn -0.000000 -0.000000 -1.000000
vn -0.000000 -0.000000 -1.000000
vn -0.000000 -0.000000 -1.000000
vn -0.000000 -0.000000 -1.000000
vn -0.000000 -0.000000 -1.000000
vn -0.000000 -0.000000 -1.000000
vn -0.000000 -0.000000 -1.000000
vn -0.000000 -0.000000 -1.000000
vn -0.000000 -0.000000 -1.000000
vn -0.000000 -0.000000 -1.000000
vn -0.000000 -0.000000 -1.000000
vn -0.000000 -0.000000 -1.000000
vn -0.000000 -0.000000 -1.000000
vn -0.000000 -0.000000 -1.000000
vn -0.000000 -0.000000 -1.000000
vn -0.000000 -0.000000 -1.000000
vn -0.000000 -0.000000 -1.000000
vn -0.000000 -0.000000 -1.000000
vn -0.000000 -0.000000 -1.000000
vn -0.000000 -0.000000 -1.000000
vn -0.000000 -0.000000 -1.000000
vn -0.000000 -0.000000 -1.000000
vn -0.000000 -0.000000 -1.000000
vn -0.000000 -0.000000 -1.000000
vn -0.000000 -0.000000 -1.000000
vn -0.000000 -0.000000 -1.000000
vn -0.000000 -0.000000 -1.000000
vn -0.000000 -0.000000 -1.000000
vn -0.000000 -0.000000 -1.000000
vn -0.000000 -0.000000 -1.000000
vn -0.000000 -0.000000 -1.000000
vn -0.000000 -0.000000 -1.000000
vn -0.000000 -0.000000 -1.000000
vn -0.000000 -0.000000 -1.000000
vn -0.000000 -0.000000 -1.000000
vn -0.000000 -0.000000 -1.000000
vn -0.000000 -0.000000 -1.000000
vn 0.000000 1.000000 0.000000
vn 0.000000 1.000000 0.000000
vn 0.000000 1.000000 0.000000
vn 0.000000 1.000000 0.000000
vn -1.000000 -0.000000 -0.000000
vn -1.000000 -0.000000 -0.000000
vn -1.000000 -0.000000 -0.000000
vn -1.000000 -0.000000 -0.000000
vn 0.000000 -1.000000 0.000000
vn 0.000000 -1.000000 0.000000
vn 0.000000 -1.000000 0.000000
vn 0.000000 -1.000000 0.000000
vn 0.000000 1.000000 0.000000
vn 0.000000 1.000000 0.000000
vn 0.000000 1.000000 0.000000
vn 0.000000 1.000000 0.000000
vn -0.683013 -0.183013 0.707107
vn -0.683013 -0.183013 0.707107
vn -0.707107 0.000000 0.707107
vn -0.707107 0.000000 0.707107
vn -0.683013 0.183013 0.707107
vn -0.683013 0.183013 0.707107
vn -0.612372 0.353553 0.707107
vn -0.612372 0.353553 0.707107
vn -0.500000 0.500000 0.707107
vn -0.500000 0.500000 0.707107
vn -0.353553 0.612372 0.707107
vn -0.353553 0.612372 0.707107
vn -0.183013 0.683013 0.707107
vn -0.183013 0.683013 0.707107
vn -0.000000 0.707107 0.707107
vn -0.000000 0.707107 0.707107
vn 0.183013 0.683013 0.707107
vn 0.183013 0.683013 0.707107
vn 0.353553 0.612372 0.707107
vn 0.353553 0.612372 0.707107
vn 0.500000 0.500000 0.707107
vn 0.500000 0.500000 0.707107
vn 0.612372 0.353553 0.707107
vn 0.612372 0.353553 0.707107
vn 0.683013 0.183013 0.707107
vn 0.683013 0.183013 0.707107
vn 0.707107 0.000000 0.707107
vn 0.707107 0.000000 0.707107
vn 0.683013 -0.183013 0.707107
vn 0.683013 -0.183013 0.707107
vn 0.612372 -0.353553 0.707107
vn 0.612372 -0.353553 0.707107
vn 0.500000 -0.500000 0.707107
vn 0.500000 -0.500000 0.707107
vn 0.353553 -0.612372 0.707107
vn 0.353553 -0.612372 0.707107
vn 0.183013 -0.683013 0.707107
vn 0.183013 -0.683013 0.707107
vn -0.000000 -0.707107 0.707107
vn -0.000000 -0.707107 0.707107
vn -0.183013 -0.683013 0.707107
vn -0.183013 -0.683013 0.707107
vn -0.353553 -0.612372 0.707107
vn -0.353553 -0.612372 0.707107
vn -0.500000 -0.500000 0.707107
vn -0.500000 -0.500000 0.707107
vn -0.612372 -0.353553 0.707107
vn -0.612372 -0.353553 0.707107
vn -0.965926 -0.258819 -0.000000
vn -0.965926 -0.258819 -0.000000
vn -1.000000 -0.000000 -0.000000
vn -1.000000 -0.000000 -0.000000
vn -0.965926 0.258819 0.000000
vn -0.965926 0.258819 0.000000
vn -0.866025 0.500000 0.000000
vn -0.866025 0.500000 0.000000
vn -0.707107 0.707107 0.000000
vn -0.707107 0.707107 0.000000
vn -0.500000 0.866025 0.000000
vn -0.500000 0.866025 0.000000
vn -0.258819 0.965926 0.000000
vn -0.258819 0.965926 0.000000
vn -0.000000 1.000000 0.000000
vn -0.000000 1.000000 0.000000
vn 0.258819 0.965926 0.000000
vn 0.258819 0.965926 0.000000
vn 0.500000 0.866025 0.000000
vn 0.500000 0.866025 0.000000
vn 0.707107 0.707107 0.000000
vn 0.707107 0.707107 0.000000
vn 0.866025 0.500000 0.000000
vn 0.866025 0.500000 0.000000
vn 0.965926 0.258819 0.000000
vn 0.965926 0.258819 0.000000
vn 1.000000 0.000000 0.000000
vn 1.000000 0.000000 0.000000
vn 0.965926 -0.258819 0.000000
vn 0.965926 -0.258819 0.000000
vn 0.866025 -0.500000 0.000000
vn 0.866025 -0.500000 0.000000
vn 0.707107 -0.707107 0.000000
vn 0.707107 -0.707107 0.000000
vn 0.500000 -0.866025 0.000000
vn 0.500000 -0.866025 0.000000
vn 0.258819 -0.965926 0.000000
vn 0.258819 -0.965926 0.000000
vn -0.000000 -1.000000 -0.000000
vn -0.000000 -1.000000 -0.000000
vn -0.258819 -0.965926 -0.000000
vn -0.258819 -0.965926 -0.000000
vn -0.500000 -0.866025 -0.000000
vn -0.500000 -0.866025 -0.000000
vn -0.707107 -0.707107 -0.000000
vn -0.707107 -0.707107 -0.000000
vn -0.866025 -0.500000 -0.000000
vn -0.866025 -0.500000 -0.000000
vn -0.965926 0.258819 0.000000
vn -1.000000 -0.000000 -0.000000
vn -0.965926 -0.258819 -0.000000
vn -0.866025 -0.500000 -0.000000
vn -0.707107 -0.707107 -0.000000
vn -0.500000 -0.866025 -0.000000
vn -0.258819 -0.965926 -0.000000
vn -0.000000 -1.000000 -0.000000
vn 0.258819 -0.965926 0.000000
vn 0.500000 -0.866025 0.000000
vn 0.707107 -0.707107 0.000000
vn 0.866025 -0.500000 0.000000
vn 0.965926 -0.258819 0.000000
vn 1.000000 -0.000000 0.000000
vn 0.965926 0.258819 0.000000
vn 0.866025 0.500000 0.000000
vn 0.707107 0.707107 0.000000
vn 0.500000 0.866025 0.000000
vn 0.258819 0.965926 0.000000
vn -0.000000 1.000000 0.000000
vn -0.258819 0.965926 0.000000
vn -0.500000 0.866025 0.000000
vn -0.707107 0.707107 0.000000
vn -0.866025 0.500000 0.000000
vn -0.683013 -0.183013 0.707107
vn -0.683013 -0.183013 0.707107
vn -0.707107 0.000000 0.707107
vn -0.707107 0.000000 0.707107
vn -0.683013 0.183013 0.707107
vn -0.683013 0.183013 0.707107
vn -0.612372 0.353553 0.707107
vn -0.612372 0.353553 0.707107
vn -0.500000 0.500000 0.707107
vn -0.500000 0.500000 0.707107
vn -0.353553 0.612372 0.707107
vn -0.353553 0.612372 0.707107
vn -0.183013 0.683013 0.707107
vn -0.183013 0.683013 0.707107
vn -0.000000 0.707107 0.707107
vn -0.000000 0.707107 0.707107
vn 0.183013 0.683013 0.707107
vn 0.183013 0.683013 0.707107
vn 0.353553 0.612372 0.707107
vn 0.353553 0.612372 0.707107
vn 0.500000 0.500000 0.707107
vn 0.500000 0.500000 0.707107
vn 0.612372 0.353553 0.707107
vn 0.612372 0.353553 0.707107
vn 0.683013 0.183013 0.707107
vn 0.683013 0.183013 0.707107
vn 0.707107 0.000000 0.707107
vn 0.707107 0.000000 0.707107
vn 0.683013 -0.183013 0.707107
vn 0.683013 -0.183013 0.707107
vn 0.612372 -0.353553 0.707107
vn 0.612372 -0.353553 0.707107
vn 0.500000 -0.500000 0.707107
vn 0.500000 -0.500000 0.707107
vn 0.353553 -0.612372 0.707107
vn 0.353553 -0.612372 0.707107
vn 0.183013 -0.683013 0.707107
vn 0.183013 -0.683013 0.707107
vn -0.000000 -0.707107 0.707107
vn -0.000000 -0.707107 0.707107
vn -0.183013 -0.683013 0.707107
vn -0.183013 -0.683013 0.707107
vn -0.353553 -0.612372 0.707107
vn -0.353553 -0.612372 0.707107
vn -0.500000 -0.500000 0.707107
vn -0.500000 -0.500000 0.707107
vn -0.612372 -0.353553 0.707107
vn -0.612372 -0.353553 0.707107
vn -0.965926 -0.258819 -0.000000
vn -0.965926 -0.258819 -0.000000
vn -1.000000 -0.000000 -0.000000
vn -1.000000 -0.000000 -0.000000
vn -0.965926 0.258819 0.000000
vn -0.965926 0.258819 0.000000
vn -0.866025 0.500000 0.000000
vn -0.866025 0.500000 0.000000
vn -0.707107 0.707107 0.000000
vn -0.707107 0.707107 0.000000
vn -0.500000 0.866025 0.000000
vn -0.500000 0.866025 0.000000
vn -0.258819 0.965926 0.000000
vn -0.258819 0.965926 0.000000
vn -0.000000 1.000000 0.000000
vn -0.000000 1.000000 0.000000
vn 0.258819 0.965926 0.000000
vn 0.258819 0.965926 0.000000
vn 0.500000 0.866025 0.000000
vn 0.500000 0.866025 0.000000
vn 0.707107 0.707107 0.000000
vn 0.707107 0.707107 0.000000
vn 0.866025 0.500000 0.000000
vn 0.866025 0.500000 0.000000
vn 0.965926 0.258819 0.000000
vn 0.965926 0.258819 0.000000
vn 1.000000 0.000000 0.000000
vn 1.000000 0.000000 0.000000
vn 0.965926 -0.258819 0.000000
vn 0.965926 -0.258819 0.000000
vn 0.866025 -0.500000 0.000000
vn 0.866025 -0.500000 0.000000
vn 0.707107 -0.707107 0.000000
vn 0.707107 -0.707107 0.000000
vn 0.500000 -0.866025 0.000000
vn 0.500000 -0.866025 0.000000
vn 0.258819 -0.965926 0.000000
vn 0.258819 -0.965926 0.000000
vn -0.000000 -1.000000 -0.000000
vn -0.000000 -1.000000 -0.000000
vn -0.258819 -0.965926 -0.000000
vn -0.258819 -0.965926 -0.000000
vn -0.500000 -0.866025 -0.000000
vn -0.500000 -0.866025 -0.000000
vn -0.707107 -0.707107 -0.000000
vn -0.707107 -0.707107 -0.000000
vn -0.866025 -0.500000 -0.000000
vn -0.866025 -0.500000 -0.000000
vn -0.965926 0.258819 0.000000
vn -1.000000 -0.000000 -0.000000
vn -0.965926 -0.258819 -0.000000
vn -0.866025 -0.500000 -0.000000
vn -0.707107 -0.707107 -0.000000
vn -0.500000 -0.866025 -0.000000
vn -0.258819 -0.965926 -0.000000
vn -0.000000 -1.000000 -0.000000
vn 0.258819 -0.965926 0.000000
vn 0.500000 -0.866025 0.000000
vn 0.707107 -0.707107 0.000000
vn 0.866025 -0.500000 0.000000
vn 0.965926 -0.258819 0.000000
vn 1.000000 -0.000000 0.000000
vn 0.965926 0.258819 0.000000
vn 0.866025 0.500000 0.000000
vn 0.707107 0.707107 0.000000
vn 0.500000 0.866025 0.000000
vn 0.258819 0.965926 0.000000
vn -0.000000 1.000000 0.000000
vn -0.258819 0.965926 0.000000
vn -0.500000 0.866025 0.000000
vn -0.707107 0.707107 0.000000
vn -0.866025 0.500000 0.000000
vn -0.683013 -0.183013 0.707107
vn -0.683013 -0.183013 0.707107
vn -0.707107 0.000000 0.707107
vn -0.707107 0.000000 0.707107
vn -0.683013 0.183013 0.707107
vn -0.683013 0.183013 0.707107
vn -0.612372 0.353553 0.707107
vn -0.612372 0.353553 0.707107
vn -0.500000 0.500000 0.707107
vn -0.500000 0.500000 0.707107
vn -0.353553 0.612372 0.707107
vn -0.353553 0.612372 0.707107
vn -0.183013 0.683013 0.707107
vn -0.183013 0.683013 0.707107
vn -0.000000 0.707107 0.707107
vn -0.000000 0.707107 0.707107
vn 0.183013 0.683013 0.707107
vn 0.183013 0.683013 0.707107
vn 0.353553 0.612372 0.707107
vn 0.353553 0.612372 0.707107
vn 0.500000 0.500000 0.707107
vn 0.500000 0.500000 0.707107
vn 0.612372 0.353553 0.707107
vn 0.612372 0.353553 0.707107
vn 0.683013 0.183013 0.707107
vn 0.683013 0.183013 0.707107
vn 0.707107 0.000000 0.707107
vn 0.707107 0.000000 0.707107
vn 0.683013 -0.183013 0.707107
vn 0.683013 -0.183013 0.707107
vn 0.612372 -0.353553 0.707107
vn 0.612372 -0.353553 0.707107
vn 0.500000 -0.500000 0.707107
vn 0.500000 -0.500000 0.707107
vn 0.353553 -0.612372 0.707107
vn 0.353553 -0.612372 0.707107
vn 0.183013 -0.683013 0.707107
vn 0.183013 -0.683013 0.707107
vn -0.000000 -0.707107 0.707107
vn -0.000000 -0.707107 0.707107
vn -0.183013 -0.683013 0.707107
vn -0.183013 -0.683013 0.707107
vn -0.353553 -0.612372 0.707107
vn -0.353553 -0.612372 0.707107
vn -0.500000 -0.500000 0.707107
vn -0.500000 -0.500000 0.707107
vn -0.612372 -0.353553 0.707107
vn -0.612372 -0.353553 0.707107
vn -0.965926 -0.258819 -0.000000
vn -0.965926 -0.258819 -0.000000
vn -1.000000 -0.000000 -0.000000
vn -1.000000 -0.000000 -0.000000
vn -0.965926 0.258819 0.000000
vn -0.965926 0.258819 0.000000
vn -0.866025 0.500000 0.000000
vn -0.866025 0.500000 0.000000
vn -0.707107 0.707107 0.000000
vn -0.707107 0.707107 0.000000
vn -0.500000 0.866025 0.000000
vn -0.500000 0.866025 0.000000
vn -0.258819 0.965926 0.000000
vn -0.258819 0.965926 0.000000
vn -0.000000 1.000000 0.000000
vn -0.000000 1.000000 0.000000
vn 0.258819 0.965926 0.000000
vn 0.258819 0.965926 0.000000
vn 0.500000 0.866025 0.000000
vn 0.500000 0.866025 0.000000
vn 0.707107 0.707107 0.000000
vn 0.707107 0.707107 0.000000
vn 0.866025 0.500000 0.000000
vn 0.866025 0.500000 0.000000
vn 0.965926 0.258819 0.000000
vn 0.965926 0.258819 0.000000
vn 1.000000 0.000000 0.000000
vn 1.000000 0.000000 0.000000
vn 0.965926 -0.258819 0.000000
vn 0.965926 -0.258819 0.000000
vn 0.866025 -0.500000 0.000000
vn 0.866025 -0.500000 0.000000
vn 0.707107 -0.707107 0.000000
vn 0.707107 -0.707107 0.000000
vn 0.500000 -0.866025 0.000000
vn 0.500000 -0.866025 0.000000
vn 0.258819 -0.965926 0.000000
vn 0.258819 -0.965926 0.000000
vn -0.000000 -1.000000 -0.000000
vn -0.000000 -1.000000 -0.000000
vn -0.258819 -0.965926 -0.000000
vn -0.258819 -0.965926 -0.000000
vn -0.500000 -0.866025 -0.000000
vn -0.500000 -0.866025 -0.000000
vn -0.707107 -0.707107 -0.000000
vn -0.707107 -0.707107 -0.000000
vn -0.866025 -0.500000 -0.000000
vn -0.866025 -0.500000 -0.000000
vn -0.965926 0.258819 0.000000
vn -1.000000 -0.000000 -0.000000
vn -0.965926 -0.258819 -0.000000
vn -0.866025 -0.500000 -0.000000
vn -0.707107 -0.707107 -0.000000
vn -0.500000 -0.866025 -0.000000
vn -0.258819 -0.965926 -0.000000
vn -0.000000 -1.000000 -0.000000
vn 0.258819 -0.965926 0.000000
vn 0.500000 -0.866025 0.000000
vn 0.707107 -0.707107 0.000000
vn 0.866025 -0.500000 0.000000
vn 0.965926 -0.258819 0.000000
vn 1.000000 -0.000000 0.000000
vn 0.965926 0.258819 0.000000
vn 0.866025 0.500000 0.000000
vn 0.707107 0.707107 0.000000
vn 0.500000 0.866025 0.000000
vn 0.258819 0.965926 0.000000
vn -0.000000 1.000000 0.000000
vn -0.258819 0.965926 0.000000
vn -0.500000 0.866025 0.000000
vn -0.707107 0.707107 0.000000
vn -0.866025 0.500000 0.000000
vn -0.683013 -0.183013 0.707107
vn -0.683013 -0.183013 0.707107
vn -0.707107 0.000000 0.707107
vn -0.707107 0.000000 0.707107
vn -0.683013 0.183013 0.707107
vn -0.683013 0.183013 0.707107
vn -0.612372 0.353553 0.707107
vn -0.612372 0.353553 0.707107
vn -0.500000 0.500000 0.707107
vn -0.500000 0.500000 0.707107
vn -0.353553 0.612372 0.707107
vn -0.353553 0.612372 0.707107
vn -0.183013 0.683013 0.707107
vn -0.183013 0.683013 0.707107
vn -0.000000 0.707107 0.707107
vn -0.000000 0.707107 0.707107
vn 0.183013 0.683013 0.707107
vn 0.183013 0.683013 0.707107
vn 0.353553 0.612372 0.707107
vn 0.353553 0.612372 0.707107
vn 0.500000 0.500000 0.707107
vn 0.500000 0.500000 0.707107
vn 0.612372 0.353553 0.707107
vn 0.612372 0.353553 0.707107
vn 0.683013 0.183013 0.707107
vn 0.683013 0.183013 0.707107
vn 0.707107 0.000000 0.707107
vn 0.707107 0.000000 0.707107
vn 0.683013 -0.183013 0.707107
vn 0.683013 -0.183013 0.707107
vn 0.612372 -0.353553 0.707107
vn 0.612372 -0.353553 0.707107
vn 0.500000 -0.500000 0.707107
vn 0.500000 -0.500000 0.707107
vn 0.353553 -0.612372 0.707107
vn 0.353553 -0.612372 0.707107
vn 0.183013 -0.683013 0.707107
vn 0.183013 -0.683013 0.707107
vn -0.000000 -0.707107 0.707107
vn -0.000000 -0.707107 0.707107
vn -0.183013 -0.683013 0.707107
vn -0.183013 -0.683013 0.707107
vn -0.353553 -0.612372 0.707107
vn -0.353553 -0.612372 0.707107
vn -0.500000 -0.500000 0.707107
vn -0.500000 -0.500000 0.707107
vn -0.612372 -0.353553 0.707107
vn -0.612372 -0.353553 0.707107
vn -0.965926 -0.258819 -0.000000
vn -0.965926 -0.258819 -0.000000
vn -1.000000 -0.000000 -0.000000
vn -1.000000 -0.000000 -0.000000
vn -0.965926 0.258819 0.000000
vn -0.965926 0.258819 0.000000
vn -0.866025 0.500000 0.000000
vn -0.866025 0.500000 0.000000
vn -0.707107 0.707107 0.000000
vn -0.707107 0.707107 0.000000
vn -0.500000 0.866025 0.000000
vn -0.500000 0.866025 0.000000
vn -0.258819 0.965926 0.000000
vn -0.258819 0.965926 0.000000
vn -0.000000 1.000000 0.000000
vn -0.000000 1.000000 0.000000
vn 0.258819 0.965926 0.000000
vn 0.258819 0.965926 0.000000
vn 0.500000 0.866025 0.000000
vn 0.500000 0.866025 0.000000
vn 0.707107 0.707107 0.000000
vn 0.707107 0.707107 0.000000
vn 0.866025 0.500000 0.000000
vn 0.866025 0.500000 0.000000
vn 0.965926 0.258819 0.000000
vn 0.965926 0.258819 0.000000
vn 1.000000 0.000000 0.000000
vn 1.000000 0.000000 0.000000
vn 0.965926 -0.258819 0.000000
vn 0.965926 -0.258819 0.000000
vn 0.866025 -0.500000 0.000000
vn 0.866025 -0.500000 0.000000
vn 0.707107 -0.707107 0.000000
vn 0.707107 -0.707107 0.000000
vn 0.500000 -0.866025 0.000000
vn 0.500000 -0.866025 0.000000
vn 0.258819 -0.965926 0.000000
vn 0.258819 -0.965926 0.000000
vn -0.000000 -1.000000 -0.000000
vn -0.000000 -1.000000 -0.000000
vn -0.258819 -0.965926 -0.000000
vn -0.258819 -0.965926 -0.000000
vn -0.500000 -0.866025 -0.000000
vn -0.500000 -0.866025 -0.000000
vn -0.707107 -0.707107 -0.000000
vn -0.707107 -0.707107 -0.000000
vn -0.866025 -0.500000 -0.000000
vn -0.866025 -0.500000 -0.000000
vn -0.965926 0.258819 0.000000
vn -1.000000 -0.000000 -0.000000
vn -0.965926 -0.258819 -0.000000
vn -0.866025 -0.500000 -0.000000
vn -0.707107 -0.707107 -0.000000
vn -0.500000 -0.866025 -0.000000
vn -0.258819 -0.965926 -0.000000
vn -0.000000 -1.000000 -0.000000
vn 0.258819 -0.965926 0.000000
vn 0.500000 -0.866025 0.000000
vn 0.707107 -0.707107 0.000000
vn 0.866025 -0.500000 0.000000
vn 0.965926 -0.258819 0.000000
vn 1.000000 -0.000000 0.000000
vn 0.965926 0.258819 0.000000
vn 0.866025 0.500000 0.000000
vn 0.707107 0.707107 0.000000
vn 0.500000 0.866025 0.000000
vn 0.258819 0.965926 0.000000
vn -0.000000 1.000000 0.000000
vn -0.258819 0.965926 0.000000
vn -0.500000 0.866025 0.000000
vn -0.707107 0.707107 0.000000
vn -0.866025 0.500000 0.000000
vn -0.683013 -0.183013 0.707107
vn -0.683013 -0.183013 0.707107
vn -0.707107 0.000000 0.707107
vn -0.707107 0.000000 0.707107
vn -0.683013 0.183013 0.707107
vn -0.683013 0.183013 0.707107
vn -0.612372 0.353553 0.707107
vn -0.612372 0.353553 0.707107
vn -0.500000 0.500000 0.707107
vn -0.500000 0.500000 0.707107
vn -0.353553 0.612372 0.707107
vn -0.353553 0.612372 0.707107
vn -0.183013 0.683013 0.707107
vn -0.183013 0.683013 0.707107
vn -0.000000 0.707107 0.707107
vn -0.000000 0.707107 0.707107
vn 0.183013 0.683013 0.707107
vn 0.183013 0.683013 0.707107
vn 0.353553 0.612372 0.707107
vn 0.353553 0.612372 0.707107
vn 0.500000 0.500000 0.707107
vn 0.500000 0.500000 0.707107
vn 0.612372 0.353553 0.707107
vn 0.612372 0.353553 0.707107
vn 0.683013 0.183013 0.707107
vn 0.683013 0.183013 0.707107
vn 0.707107 0.000000 0.707107
vn 0.707107 0.000000 0.707107
vn 0.683013 -0.183013 0.707107
vn 0.683013 -0.183013 0.707107
vn 0.612372 -0.353553 0.707107
vn 0.612372 -0.353553 0.707107
vn 0.500000 -0.500000 0.707107
vn 0.500000 -0.500000 0.707107
vn 0.353553 -0.612372 0.707107
vn 0.353553 -0.612372 0.707107
vn 0.183013 -0.683013 0.707107
vn 0.183013 -0.683013 0.707107
vn -0.000000 -0.707107 0.707107
vn -0.000000 -0.707107 0.707107
vn -0.183013 -0.683013 0.707107
vn -0.183013 -0.683013 0.707107
vn -0.353553 -0.612372 0.707107
vn -0.353553 -0.612372 0.707107
vn -0.500000 -0.500000 0.707107
vn -0.500000 -0.500000 0.707107
vn -0.612372 -0.353553 0.707107
vn -0.612372 -0.353553 0.707107
vn -0.965926 -0.258819 -0.000000
vn -0.965926 -0.258819 -0.000000
vn -1.000000 -0.000000 -0.000000
vn -1.000000 -0.000000 -0.000000
vn -0.965926 0.258819 0.000000
vn -0.965926 0.258819 0.000000
vn -0.866025 0.500000 0.000000
vn -0.866025 0.500000 0.000000
vn -0.707107 0.707107 0.000000
vn -0.707107 0.707107 0.000000
vn -0.500000 0.866025 0.000000
vn -0.500000 0.866025 0.000000
vn -0.258819 0.965926 0.000000
vn -0.258819 0.965926 0.000000
vn -0.000000 1.000000 0.000000
vn -0.000000 1.000000 0.000000
vn 0.258819 0.965926 0.000000
vn 0.258819 0.965926 0.000000
vn 0.500000 0.866025 0.000000
vn 0.500000 0.866025 0.000000
vn 0.707107 0.707107 0.000000
vn 0.707107 0.707107 0.000000
vn 0.866025 0.500000 0.000000
vn 0.866025 0.500000 0.000000
vn 0.965926 0.258819 0.000000
vn 0.965926 0.258819 0.000000
vn 1.000000 0.000000 0.000000
vn 1.000000 0.000000 0.000000
vn 0.965926 -0.258819 0.000000
vn 0.965926 -0.258819 0.000000
vn 0.866025 -0.500000 0.000000
vn 0.866025 -0.500000 0.000000
vn 0.707107 -0.707107 0.000000
vn 0.707107 -0.707107 0.000000
vn 0.500000 -0.866025 0.000000
vn 0.500000 -0.866025 0.000000
vn 0.258819 -0.965926 0.000000
vn 0.258819 -0.965926 0.000000
vn -0.000000 -1.000000 -0.000000
vn -0.000000 -1.000000 -0.000000
vn -0.258819 -0.965926 -0.000000
vn -0.258819 -0.965926 -0.000000
vn -0.500000 -0.866025 -0.000000
vn -0.500000 -0.866025 -0.000000
vn -0.707107 -0.707107 -0.000000
vn -0.707107 -0.707107 -0.000000
vn -0.866025 -0.500000 -0.000000
vn -0.866025 -0.500000 -0.000000
vn -0.965926 0.258819 0.000000
vn -1.000000 -0.000000 -0.000000
vn -0.965926 -0.258819 -0.000000
vn -0.866025 -0.500000 -0.000000
vn -0.707107 -0.707107 -0.000000
vn -0.500000 -0.866025 -0.000000
vn -0.258819 -0.965926 -0.000000
vn -0.000000 -1.000000 -0.000000
vn 0.258819 -0.965926 0.000000
vn 0.500000 -0.866025 0.000000
vn 0.707107 -0.707107 0.000000
vn 0.866025 -0.500000 0.000000
vn 0.965926 -0.258819 0.000000
vn 1.000000 -0.000000 0.000000
vn 0.965926 0.258819 0.000000
vn 0.866025 0.500000 0.000000
vn 0.707107 0.707107 0.000000
vn 0.500000 0.866025 0.000000
vn 0.258819 0.965926 0.000000
vn -0.000000 1.000000 0.000000
vn -0.258819 0.965926 0.000000
vn -0.500000 0.866025 0.000000
vn -0.707107 0.707107 0.000000
vn -0.866025 0.500000 0.000000
vn -0.683013 -0.183013 0.707107
vn -0.683013 -0.183013 0.707107
vn -0.707107 0.000000 0.707107
vn -0.707107 0.000000 0.707107
vn -0.683013 0.183013 0.707107
vn -0.683013 0.183013 0.707107
vn -0.612372 0.353553 0.707107
vn -0.612372 0.353553 0.707107
vn -0.500000 0.500000 0.707107
vn -0.500000 0.500000 0.707107
vn -0.353553 0.612372 0.707107
vn -0.353553 0.612372 0.707107
vn -0.183013 0.683013 0.707107
vn -0.183013 0.683013 0.707107
vn -0.000000 0.707107 0.707107
vn -0.000000 0.707107 0.707107
vn 0.183013 0.683013 0.707107
vn 0.183013 0.683013 0.707107
vn 0.353553 0.612372 0.707107
vn 0.353553 0.612372 0.707107
vn 0.500000 0.500000 0.707107
vn 0.500000 0.500000 0.707107
vn 0.612372 0.353553 0.707107
vn 0.612372 0.353553 0.707107
vn 0.683013 0.183013 0.707107
vn 0.683013 0.183013 0.707107
vn 0.707107 0.000000 0.707107
vn 0.707107 0.000000 0.707107
vn 0.683013 -0.183013 0.707107
vn 0.683013 -0.183013 0.707107
vn 0.612372 -0.353553 0.707107
vn 0.612372 -0.353553 0.707107
vn 0.500000 -0.500000 0.707107
vn 0.500000 -0.500000 0.707107
vn 0.353553 -0.612372 0.707107
vn 0.353553 -0.612372 0.707107
vn 0.183013 -0.683013 0.707107
vn 0.183013 -0.683013 0.707107
vn -0.000000 -0.707107 0.707107
vn -0.000000 -0.707107 0.707107
vn -0.183013 -0.683013 0.707107
vn -0.183013 -0.683013 0.707107
vn -0.353553 -0.612372 0.707107
vn -0.353553 -0.612372 0.707107
vn -0.500000 -0.500000 0.707107
vn -0.500000 -0.500000 0.707107
vn -0.612372 -0.353553 0.707107
vn -0.612372 -0.353553 0.707107
vn -0.965926 -0.258819 -0.000000
vn -0.965926 -0.258819 -0.000000
vn -1.000000 -0.000000 -0.000000
vn -1.000000 -0.000000 -0.000000
vn -0.965926 0.258819 0.000000
vn -0.965926 0.258819 0.000000
vn -0.866025 0.500000 0.000000
vn -0.866025 0.500000 0.000000
vn -0.707107 0.707107 0.000000
vn -0.707107 0.707107 0.000000
vn -0.500000 0.866025 0.000000
vn -0.500000 0.866025 0.000000
vn -0.258819 0.965926 0.000000
vn -0.258819 0.965926 0.000000
vn -0.000000 1.000000 0.000000
vn -0.000000 1.000000 0.000000
vn 0.258819 0.965926 0.000000
vn 0.258819 0.965926 0.000000
vn 0.500000 0.866025 0.000000
vn 0.500000 0.866025 0.000000
vn 0.707107 0.707107 0.000000
vn 0.707107 0.707107 0.000000
vn 0.866025 0.500000 0.000000
vn 0.866025 0.500000 0.000000
vn 0.965926 0.258819 0.000000
vn 0.965926 0.258819 0.000000
vn 1.000000 0.000000 0.000000
vn 1.000000 0.000000 0.000000
vn 0.965926 -0.258819 0.000000
vn 0.965926 -0.258819 0.000000
vn 0.866025 -0.500000 0.000000
vn 0.866025 -0.500000 0.000000
vn 0.707107 -0.707107 0.000000
vn 0.707107 -0.707107 0.000000
vn 0.500000 -0.866025 0.000000
vn 0.500000 -0.866025 0.000000
vn 0.258819 -0.965926 0.000000
vn 0.258819 -0.965926 0.000000
vn -0.000000 -1.000000 -0.000000
vn -0.000000 -1.000000 -0.000000
vn -0.258819 -0.965926 -0.000000
vn -0.258819 -0.965926 -0.000000
vn -0.500000 -0.866025 -0.000000
vn -0.500000 -0.866025 -0.000000
vn -0.707107 -0.707107 -0.000000
vn -0.707107 -0.707107 -0.000000
vn -0.866025 -0.500000 -0.000000
vn -0.866025 -0.500000 -0.000000
vn -0.965926 0.258819 0.000000
vn -1.000000 -0.000000 -0.000000
vn -0.965926 -0.258819 -0.000000
vn -0.866025 -0.500000 -0.000000
vn -0.707107 -0.707107 -0.000000
vn -0.500000 -0.866025 -0.000000
vn -0.258819 -0.965926 -0.000000
vn -0.000000 -1.000000 -0.000000
vn 0.258819 -0.965926 0.000000
vn 0.500000 -0.866025 0.000000
vn 0.707107 -0.707107 0.000000
vn 0.866025 -0.500000 0.000000
vn 0.965926 -0.258819 0.000000
vn 1.000000 -0.000000 0.000000
vn 0.965926 0.258819 0.000000
vn 0.866025 0.500000 0.000000
vn 0.707107 0.707107 0.000000
vn 0.500000 0.866025 0.000000
vn 0.258819 0.965926 0.000000
vn -0.000000 1.000000 0.000000
vn -0.258819 0.965926 0.000000
vn -0.500000 0.866025 0.000000
vn -0.707107 0.707107 0.000000
vn -0.866025 0.500000 0.000000
vn 0.965926 -0.258819 0.000000
vn 0.993850 -0.110735 0.000000
vn 1.000000 -0.000000 0.000000
vn 0.993850 0.110735 -0.000000
vn 0.965926 0.258819 -0.000000
vn 0.945103 0.326773 -0.000000
vn 0.866025 0.500000 -0.000000
vn 0.849999 0.526784 -0.000000
vn 0.707107 0.707107 -0.000000
vn 0.849999 0.526784 -0.000000
vn 0.690361 0.723465 -0.000000
vn 0.945103 -0.326773 0.000000
vn 0.866025 -0.500000 0.000000
vn 0.849999 -0.526784 0.000000
vn 0.707107 -0.707107 0.000000
vn 0.849999 -0.526784 0.000000
vn 0.690361 -0.723465 0.000000
vn 0.500000 -0.866025 0.000000
vn 0.486423 -0.873723 0.000000
vn 0.258819 -0.965926 0.000000
vn 0.251273 -0.967916 0.000000
vn -0.000000 -1.000000 0.000000
vn -0.000001 -1.000000 0.000000
vn -0.251275 -0.967916 0.000000
vn -0.258819 -0.965926 0.000000
vn -0.486426 -0.873722 0.000000
vn -0.500000 -0.866025 0.000000
vn -0.690363 -0.723463 0.000000
vn -0.707107 -0.707107 0.000000
vn -0.850001 -0.526781 0.000000
vn -0.850001 -0.526781 0.000000
vn -0.866025 -0.500000 0.000000
vn -0.945103 -0.326772 0.000000
vn -0.965926 -0.258819 0.000000
vn -0.993850 -0.110734 0.000000
vn -1.000000 0.000000 0.000000
vn -0.993850 0.110734 0.000000
vn -0.965926 0.258819 0.000000
vn -0.945103 0.326772 0.000000
vn -0.866025 0.500000 0.000000
vn -0.850001 0.526781 0.000000
vn -0.707107 0.707107 0.000000
vn -0.850001 0.526781 0.000000
vn -0.690363 0.723463 0.000000
vn -0.500000 0.866025 0.000000
vn -0.486426 0.873722 0.000000
vn -0.258819 0.965926 0.000000
vn -0.251275 0.967916 0.000000
vn -0.000000 1.000000 0.000000
vn -0.000001 1.000000 0.000000
vn 0.251273 0.967916 -0.000000
vn 0.258819 0.965926 -0.000000
vn 0.486423 0.873723 -0.000000
vn 0.500000 0.866025 -0.000000
vn -1.000000 -0.000000 -0.000000
vn -1.000000 -0.000000 -0.000000
vn -1.000000 -0.000000 -0.000000
vn -1.000000 -0.000000 -0.000000
vn -1.000000 -0.000000 -0.000000
vn -1.000000 -0.000000 -0.000000
vn -1.000000 -0.000000 -0.000000
vn -1.000000 -0.000000 -0.000000
vn 0.000000 0.000000 1.000000
vn 0.000000 0.000000 1.000000
vn 0.000000 0.000000 1.000000
vn 0.000000 0.000000 1.000000
vn 0.000000 0.000000 1.000000
vn 0.000000 0.000000 1.000000
vn 0.000000 0.000000 1.000000
vn 0.000000 0.000000 1.000000
vn 0.000000 0.000000 1.000000
vn 0.000000 0.000000 1.000000
vn 0.000000 0.000000 1.000000
vn 0.000000 0.000000 1.000000
vn 0.000000 0.000000 1.000000
vn 0.000000 0.000000 1.000000
vn 0.000000 0.000000 1.000000
vn 0.000000 0.000000 1.000000
vn 0.000000 0.000000 1.000000
vn 0.000000 0.000000 1.000000
vn 0.000000 0.000000 1.000000
vn 0.000000 0.000000 1.000000
vn 0.000000 0.000000 1.000000
vn 0.000000 0.000000 1.000000
vn 0.000000 0.000000 1.000000
vn 0.000000 0.000000 1.000000
vn 0.000000 0.000000 1.000000
vn 0.000000 0.000000 1.000000
vn 0.000000 0.000000 1.000000
vn 0.000000 0.000000 1.000000
vn 0.000000 0.000000 1.000000
vn 0.000000 0.000000 1.000000
vn 0.000000 0.000000 1.000000
vn 0.000000 0.000000 1.000000
vn 0.000000 0.000000 1.000000
vn 0.000000 0.000000 1.000000
vn 0.000000 0.000000 1.000000
vn 0.000000 0.000000 1.000000
vn 0.000000 0.000000 1.000000
vn 0.000000 0.000000 1.000000
vn 0.000000 0.000000 1.000000
vn 0.000000 0.000000 1.000000
vn 0.000000 0.000000 1.000000
vn 0.000000 0.000000 1.000000
vn 0.000000 0.000000 1.000000
vn 0.000000 0.000000 1.000000
vn 0.000000 0.000000 1.000000
vn 0.000000 0.000000 1.000000
vn 0.000000 0.000000 1.000000
vn 0.000000 0.000000 1.000000
vn 0.000000 0.000000 1.000000
vn 0.000000 0.000000 1.000000
vn 0.000000 0.000000 1.000000
vn 0.000000 0.000000 1.000000
vn 0.000000 0.000000 1.000000
vn 0.000000 0.000000 1.000000
vn 0.000000 0.000000 1.000000
vn 0.000000 0.000000 1.000000
vn 0.000000 0.000000 1.000000
vn 0.000000 0.000000 1.000000
vn 0.000000 0.000000 1.000000
vn 0.000000 0.000000 1.000000
vn 0.000000 0.000000 1.000000
vn 0.000000 0.000000 1.000000
vn 0.000000 0.000000 1.000000
vn 0.000000 0.000000 1.000000
vn 0.000000 0.000000 1.000000
vn 0.000000 0.000000 1.000000
vn 0.000000 0.000000 1.000000
vn 0.000000 0.000000 1.000000
vn 0.000000 0.000000 1.000000
vn 0.000000 0.000000 1.000000
vn 0.000000 0.000000 1.000000
vn 0.000000 0.000000 1.000000
vn 0.000000 0.000000 1.000000
vn 0.000000 0.000000 1.000000
vn 0.000000 0.000000 1.000000
vn 0.000000 0.000000 1.000000
vn 0.000000 0.000000 1.000000
vn 0.000000 0.000000 1.000000
vn 0.000000 0.000000 1.000000
vn 0.000000 0.000000 1.000000
vn 0.000000 0.000000 1.000000
vn 0.000000 0.000000 1.000000
vn 0.000000 0.000000 1.000000
vn 0.000000 0.000000 1.000000
vn 0.000000 0.000000 1.000000
vn 0.000000 0.000000 1.000000
vn 0.000000 0.000000 1.000000
vn 0.000000 0.000000 1.000000
vn 0.000000 0.000000 1.000000
vn 0.000000 0.000000 1.000000
vn 0.000000 0.000000 1.000000
vn 0.000000 0.000000 1.000000
vn 0.000000 0.000000 1.000000
vn 0.000000 0.000000 1.000000
vn 0.000000 0.000000 1.000000
vn 0.000000 0.000000 1.000000
vn 0.000000 0.000000 1.000000
vn 0.000000 0.000000 1.000000
vn 0.000000 0.000000 1.000000
vn 0.000000 0.000000 1.000000
vn 0.000000 0.000000 1.000000
vn 0.000000 0.000000 1.000000
vn 0.000000 0.000000 1.000000
vn 0.000000 0.000000 1.000000
vn 0.000000 0.000000 1.000000
vn 0.000000 0.000000 1.000000
vn 0.000000 0.000000 1.000000
vn 0.000000 0.000000 1.000000
vn 0.000000 0.000000 1.000000
vn 0.000000 0.000000 1.000000
vn 0.000000 0.000000 1.000000
vn 0.000000 0.000000 1.000000
vn 0.000000 0.000000 1.000000
vn 0.000000 0.000000 1.000000
vn 0.000000 0.000000 1.000000
vn 0.000000 0.000000 1.000000
vn 0.000000 0.000000 1.000000
vn 0.000000 0.000000 1.000000
vn 0.000000 0.000000 1.000000
vn 0.000000 0.000000 1.000000
vn 0.000000 0.000000 1.000000
vn 0.000000 0.000000 1.000000
vn 0.000000 0.000000 1.000000
vn 0.000000 0.000000 1.000000
vn 0.000000 0.000000 1.000000
vn 0.000000 0.000000 1.000000
vn 0.000000 0.000000 1.000000
vn 0.000000 0.000000 1.000000
vn 0.000000 0.000000 1.000000
vn 0.000000 0.000000 1.000000
vn 0.000000 0.000000 1.000000
vn 0.000000 0.000000 1.000000
vn 0.000000 0.000000 1.000000
vn 0.000000 0.000000 1.000000
vn 0.000000 0.000000 1.000000
vn 0.000000 0.000000 1.000000
vn 0.000000 0.000000 1.000000
vn 0.000000 0.000000 1.000000
vn 0.000000 0.000000 1.000000
vn 0.000000 0.000000 1.000000
vn 0.000000 0.000000 1.000000
vn 0.000000 0.000000 1.000000
vn 0.000000 0.000000 1.000000
vn 0.000000 0.000000 1.000000
vn 0.000000 0.000000 1.000000
vn 0.000000 0.000000 1.000000
vn 0.000000 0.000000 1.000000
vn 0.000000 0.000000 1.000000
vn 0.000000 0.000000 1.000000
vn 0.000000 0.000000 1.000000
vn 0.000000 0.000000 1.000000
vn 0.000000 0.000000 1.000000
vn 0.000000 0.000000 1.000000
vn 0.000000 0.000000 1.000000
vn 0.000000 0.000000 1.000000
vn 0.000000 0.000000 1.000000
vn 0.000000 0.000000 1.000000
vn 0.000000 0.000000 1.000000
vn 0.000000 0.000000 1.000000
vn 0.000000 0.000000 1.000000
vn 0.000000 0.000000 1.000000
vn 0.000000 0.000000 1.000000
vn 0.000000 0.000000 1.000000
vn 0.000000 0.000000 1.000000
vn 0.000000 0.000000 1.000000
vn 0.000000 0.000000 1.000000
vn 0.000000 0.000000 1.000000
vn 0.000000 0.000000 1.000000
vn 0.000000 0.000000 1.000000
vn 0.000000 0.000000 1.000000
vn 0.000000 0.000000 1.000000
vn 0.000000 0.000000 1.000000
vn 0.000000 0.000000 1.000000
vn 0.000000 0.000000 1.000000
vn 0.000000 0.000000 1.000000
vn 0.000000 0.000000 1.000000
vn 0.000000 0.000000 1.000000
vn 0.000000 0.000000 1.000000
vn 0.000000 0.000000 1.000000
vn 0.000000 0.000000 1.000000
vn 0.000000 0.000000 1.000000
vn 0.000000 0.000000 1.000000
vn 0.000000 0.000000 1.000000
vn 0.000000 0.000000 1.000000
vn 0.000000 0.000000 1.000000
vn 0.000000 0.000000 1.000000
vn 0.000000 0.000000 1.000000
vn 0.000000 0.000000 1.000000
vn 0.000000 0.000000 1.000000
vn 0.000000 0.000000 1.000000
vn 0.000000 0.000000 1.000000
vn 0.000000 0.000000 1.000000
vn 0.000000 0.000000 1.000000
vn 0.000000 0.000000 1.000000
vn 0.000000 0.000000 1.000000
vn 0.000000 0.000000 1.000000
vn 0.000000 0.000000 1.000000
vn 0.000000 0.000000 1.000000
vn 0.000000 0.000000 1.000000
vn 0.000000 0.000000 1.000000
vn 0.000000 0.000000 1.000000
vn 0.000000 0.000000 1.000000
vn 0.000000 0.000000 1.000000
vn 0.000000 0.000000 1.000000
vn 0.000000 0.000000 1.000000
vn 0.000000 0.000000 1.000000
vn 0.000000 0.000000 1.000000
vn 0.000000 0.000000 1.000000
vn 0.000000 0.000000 1.000000
vn 0.000000 0.000000 1.000000
vn 0.000000 0.000000 1.000000
vn 0.000000 0.000000 1.000000
vn 0.000000 0.000000 1.000000
vn 0.000000 0.000000 1.000000
vn 0.000000 0.000000 1.000000
vn 0.000000 0.000000 1.000000
vn 0.000000 0.000000 1.000000
vn 0.000000 0.000000 1.000000
vn 0.000000 0.000000 1.000000
vn 0.000000 0.000000 1.000000
vn 0.000000 0.000000 1.000000
vn 0.000000 0.000000 1.000000
vn 0.000000 0.000000 1.000000
vn 0.000000 0.000000 1.000000
vn 0.000000 0.000000 1.000000
vn 0.000000 0.000000 1.000000
vn 0.000000 0.000000 1.000000
vn 0.000000 0.000000 1.000000
vn 0.000000 0.000000 1.000000
vn 0.000000 0.000000 1.000000
vn 0.000000 0.000000 1.000000
vn 0.000000 0.000000 1.000000
vn 0.000000 0.000000 1.000000
vn 0.000000 0.000000 1.000000
vn 0.000000 0.000000 1.000000
vn 0.000000 0.000000 1.000000
vn 0.000000 0.000000 1.000000
vn 0.000000 0.000000 1.000000
vn 0.000000 0.000000 1.000000
vn 0.000000 0.000000 1.000000
vn 0.000000 0.000000 1.000000
vn 0.000000 0.000000 1.000000
vn 0.000000 0.000000 1.000000
vn 0.000000 0.000000 1.000000
vn 0.000000 0.000000 1.000000
vn 0.000000 0.000000 1.000000
vn 0.000000 0.000000 1.000000
vn 0.000000 0.000000 1.000000
vn 0.000000 0.000000 1.000000
vn 0.000000 0.000000 1.000000
vn 0.000000 0.000000 1.000000
vn 0.000000 0.000000 1.000000
vn 0.000000 0.000000 1.000000
vn 0.000000 0.000000 1.000000
vn 0.000000 0.000000 1.000000
vn 0.000000 0.000000 1.000000
vn 0.000000 0.000000 1.000000
vn 0.000000 0.000000 1.000000
vn 0.000000 0.000000 1.000000
vn 0.000000 0.000000 1.000000
vn 0.000000 0.000000 1.000000
vn 0.000000 0.000000 1.000000
vn 0.000000 0.000000 1.000000
vn 0.000000 0.000000 1.000000
vn 0.000000 0.000000 1.000000
vn 0.000000 0.000000 1.000000
vn 0.000000 0.000000 1.000000
vn 0.000000 0.000000 1.000000
vn 0.000000 0.000000 1.000000
vn 0.000000 0.000000 1.000000
vn 0.000000 0.000000 1.000000
vn 0.000000 0.000000 1.000000
vn 0.000000 0.000000 1.000000
vn 0.000000 0.000000 1.000000
vn 0.000000 0.000000 1.000000
vn 0.000000 0.000000 1.000000
vn 0.000000 0.000000 1.000000
vn 0.000000 0.000000 1.000000
vn 0.000000 0.000000 1.000000
vn 0.000000 0.000000 1.000000
vn 0.000000 0.000000 1.000000
vn 0.000000 0.000000 1.000000
vn 0.000000 0.000000 1.000000
vn 0.000000 0.000000 1.000000
vn 1.000000 0.000000 0.000000
vn 1.000000 0.000000 0.000000
vn 1.000000 0.000000 0.000000
vn 1.000000 0.000000 0.000000
vn 1.000000 0.000000 0.000000
vn 1.000000 0.000000 0.000000
vn 1.000000 0.000000 0.000000
vn 1.000000 0.000000 0.000000
vn 0.305389 -0.952228 0.000000
vn 0.305389 -0.952228 0.000000
vn 0.533249 -0.845958 0.000000
vn 0.533249 -0.845958 0.000000
vn 0.727401 -0.686213 0.000000
vn 0.727401 -0.686213 0.000000
vn 0.875571 -0.483089 0.000000
vn 0.875571 -0.483089 0.000000
vn 0.968393 -0.249428 0.000000
vn 0.968393 -0.249428 0.000000
vn 1.000000 -0.000000 0.000000
vn 1.000000 -0.000000 0.000000
vn 0.968393 0.249428 0.000000
vn 0.968393 0.249428 0.000000
vn 0.875571 0.483089 0.000000
vn 0.875571 0.483089 0.000000
vn 0.727401 0.686213 0.000000
vn 0.727401 0.686213 0.000000
vn 0.533249 0.845958 0.000000
vn 0.533249 0.845958 0.000000
vn 0.305389 0.952228 0.000000
vn 0.305389 0.952228 0.000000
vn 0.000000 0.000000 1.000000
vn 0.000000 0.000000 1.000000
vn 0.000000 0.000000 1.000000
vn 0.000000 0.000000 1.000000
vn 0.000000 0.000000 1.000000
vn 0.000000 0.000000 1.000000
vn 0.000000 0.000000 1.000000
vn 0.000000 0.000000 1.000000
vn 0.000000 0.000000 1.000000
vn 0.000000 0.000000 1.000000
vn 0.000000 0.000000 1.000000
vn 0.000000 0.000000 1.000000
vn 0.000000 0.000000 1.000000
vn 0.000000 0.000000 1.000000
vn 0.000000 0.000000 1.000000
vn 0.000000 0.000000 1.000000
vn 0.000000 0.000000 1.000000
vn -0.305389 0.952228 0.000000
vn -0.305389 0.952228 0.000000
vn -0.533250 0.845958 0.000000
vn -0.533250 0.845958 0.000000
vn -0.727401 0.686213 0.000000
vn -0.727401 0.686213 0.000000
vn -0.875571 0.483089 0.000000
vn -0.875571 0.483089 0.000000
vn -0.968393 0.249428 0.000000
vn -0.968393 0.249428 0.000000
vn -1.000000 0.000000 0.000000
vn -1.000000 0.000000 0.000000
vn -0.968393 -0.249428 -0.000000
vn -0.968393 -0.249428 -0.000000
vn -0.875571 -0.483089 -0.000000
vn -0.875571 -0.483089 -0.000000
vn -0.727401 -0.686213 -0.000000
vn -0.727401 -0.686213 -0.000000
vn -0.533250 -0.845958 -0.000000
vn -0.533250 -0.845958 -0.000000
vn -0.305389 -0.952228 -0.000000
vn -0.305389 -0.952228 -0.000000
vn -0.965926 0.258819 0.000000
vn -0.965926 0.258819 0.000000
vn -1.000000 0.000000 0.000000
vn -1.000000 0.000000 0.000000
vn -0.965926 -0.258819 -0.000000
vn -0.965926 -0.258819 -0.000000
vn -0.866025 -0.500000 -0.000000
vn -0.866025 -0.500000 -0.000000
vn -0.707107 -0.707107 -0.000000
vn -0.707107 -0.707107 -0.000000
vn -0.500000 -0.866025 -0.000000
vn -0.500000 -0.866025 -0.000000
vn -0.258819 -0.965926 -0.000000
vn -0.258819 -0.965926 -0.000000
vn 0.000000 -1.000000 0.000000
vn 0.000000 -1.000000 0.000000
vn 0.258819 -0.965926 0.000000
vn 0.258819 -0.965926 0.000000
vn 0.500000 -0.866025 0.000000
vn 0.500000 -0.866025 0.000000
vn 0.707107 -0.707107 0.000000
vn 0.707107 -0.707107 0.000000
vn 0.866025 -0.500000 0.000000
vn 0.866025 -0.500000 0.000000
vn 0.965926 -0.258819 0.000000
vn 0.965926 -0.258819 0.000000
vn 1.000000 -0.000000 0.000000
vn 1.000000 -0.000000 0.000000
vn 0.965926 0.258819 0.000000
vn 0.965926 0.258819 0.000000
vn 0.866025 0.500000 0.000000
vn 0.866025 0.500000 0.000000
vn 0.707107 0.707107 0.000000
vn 0.707107 0.707107 0.000000
vn 0.500000 0.866025 0.000000
vn 0.500000 0.866025 0.000000
vn 0.258819 0.965926 0.000000
vn 0.258819 0.965926 0.000000
vn 0.000000 1.000000 0.000000
vn 0.000000 1.000000 0.000000
vn -0.258819 0.965926 0.000000
vn -0.258819 0.965926 0.000000
vn -0.500000 0.866025 0.000000
vn -0.500000 0.866025 0.000000
vn -0.707107 0.707107 0.000000
vn -0.707107 0.707107 0.000000
vn -0.866025 0.500000 0.000000
vn -0.866025 0.500000 0.000000
vn -0.965926 0.258819 0.000000
vn -0.965926 0.258819 0.000000
vn -1.000000 0.000000 0.000000
vn -1.000000 0.000000 0.000000
vn -0.965926 -0.258819 -0.000000
vn -0.965926 -0.258819 -0.000000
vn -0.866025 -0.500000 -0.000000
vn -0.866025 -0.500000 -0.000000
vn -0.707107 -0.707107 -0.000000
vn -0.707107 -0.707107 -0.000000
vn -0.500000 -0.866025 -0.000000
vn -0.500000 -0.866025 -0.000000
vn -0.258819 -0.965926 -0.000000
vn -0.258819 -0.965926 -0.000000
vn 0.000000 -1.000000 0.000000
vn 0.000000 -1.000000 0.000000
vn 0.258819 -0.965926 0.000000
vn 0.258819 -0.965926 0.000000
vn 0.500000 -0.866025 0.000000
vn 0.500000 -0.866025 0.000000
vn 0.707107 -0.707107 0.000000
vn 0.707107 -0.707107 0.000000
vn 0.866025 -0.500000 0.000000
vn 0.866025 -0.500000 0.000000
vn 0.965926 -0.258819 0.000000
vn 0.965926 -0.258819 0.000000
vn 1.000000 -0.000000 0.000000
vn 1.000000 -0.000000 0.000000
vn 0.965926 0.258819 0.000000
vn 0.965926 0.258819 0.000000
vn 0.866025 0.500000 0.000000
vn 0.866025 0.500000 0.000000
vn 0.707107 0.707107 0.000000
vn 0.707107 0.707107 0.000000
vn 0.500000 0.866025 0.000000
vn 0.500000 0.866025 0.000000
vn 0.258819 0.965926 0.000000
vn 0.258819 0.965926 0.000000
vn 0.000000 1.000000 0.000000
vn 0.000000 1.000000 0.000000
vn -0.258819 0.965926 0.000000
vn -0.258819 0.965926 0.000000
vn -0.500000 0.866025 0.000000
vn -0.500000 0.866025 0.000000
vn -0.707107 0.707107 0.000000
vn -0.707107 0.707107 0.000000
vn -0.866025 0.500000 0.000000
vn -0.866025 0.500000 0.000000
vn -0.794369 -0.607436 0.000000
vn -0.794369 -0.607436 0.000000
vn -0.673437 -0.739244 0.000000
vn -0.673437 -0.739244 0.000000
vn -0.530957 -0.847399 0.000000
vn -0.371487 -0.928438 0.000000
vn -0.371487 -0.928438 0.000000
vn -0.530957 -0.847399 0.000000
vn -0.371487 -0.928438 -0.000000
vn -0.371487 -0.928438 -0.000000
vn -0.579934 -0.814664 0.000000
vn -0.579934 -0.814664 0.000000
vn -0.755675 -0.654946 0.000000
vn -0.755675 -0.654946 0.000000
vn -0.888801 -0.458294 0.000000
vn -0.888801 -0.458294 0.000000
vn -0.971803 -0.235796 0.000000
vn -0.971803 -0.235796 0.000000
vn -1.000000 -0.000000 0.000000
vn -1.000000 -0.000000 0.000000
vn -1.000000 0.000331 -0.000000
vn -1.000000 0.000331 -0.000000
vn -1.000000 0.000331 -0.000000
vn -1.000000 0.000331 -0.000000
vn -1.000000 0.000000 -0.000000
vn -1.000000 0.000000 -0.000000
vn -1.000000 0.000000 -0.000000
vn -1.000000 0.000000 -0.000000
vn -0.965926 0.258819 0.000000
vn -0.965926 0.258819 0.000000
vn -0.866025 0.500000 0.000000
vn -0.866025 0.500000 0.000000
vn -0.707107 0.707107 0.000000
vn -0.707107 0.707107 0.000000
vn -0.500000 0.866025 0.000000
vn -0.500000 0.866025 0.000000
vn -0.258819 0.965926 0.000000
vn -0.258819 0.965926 0.000000
vn 0.000000 1.000000 -0.000000
vn 0.000000 1.000000 -0.000000
vn -0.000000 1.000000 -0.000000
vn -0.000000 1.000000 -0.000000
vn -0.258819 0.965926 -0.000000
vn -0.258819 0.965926 -0.000000
vn -0.500000 0.866025 -0.000000
vn -0.500000 0.866025 -0.000000
vn -0.707107 0.707107 -0.000000
vn -0.707107 0.707107 -0.000000
vn -0.866025 0.500000 -0.000000
vn -0.866025 0.500000 -0.000000
vn -0.965926 0.258819 -0.000000
vn -0.965926 0.258819 -0.000000
vn -1.000000 0.000000 -0.000000
vn -1.000000 0.000000 -0.000000
vn -1.000000 -0.000000 -0.000000
vn -1.000000 -0.000000 -0.000000
vn -0.965926 -0.258819 0.000000
vn -0.965926 -0.258819 0.000000
vn -0.866025 -0.500000 0.000000
vn -0.866025 -0.500000 0.000000
vn -0.707107 -0.707107 0.000000
vn -0.707107 -0.707107 0.000000
vn -0.500000 -0.866025 0.000000
vn -0.500000 -0.866025 0.000000
vn -0.258819 -0.965926 0.000000
vn -0.258819 -0.965926 0.000000
vn -0.000000 -1.000000 0.000000
vn -0.000000 -1.000000 0.000000
vn -0.000000 -1.000000 -0.000000
vn -0.000000 -1.000000 -0.000000
vn -0.258818 -0.965926 0.000000
vn -0.258818 -0.965926 0.000000
vn -0.499998 -0.866026 0.000000
vn -0.499998 -0.866026 0.000000
vn -0.707105 -0.707109 0.000000
vn -0.707105 -0.707109 0.000000
vn -0.866024 -0.500003 0.000000
vn -0.866024 -0.500003 0.000000
vn -0.965925 -0.258823 0.000000
vn -0.965925 -0.258823 0.000000
vn -1.000000 -0.000005 0.000000
vn -1.000000 -0.000005 0.000000
vn -1.000000 -0.000005 -0.000000
vn -1.000000 -0.000005 -0.000000
vn -1.000000 -0.000000 -0.000000
vn -1.000000 -0.000000 -0.000000
vn -1.000000 -0.000000 -0.000000
vn -1.000000 -0.000000 -0.000000
vn -0.971803 0.235796 0.000000
vn -0.971803 0.235796 0.000000
vn -0.888801 0.458294 0.000000
vn -0.888801 0.458294 0.000000
vn -0.755675 0.654946 0.000000
vn -0.755675 0.654946 0.000000
vn -0.579934 0.814664 0.000000
vn -0.579934 0.814664 0.000000
vn -0.371487 0.928438 0.000000
vn -0.371487 0.928438 0.000000
vn -0.371487 0.928438 -0.000000
vn -0.371487 0.928438 -0.000000
vn -0.530957 0.847399 -0.000000
vn -0.530957 0.847399 -0.000000
vn -0.673437 0.739244 -0.000000
vn -0.794369 0.607436 -0.000000
vn -0.794369 0.607436 -0.000000
vn -0.673437 0.739244 -0.000000
vn -0.794369 0.607436 -0.000000
vn -0.794369 0.607436 -0.000000
vn -0.635465 0.772130 0.000000
vn -0.635465 0.772130 0.000000
vn -0.443278 0.896384 0.000000
vn -0.443278 0.896384 0.000000
vn -0.227875 0.973690 0.000000
vn -0.227875 0.973690 0.000000
vn -0.000537 1.000000 0.000000
vn -0.000537 1.000000 0.000000
vn -0.000537 1.000000 -0.000000
vn -0.000537 1.000000 -0.000000
vn 0.000000 1.000000 -0.000000
vn 0.000000 1.000000 -0.000000
vn 0.000000 1.000000 -0.000000
vn 0.000000 1.000000 -0.000000
vn 0.258819 0.965926 -0.000000
vn 0.258819 0.965926 -0.000000
vn 0.500000 0.866025 -0.000000
vn 0.500000 0.866025 -0.000000
vn 0.707107 0.707107 -0.000000
vn 0.707107 0.707107 -0.000000
vn 0.866025 0.500000 -0.000000
vn 0.866025 0.500000 -0.000000
vn 0.965926 0.258819 -0.000000
vn 0.965926 0.258819 -0.000000
vn 1.000000 -0.000000 0.000000
vn 1.000000 0.000000 -0.000000
vn 1.000000 -0.000000 -0.000000
vn 1.000000 -0.000000 -0.000000
vn 0.965926 0.258819 -0.000000
vn 0.965926 0.258819 -0.000000
vn 0.866025 0.500000 -0.000000
vn 0.866025 0.500000 -0.000000
vn 0.707107 0.707107 -0.000000
vn 0.707107 0.707107 -0.000000
vn 0.500000 0.866025 -0.000000
vn 0.500000 0.866025 -0.000000
vn 0.258819 0.965926 -0.000000
vn 0.258819 0.965926 -0.000000
vn 0.000000 1.000000 -0.000000
vn 0.000000 1.000000 -0.000000
vn -0.000000 1.000000 -0.000000
vn -0.000000 1.000000 -0.000000
vn 0.258819 0.965926 -0.000000
vn 0.258819 0.965926 -0.000000
vn 0.500000 0.866025 -0.000000
vn 0.500000 0.866025 -0.000000
vn 0.707107 0.707107 -0.000000
vn 0.707107 0.707107 -0.000000
vn 0.866025 0.500000 -0.000000
vn 0.866025 0.500000 -0.000000
vn 0.965926 0.258819 -0.000000
vn 0.965926 0.258819 -0.000000
vn 1.000000 -0.000000 0.000000
vn 1.000000 0.000000 -0.000000
vn 1.000000 0.000001 -0.000000
vn 1.000000 0.000001 -0.000000
vn 1.000000 0.000001 -0.000000
vn 1.000000 0.000001 -0.000000
vn 1.000000 -0.000000 -0.000000
vn 1.000000 -0.000000 -0.000000
vn 1.000000 -0.000000 -0.000000
vn 1.000000 -0.000000 -0.000000
vn 1.000000 -0.000000 0.000000
vn 1.000000 -0.000000 0.000000
vn 0.965926 -0.258819 0.000000
vn 0.965926 -0.258819 0.000000
vn 0.866025 -0.500000 0.000000
vn 0.866025 -0.500000 0.000000
vn 0.707107 -0.707107 0.000000
vn 0.707107 -0.707107 0.000000
vn 0.500000 -0.866025 0.000000
vn 0.500000 -0.866025 0.000000
vn 0.258819 -0.965926 0.000000
vn 0.258819 -0.965926 0.000000
vn 0.000000 -1.000000 0.000000
vn 0.000000 -1.000000 0.000000
vn -0.000000 -1.000000 -0.000000
vn -0.000000 -1.000000 -0.000000
vn 0.258819 -0.965926 -0.000000
vn 0.258819 -0.965926 -0.000000
vn 0.500000 -0.866025 -0.000000
vn 0.500000 -0.866025 -0.000000
vn 0.707107 -0.707107 -0.000000
vn 0.707107 -0.707107 -0.000000
vn 0.866025 -0.500000 -0.000000
vn 0.866025 -0.500000 -0.000000
vn 0.965926 -0.258819 -0.000000
vn 0.965926 -0.258819 -0.000000
vn 1.000000 -0.000000 -0.000000
vn 1.000000 -0.000000 -0.000000
vn 1.000000 -0.000000 -0.000000
vn 1.000000 -0.000000 -0.000000
vn 0.965926 0.258819 -0.000000
vn 0.965926 0.258819 -0.000000
vn 0.866025 0.500000 -0.000000
vn 0.866025 0.500000 -0.000000
vn 0.707107 0.707107 -0.000000
vn 0.707107 0.707107 -0.000000
vn 0.500000 0.866025 -0.000000
vn 0.500000 0.866025 -0.000000
vn 0.258819 0.965926 -0.000000
vn 0.258819 0.965926 -0.000000
vn 0.000000 1.000000 -0.000000
vn 0.000000 1.000000 -0.000000
vn -0.000000 1.000000 -0.000000
vn -0.000000 1.000000 -0.000000
vn 0.258819 0.965926 -0.000000
vn 0.258819 0.965926 -0.000000
vn 0.500000 0.866025 -0.000000
vn 0.500000 0.866025 -0.000000
vn 0.707107 0.707107 -0.000000
vn 0.707107 0.707107 -0.000000
vn 0.866025 0.500000 -0.000000
vn 0.866025 0.500000 -0.000000
vn 0.965926 0.258819 -0.000000
vn 0.965926 0.258819 -0.000000
vn 1.000000 0.000000 -0.000000
vn 1.000000 0.000000 -0.000000
vn 1.000000 -0.000000 -0.000000
vn 1.000000 -0.000000 -0.000000
vn -0.000000 -1.000000 -0.000000
vn -0.000000 -1.000000 -0.000000
vn -0.000000 -1.000000 -0.000000
vn -0.000000 -1.000000 -0.000000
vn -1.000000 -0.000000 -0.000000
vn -1.000000 -0.000000 -0.000000
vn -1.000000 -0.000000 -0.000000
vn -1.000000 -0.000000 -0.000000
vn -0.965926 -0.258819 0.000000
vn -0.965926 -0.258819 0.000000
vn -0.866025 -0.500000 0.000000
vn -0.866025 -0.500000 0.000000
vn -0.707107 -0.707107 0.000000
vn -0.707107 -0.707107 0.000000
vn -0.500000 -0.866025 0.000000
vn -0.500000 -0.866025 0.000000
vn -0.258819 -0.965926 0.000000
vn -0.258819 -0.965926 0.000000
vn -0.000000 -1.000000 0.000000
vn -0.000000 -1.000000 0.000000
vn -0.000000 -1.000000 -0.000000
vn -0.000000 -1.000000 -0.000000
vn -0.258819 -0.965926 0.000000
vn -0.258819 -0.965926 0.000000
vn -0.500000 -0.866025 0.000000
vn -0.500000 -0.866025 0.000000
vn -0.707107 -0.707107 0.000000
vn -0.707107 -0.707107 0.000000
vn -0.866025 -0.500000 0.000000
vn -0.866025 -0.500000 0.000000
vn -0.965926 -0.258819 0.000000
vn -0.965926 -0.258819 0.000000
vn -1.000000 0.000000 0.000000
vn -1.000000 0.000000 0.000000
vn -1.000000 -0.000000 -0.000000
vn -1.000000 -0.000000 -0.000000
vn -0.965926 0.258819 0.000000
vn -0.965926 0.258819 0.000000
vn -0.866025 0.500000 0.000000
vn -0.866025 0.500000 0.000000
vn -0.707107 0.707107 0.000000
vn -0.707107 0.707107 0.000000
vn -0.500000 0.866025 0.000000
vn -0.500000 0.866025 0.000000
vn -0.258819 0.965926 0.000000
vn -0.258819 0.965926 0.000000
vn -0.000000 1.000000 0.000000
vn -0.000000 1.000000 0.000000
vn -0.000000 1.000000 -0.000000
vn -0.000000 1.000000 -0.000000
vn -0.258819 0.965926 -0.000000
vn -0.258819 0.965926 -0.000000
vn -0.500000 0.866025 -0.000000
vn -0.500000 0.866025 -0.000000
vn -0.707107 0.707107 -0.000000
vn -0.707107 0.707107 -0.000000
vn -0.866025 0.500000 -0.000000
vn -0.866025 0.500000 -0.000000
vn -0.965926 0.258819 -0.000000
vn -0.965926 0.258819 -0.000000
vn -1.000000 0.000000 -0.000000
vn -1.000000 0.000000 -0.000000
vn -1.000000 -0.000000 -0.000000
vn -1.000000 -0.000000 -0.000000
vn -0.965926 -0.258819 0.000000
vn -0.965926 -0.258819 0.000000
vn -0.866025 -0.500000 0.000000
vn -0.866025 -0.500000 0.000000
vn -0.707107 -0.707107 0.000000
vn -0.707107 -0.707107 0.000000
vn -0.500000 -0.866025 0.000000
vn -0.500000 -0.866025 0.000000
vn -0.258819 -0.965926 0.000000
vn -0.258819 -0.965926 0.000000
vn -0.000000 -1.000000 0.000000
vn -0.000000 -1.000000 0.000000
vn -0.000000 -1.000000 -0.000000
vn -0.000000 -1.000000 -0.000000
vn -0.258819 -0.965926 0.000000
vn -0.258819 -0.965926 0.000000
vn -0.500000 -0.866025 0.000000
vn -0.500000 -0.866025 0.000000
vn -0.707107 -0.707107 0.000000
vn -0.707107 -0.707107 0.000000
vn -0.866025 -0.500000 0.000000
vn -0.866025 -0.500000 0.000000
vn -0.965926 -0.258819 0.000000
vn -0.965926 -0.258819 0.000000
vn -1.000000 -0.000000 0.000000
vn -1.000000 0.000000 0.000000
vn -1.000000 0.000000 -0.000000
vn -1.000000 0.000000 -0.000000
vn -0.965926 -0.258819 0.000000
vn -0.965926 -0.258819 0.000000
vn -0.866025 -0.500000 0.000000
vn -0.866025 -0.500000 0.000000
vn -0.707107 -0.707107 0.000000
vn -0.707107 -0.707107 0.000000
vn -0.500000 -0.866025 0.000000
vn -0.500000 -0.866025 0.000000
vn -0.258819 -0.965926 0.000000
vn -0.258819 -0.965926 0.000000
vn -0.000000 -1.000000 0.000000
vn -0.000000 -1.000000 0.000000
vn -0.000000 -1.000000 -0.000000
vn -0.000000 -1.000000 -0.000000
vn 0.000659 -1.000000 -0.000000
vn 0.000659 -1.000000 -0.000000
vn 0.000659 -1.000000 -0.000000
vn 0.000659 -1.000000 -0.000000
vn 0.219170 -0.975687 -0.000000
vn 0.219170 -0.975687 -0.000000
vn 0.427087 -0.904211 -0.000000
vn 0.427087 -0.904211 -0.000000
vn 0.614359 -0.789027 -0.000000
vn 0.614359 -0.789027 -0.000000
vn 0.771934 -0.635703 -0.000000
vn 0.771934 -0.635703 -0.000000
vn 0.771934 -0.635703 -0.000000
vn 0.771934 -0.635703 -0.000000
vn 0.655458 -0.755232 0.000000
vn 0.655458 -0.755232 0.000000
vn 0.520724 -0.853725 0.000000
vn 0.371487 -0.928438 0.000000
vn 0.371487 -0.928438 0.000000
vn 0.520724 -0.853725 0.000000
vn 0.371487 -0.928438 -0.000000
vn 0.371487 -0.928438 -0.000000
vn 1.000000 -0.000000 -0.000000
vn 1.000000 -0.000000 -0.000000
vn 1.000000 -0.000000 -0.000000
vn 1.000000 -0.000000 -0.000000
vn 0.965926 0.258819 -0.000000
vn 0.965926 0.258819 -0.000000
vn 0.866025 0.500000 -0.000000
vn 0.866025 0.500000 -0.000000
vn 0.707107 0.707107 -0.000000
vn 0.707107 0.707107 -0.000000
vn 0.500000 0.866025 -0.000000
vn 0.500000 0.866025 -0.000000
vn 0.258819 0.965926 -0.000000
vn 0.258819 0.965926 -0.000000
vn 0.000000 1.000000 -0.000000
vn 0.000000 1.000000 -0.000000
vn 0.000000 1.000000 -0.000000
vn 0.000000 1.000000 -0.000000
vn 0.258819 0.965926 -0.000000
vn 0.258819 0.965926 -0.000000
vn 0.500000 0.866025 -0.000000
vn 0.500000 0.866025 -0.000000
vn 0.707107 0.707107 -0.000000
vn 0.707107 0.707107 -0.000000
vn 0.866025 0.500000 -0.000000
vn 0.866025 0.500000 -0.000000
vn 0.965926 0.258819 -0.000000
vn 0.965926 0.258819 -0.000000
vn 1.000000 0.000000 -0.000000
vn 1.000000 0.000000 -0.000000
vn 1.000000 -0.000000 -0.000000
vn 1.000000 -0.000000 -0.000000
vn 0.965926 -0.258819 0.000000
vn 0.965926 -0.258819 0.000000
vn 0.866025 -0.500000 0.000000
vn 0.866025 -0.500000 0.000000
vn 0.707107 -0.707107 0.000000
vn 0.707107 -0.707107 0.000000
vn 0.500000 -0.866025 0.000000
vn 0.500000 -0.866025 0.000000
vn 0.258819 -0.965926 0.000000
vn 0.258819 -0.965926 0.000000
vn 0.000000 -1.000000 0.000000
vn 0.000000 -1.000000 0.000000
vn -0.000000 -1.000000 -0.000000
vn -0.000000 -1.000000 -0.000000
vn 0.258819 -0.965926 -0.000000
vn 0.258819 -0.965926 -0.000000
vn 0.500000 -0.866025 -0.000000
vn 0.500000 -0.866025 -0.000000
vn 0.707107 -0.707107 -0.000000
vn 0.707107 -0.707107 -0.000000
vn 0.866025 -0.500000 -0.000000
vn 0.866025 -0.500000 -0.000000
vn 0.965926 -0.258819 -0.000000
vn 0.965926 -0.258819 -0.000000
vn 1.000000 -0.000000 -0.000000
vn 1.000000 -0.000000 -0.000000
vn 1.000000 -0.000000 -0.000000
vn 1.000000 -0.000000 -0.000000
vn 1.000000 -0.000008 -0.000000
vn 1.000000 -0.000008 -0.000000
vn 1.000000 -0.000008 -0.000000
vn 1.000000 -0.000008 -0.000000
vn 0.371487 0.928438 -0.000000
vn 0.371487 0.928438 -0.000000
vn 0.371487 0.928438 -0.000000
vn 0.371487 0.928438 -0.000000
vn 0.520724 0.853725 -0.000000
vn 0.520724 0.853725 -0.000000
vn 0.655458 0.755232 -0.000000
vn 0.771934 0.635703 -0.000000
vn 0.771934 0.635703 -0.000000
vn 0.655458 0.755232 -0.000000
vn 0.771934 0.635703 -0.000000
vn 0.771934 0.635703 -0.000000
vn 0.614229 0.789128 -0.000000
vn 0.614229 0.789128 -0.000000
vn 0.426789 0.904351 -0.000000
vn 0.426789 0.904351 -0.000000
vn 0.218688 0.975795 -0.000000
vn 0.218688 0.975795 -0.000000
vn 0.000000 1.000000 -0.000000
vn 0.000000 1.000000 -0.000000
vn -0.000000 1.000000 -0.000000
vn -0.000000 1.000000 -0.000000
vn -0.000000 1.000000 -0.000000
vn -0.000000 1.000000 -0.000000
vn 1.000000 -0.000000 -0.000000
vn 1.000000 -0.000000 -0.000000
vn 1.000000 -0.000000 -0.000000
vn 1.000000 -0.000000 -0.000000
vn -0.000000 -1.000000 -0.000000
vn -0.000000 -1.000000 -0.000000
vn -0.000000 -1.000000 -0.000000
vn -0.000000 -1.000000 -0.000000
vn 1.000000 -0.000000 -0.000000
vn 1.000000 -0.000000 -0.000000
vn 1.000000 -0.000000 -0.000000
vn 1.000000 -0.000000 -0.000000
vn 0.000000 -1.000000 -0.000000
vn 0.000000 -1.000000 -0.000000
vn 0.000000 -1.000000 -0.000000
vn 0.000000 -1.000000 -0.000000
vn -0.000000 -1.000000 0.000000
vn -0.000000 -1.000000 0.000000
vn -0.227483 -0.973782 0.000000
vn -0.227483 -0.973782 0.000000
vn -0.443037 -0.896503 0.000000
vn -0.443037 -0.896503 0.000000
vn -0.635361 -0.772215 0.000000
vn -0.635361 -0.772215 0.000000
vn -0.794369 -0.607436 0.000000
vn -0.794369 -0.607436 0.000000
vn -0.000000 -0.000000 -1.000000
vn -0.000000 -0.000000 -1.000000
vn -0.000000 -0.000000 -1.000000
vn -0.000000 -0.000000 -1.000000
vn -0.000000 -0.000000 -1.000000
vn -0.000000 -0.000000 -1.000000
vn -0.000000 -0.000000 -1.000000
vn -0.000000 -0.000000 -1.000000
vn -0.000000 -0.000000 -1.000000
vn -0.000000 -0.000000 -1.000000
vn -0.000000 -0.000000 -1.000000
vn -0.000000 -0.000000 -1.000000
vn -0.000000 -0.000000 -1.000000
vn -0.000000 -0.000000 -1.000000
vn -0.000000 -0.000000 -1.000000
vn -0.000000 -0.000000 -1.000000
vn -0.000000 -0.000000 -1.000000
vn -0.000000 -0.000000 -1.000000
vn -0.000000 -0.000000 -1.000000
vn -0.000000 -0.000000 -1.000000
vn -0.000000 -0.000000 -1.000000
vn -0.000000 -0.000000 -1.000000
vn -0.000000 -0.000000 -1.000000
vn -0.000000 -0.000000 -1.000000
vn -0.000000 -0.000000 -1.000000
vn -0.000000 -0.000000 -1.000000
vn -0.000000 -0.000000 -1.000000
vn -0.000000 -0.000000 -1.000000
vn -0.000000 -0.000000 -1.000000
vn -0.000000 -0.000000 -1.000000
vn -0.000000 -0.000000 -1.000000
vn -0.000000 -0.000000 -1.000000
vn -0.000000 -0.000000 -1.000000
vn -0.000000 -0.000000 -1.000000
vn -0.000000 -0.000000 -1.000000
vn -0.000000 -0.000000 -1.000000
vn -0.000000 -0.000000 -1.000000
vn -0.000000 -0.000000 -1.000000
vn -0.000000 -0.000000 -1.000000
vn -0.000000 -0.000000 -1.000000
vn -0.000000 -0.000000 -1.000000
vn -0.000000 -0.000000 -1.000000
vn -0.000000 -0.000000 -1.000000
vn -0.000000 -0.000000 -1.000000
vn -0.000000 -0.000000 -1.000000
vn -0.000000 -0.000000 -1.000000
vn -0.000000 -0.000000 -1.000000
vn -0.000000 -0.000000 -1.000000
vn -0.000000 -0.000000 -1.000000
vn -0.000000 -0.000000 -1.000000
vn -0.000000 -0.000000 -1.000000
vn -0.000000 -0.000000 -1.000000
vn -0.000000 -0.000000 -1.000000
vn -0.000000 -0.000000 -1.000000
vn -0.000000 -0.000000 -1.000000
vn -0.000000 -0.000000 -1.000000
vn -0.000000 -0.000000 -1.000000
vn -0.000000 -0.000000 -1.000000
vn -0.000000 -0.000000 -1.000000
vn -0.000000 -0.000000 -1.000000
vn -0.000000 -0.000000 -1.000000
vn -0.000000 -0.000000 -1.000000
vn -0.000000 -0.000000 -1.000000
vn -0.000000 -0.000000 -1.000000
vn -0.000000 -0.000000 -1.000000
vn -0.000000 -0.000000 -1.000000
vn -0.000000 -0.000000 -1.000000
vn -0.000000 -0.000000 -1.000000
vn -0.000000 -0.000000 -1.000000
vn -0.000000 -0.000000 -1.000000
vn -0.000000 -0.000000 -1.000000
vn -0.000000 -0.000000 -1.000000
vn -0.000000 -0.000000 -1.000000
vn -0.000000 -0.000000 -1.000000
vn -0.000000 -0.000000 -1.000000
vn -0.000000 -0.000000 -1.000000
vn -0.000000 -0.000000 -1.000000
vn -0.000000 -0.000000 -1.000000
vn -0.000000 -0.000000 -1.000000
vn -0.000000 -0.000000 -1.000000
vn -0.000000 -0.000000 -1.000000
vn -0.000000 -0.000000 -1.000000
vn -0.000000 -0.000000 -1.000000
vn -0.000000 -0.000000 -1.000000
vn -0.000000 -0.000000 -1.000000
vn -0.000000 -0.000000 -1.000000
vn -0.000000 -0.000000 -1.000000
vn -0.000000 -0.000000 -1.000000
vn -0.000000 -0.000000 -1.000000
vn -0.000000 -0.000000 -1.000000
vn -0.000000 -0.000000 -1.000000
vn -0.000000 -0.000000 -1.000000
vn -0.000000 -0.000000 -1.000000
vn -0.000000 -0.000000 -1.000000
vn -0.000000 -0.000000 -1.000000
vn -0.000000 -0.000000 -1.000000
vn -0.000000 -0.000000 -1.000000
vn -0.000000 -0.000000 -1.000000
vn -0.000000 -0.000000 -1.000000
vn -0.000000 -0.000000 -1.000000
vn -0.000000 -0.000000 -1.000000
vn -0.000000 -0.000000 -1.000000
vn -0.000000 -0.000000 -1.000000
vn -0.000000 -0.000000 -1.000000
vn -0.000000 -0.000000 -1.000000
vn -0.000000 -0.000000 -1.000000
vn -0.000000 -0.000000 -1.000000
vn -0.000000 -0.000000 -1.000000
vn -0.000000 -0.000000 -1.000000
vn -0.000000 -0.000000 -1.000000
vn -0.000000 -0.000000 -1.000000
vn -0.000000 -0.000000 -1.000000
vn -0.000000 -0.000000 -1.000000
vn -0.000000 -0.000000 -1.000000
vn -0.000000 -0.000000 -1.000000
vn -0.000000 -0.000000 -1.000000
vn -0.000000 -0.000000 -1.000000
vn -0.000000 -0.000000 -1.000000
vn -0.000000 -0.000000 -1.000000
vn -0.000000 -0.000000 -1.000000
vn -0.000000 -0.000000 -1.000000
vn -0.000000 -0.000000 -1.000000
vn -0.000000 -0.000000 -1.000000
vn -0.000000 -0.000000 -1.000000
vn -0.000000 -0.000000 -1.000000
vn -0.000000 -0.000000 -1.000000
vn -0.000000 -0.000000 -1.000000
vn -0.000000 -0.000000 -1.000000
vn -0.000000 -0.000000 -1.000000
vn -0.000000 -0.000000 -1.000000
vn -0.000000 -0.000000 -1.000000
vn -0.000000 -0.000000 -1.000000
vn -0.000000 -0.000000 -1.000000
vn -0.000000 -0.000000 -1.000000
vn -0.000000 -0.000000 -1.000000
vn -0.000000 -0.000000 -1.000000
vn -0.000000 -0.000000 -1.000000
vn -0.000000 -0.000000 -1.000000
vn -0.000000 -0.000000 -1.000000
vn -0.000000 -0.000000 -1.000000
vn -0.000000 -0.000000 -1.000000
vn -0.000000 -0.000000 -1.000000
vn -0.000000 -0.000000 -1.000000
vn -0.000000 -0.000000 -1.000000
vn -0.000000 -0.000000 -1.000000
vn -0.000000 -0.000000 -1.000000
vn -0.000000 -0.000000 -1.000000
vn -0.000000 -0.000000 -1.000000
vn -0.000000 -0.000000 -1.000000
vn -0.000000 -0.000000 -1.000000
vn -0.000000 -0.000000 -1.000000
vn -0.000000 -0.000000 -1.000000
vn -0.000000 -0.000000 -1.000000
vn -0.000000 -0.000000 -1.000000
vn -0.000000 -0.000000 -1.000000
vn -0.000000 -0.000000 -1.000000
vn -0.000000 -0.000000 -1.000000
vn -0.000000 -0.000000 -1.000000
vn -0.000000 -0.000000 -1.000000
vn -0.000000 -0.000000 -1.000000
vn -0.000000 -0.000000 -1.000000
vn -0.000000 -0.000000 -1.000000
vn -0.000000 -0.000000 -1.000000
vn -0.000000 -0.000000 -1.000000
vn -0.000000 -0.000000 -1.000000
vn -0.000000 -0.000000 -1.000000
vn -0.000000 -0.000000 -1.000000
vn -0.000000 -0.000000 -1.000000
vn -0.000000 -0.000000 -1.000000
vn -0.000000 -0.000000 -1.000000
vn -0.000000 -0.000000 -1.000000
vn -0.000000 -0.000000 -1.000000
vn -0.000000 -0.000000 -1.000000
vn -0.000000 -0.000000 -1.000000
vn -0.000000 -0.000000 -1.000000
vn -0.000000 -0.000000 -1.000000
vn -0.000000 -0.000000 -1.000000
vn -0.000000 -0.000000 -1.000000
vn -0.000000 -0.000000 -1.000000
vn -0.000000 -0.000000 -1.000000
vn -0.000000 -0.000000 -1.000000
vn -0.000000 -0.000000 -1.000000
vn -0.000000 -0.000000 -1.000000
vn -0.000000 -0.000000 -1.000000
vn -0.000000 -0.000000 -1.000000
vn -0.000000 -0.000000 -1.000000
vn -0.000000 -0.000000 -1.000000
vn -0.000000 -0.000000 -1.000000
vn -0.000000 -0.000000 -1.000000
vn -0.000000 -0.000000 -1.000000
vn -0.000000 -0.000000 -1.000000
vn -0.000000 -0.000000 -1.000000
vn -0.000000 -0.000000 -1.000000
vn -0.000000 -0.000000 -1.000000
vn -0.000000 -0.000000 -1.000000
vn -0.000000 -0.000000 -1.000000
vn -0.000000 -0.000000 -1.000000
vn -0.000000 -0.000000 -1.000000
vn -0.000000 -0.000000 -1.000000
vn -0.000000 -0.000000 -1.000000
vn -0.000000 -0.000000 -1.000000
vn -0.000000 -0.000000 -1.000000
vn -0.000000 -0.000000 -1.000000
vn -0.000000 -0.000000 -1.000000
vn -0.000000 -0.000000 -1.000000
vn -0.000000 -0.000000 -1.000000
vn -0.000000 -0.000000 -1.000000
vn -0.000000 -0.000000 -1.000000
vn -0.000000 -0.000000 -1.000000
vn -0.000000 -0.000000 -1.000000
vn -0.000000 -0.000000 -1.000000
vn -0.000000 -0.000000 -1.000000
vn -0.000000 -0.000000 -1.000000
vn -0.000000 -0.000000 -1.000000
vn -0.000000 -0.000000 -1.000000
vn -0.000000 -0.000000 -1.000000
vn 1.000000 0.000000 0.000000
vn 1.000000 0.000000 0.000000
vn 0.965926 -0.258819 -0.000000
vn 0.965926 -0.258819 -0.000000
vn 0.866025 -0.500000 -0.000000
vn 0.866025 -0.500000 -0.000000
vn 0.707107 -0.707107 -0.000000
vn 0.707107 -0.707107 -0.000000
vn 0.500000 -0.866025 -0.000000
vn 0.500000 -0.866025 -0.000000
vn 0.258819 -0.965926 -0.000000
vn 0.258819 -0.965926 -0.000000
vn -0.000000 -1.000000 -0.000000
vn -0.000000 -1.000000 -0.000000
vn 1.000000 0.000000 0.000000
vn 1.000000 0.000000 0.000000
vn 0.000000 1.000000 0.000000
vn 0.000000 1.000000 0.000000
vn 0.258819 0.965926 0.000000
vn 0.258819 0.965926 0.000000
vn 0.500000 0.866025 0.000000
vn 0.500000 0.866025 0.000000
vn 0.707107 0.707107 0.000000
vn 0.707107 0.707107 0.000000
vn 0.866025 0.500000 0.000000
vn 0.866025 0.500000 0.000000
vn 0.965926 0.258819 0.000000
vn 0.965926 0.258819 0.000000
vn -0.000000 1.000000 0.000000
vn -0.000000 1.000000 0.000000
vn 0.000000 -1.000000 0.000000
vn 0.000000 -1.000000 0.000000
vn 1.000000 -0.000000 -0.000000
vn 1.000000 -0.000000 -0.000000
vn 1.000000 -0.000000 -0.000000
vn 1.000000 -0.000000 -0.000000
vn -0.274721 -0.961524 -0.000000
vn -0.274721 -0.961524 -0.000000
vn -0.274721 -0.961524 -0.000000
vn -0.274721 -0.961524 -0.000000
vn -0.769142 -0.639078 -0.000000
vn -0.769142 -0.639078 -0.000000
vn -0.769142 -0.639078 -0.000000
vn -0.769142 -0.639078 -0.000000
vn -0.460033 -0.887902 -0.000000
vn -0.460033 -0.887902 -0.000000
vn -0.627053 -0.778976 -0.000000
vn -0.627053 -0.778976 -0.000000
vn -0.769142 -0.639078 -0.000000
vn -0.769142 -0.639078 -0.000000
vn -0.627053 -0.778976 -0.000000
vn -0.460033 -0.887902 -0.000000
vn -0.000000 -0.000000 -1.000000
vn -0.000000 -0.000000 -1.000000
vn -0.000000 -0.000000 -1.000000
vn -0.000000 -0.000000 -1.000000
vn -0.000000 -0.000000 -1.000000
vn -0.000000 -0.000000 -1.000000
vn -0.000000 -0.000000 -1.000000
vn -0.000000 -0.000000 -1.000000
vn -0.000000 -0.000000 -1.000000
vn -0.000000 -0.000000 -1.000000
vn -0.000000 -0.000000 -1.000000
vn -0.000000 -0.000000 -1.000000
vn -0.000000 -0.000000 -1.000000
vn -0.000000 -0.000000 -1.000000
vn -0.000000 -0.000000 -1.000000
vn -0.000000 -0.000000 -1.000000
vn -0.000000 -0.000000 -1.000000
vn -0.000000 -0.000000 -1.000000
vn -0.000000 -0.000000 -1.000000
vn -0.000000 -0.000000 -1.000000
vn -0.000000 -0.000000 -1.000000
vn -0.000000 -0.000000 -1.000000
vn -0.000000 -0.000000 -1.000000
vn -0.000000 -0.000000 -1.000000
vn -0.000000 -0.000000 -1.000000
vn -0.000000 -0.000000 -1.000000
vn -0.000000 -0.000000 -1.000000
vn -0.000000 -0.000000 -1.000000
vn -0.000000 -0.000000 -1.000000
vn -0.000000 -0.000000 -1.000000
vn -0.000000 -0.000000 -1.000000
vn -0.000000 -0.000000 -1.000000
vn -0.000000 -0.000000 -1.000000
vn -0.000000 -0.000000 -1.000000
vn -0.000000 -0.000000 -1.000000
vn -0.000000 -0.000000 -1.000000
vn -0.000000 -0.000000 -1.000000
vn -0.000000 -0.000000 -1.000000
vn -0.000000 -0.000000 -1.000000
vn -0.000000 -0.000000 -1.000000
vn -0.000000 -0.000000 -1.000000
vn -0.000000 -0.000000 -1.000000
vn -0.000000 -0.000000 -1.000000
vn -0.000000 -0.000000 -1.000000
vn -0.000000 -0.000000 -1.000000
vn -0.000000 -0.000000 -1.000000
vn -0.000000 -0.000000 -1.000000
vn -0.000000 -0.000000 -1.000000
vn -0.000000 -0.000000 -1.000000
vn -0.000000 -0.000000 -1.000000
vn -0.000000 -0.000000 -1.000000
vn -0.000000 -0.000000 -1.000000
vn -0.000000 -0.000000 -1.000000
vn -0.000000 -0.000000 -1.000000
vn -0.000000 -0.000000 -1.000000
vn -0.000000 -0.000000 -1.000000
vn -0.000000 -0.000000 -1.000000
vn -0.000000 -0.000000 -1.000000
vn -0.000000 -0.000000 -1.000000
vn -0.000000 -0.000000 -1.000000
vn -0.000000 -0.000000 -1.000000
vn -0.000000 -0.000000 -1.000000
vn -0.000000 -0.000000 -1.000000
vn -0.000000 -0.000000 -1.000000
vn -0.000000 -0.000000 -1.000000
vn -0.000000 -0.000000 -1.000000
vn -0.000000 -0.000000 -1.000000
vn -0.000000 -0.000000 -1.000000
vn -0.000000 -0.000000 -1.000000
vn -0.000000 -0.000000 -1.000000
vn -0.000000 -0.000000 -1.000000
vn -0.000000 -0.000000 -1.000000
vn -0.000000 -0.000000 -1.000000
vn -0.000000 -0.000000 -1.000000
vn -0.000000 -0.000000 -1.000000
vn -0.000000 -0.000000 -1.000000
vn -0.000000 -0.000000 -1.000000
vn -0.000000 -0.000000 -1.000000
vn -0.000000 -0.000000 -1.000000
vn -0.000000 -0.000000 -1.000000
vn -0.000000 -0.000000 -1.000000
vn -0.000000 -0.000000 -1.000000
vn -0.000000 -0.000000 -1.000000
vn -0.000000 -0.000000 -1.000000
vn -0.000000 -0.000000 -1.000000
vn -0.000000 -0.000000 -1.000000
vn -0.000000 -0.000000 -1.000000
vn -0.000000 -0.000000 -1.000000
vn -0.000000 -0.000000 -1.000000
vn -0.000000 -0.000000 -1.000000
vn -0.000000 -0.000000 -1.000000
vn -0.000000 -0.000000 -1.000000
vn -0.000000 -0.000000 -1.000000
vn -0.000000 -0.000000 -1.000000
vn -0.000000 -0.000000 -1.000000
vn -0.000000 -0.000000 -1.000000
vn -0.000000 -0.000000 -1.000000
vn -0.000000 -0.000000 -1.000000
vn -0.000000 -0.000000 -1.000000
vn -0.000000 -0.000000 -1.000000
vn -0.000000 -0.000000 -1.000000
vn -0.000000 -0.000000 -1.000000
vn -0.000000 -0.000000 -1.000000
vn -0.000000 -0.000000 -1.000000
vn -0.000000 -0.000000 -1.000000
vn -0.000000 -0.000000 -1.000000
vn -0.000000 -0.000000 -1.000000
vn -0.000000 -0.000000 -1.000000
vn -0.000000 -0.000000 -1.000000
vn -0.000000 -0.000000 -1.000000
vn -0.000000 -0.000000 -1.000000
vn -0.000000 -0.000000 -1.000000
vn -0.000000 -0.000000 -1.000000
vn -0.000000 -0.000000 -1.000000
vn -0.000000 -0.000000 -1.000000
vn -0.000000 -0.000000 -1.000000
vn -0.000000 -0.000000 -1.000000
vn -0.000000 -0.000000 -1.000000
vn -0.000000 -0.000000 -1.000000
vn -0.000000 -0.000000 -1.000000
vn -0.000000 -0.000000 -1.000000
vn -0.000000 -0.000000 -1.000000
vn -0.000000 -0.000000 -1.000000
vn -0.000000 -0.000000 -1.000000
vn -0.000000 -0.000000 -1.000000
vn -0.000000 -0.000000 -1.000000
vn -0.000000 -0.000000 -1.000000
vn -0.000000 -0.000000 -1.000000
vn -0.000000 -0.000000 -1.000000
vn -0.000000 -0.000000 -1.000000
vn -0.000000 -0.000000 -1.000000
vn -0.000000 -0.000000 -1.000000
vn -0.000000 -0.000000 -1.000000
vn -0.000000 -0.000000 -1.000000
vn -0.000000 -0.000000 -1.000000
vn -0.000000 -0.000000 -1.000000
vn -0.000000 -0.000000 -1.000000
vn -0.000000 -0.000000 -1.000000
vn -0.000000 -0.000000 -1.000000
vn -0.000000 -0.000000 -1.000000
vn -0.000000 -0.000000 -1.000000
vn -0.000000 -0.000000 -1.000000
vn -0.000000 -0.000000 -1.000000
vn -0.000000 -0.000000 -1.000000
vn -0.000000 -0.000000 -1.000000
vn -0.000000 -0.000000 -1.000000
vn -0.000000 -0.000000 -1.000000
vn -0.000000 -0.000000 -1.000000
vn -0.000000 -0.000000 -1.000000
vn -0.000000 -0.000000 -1.000000
vn -0.000000 -0.000000 -1.000000
vn -0.000000 -0.000000 -1.000000
vn -0.000000 -0.000000 -1.000000
vn -0.000000 -0.000000 -1.000000
vn -0.000000 -0.000000 -1.000000
vn -0.000000 -0.000000 -1.000000
vn -0.000000 -0.000000 -1.000000
vn -0.000000 -0.000000 -1.000000
vn -0.000000 -0.000000 -1.000000
vn -0.000000 -0.000000 -1.000000
vn -0.000000 -0.000000 -1.000000
vn -0.000000 -0.000000 -1.000000
vn -0.000000 -0.000000 -1.000000
vn -0.000000 -0.000000 -1.000000
vn -0.000000 -0.000000 -1.000000
vn -0.000000 -0.000000 -1.000000
vn -0.000000 -0.000000 -1.000000
vn -0.000000 -0.000000 -1.000000
vn -0.000000 -0.000000 -1.000000
vn -0.000000 -0.000000 -1.000000
vn -0.000000 -0.000000 -1.000000
vn -0.000000 -0.000000 -1.000000
vn -0.000000 -0.000000 -1.000000
vn -0.000000 -0.000000 -1.000000
vn -0.000000 -0.000000 -1.000000
vn -0.000000 -0.000000 -1.000000
vn -0.000000 -0.000000 -1.000000
vn -0.000000 -0.000000 -1.000000
vn -0.000000 -0.000000 -1.000000
vn -0.000000 -0.000000 -1.000000
vn -0.000000 -0.000000 -1.000000
vn -0.000000 -0.000000 -1.000000
vn -0.000000 -0.000000 -1.000000
vn -0.000000 -0.000000 -1.000000
vn -0.000000 -0.000000 -1.000000
vn -0.000000 -0.000000 -1.000000
vn -0.000000 -0.000000 -1.000000
vn -0.000000 -0.000000 -1.000000
vn -0.000000 -0.000000 -1.000000
vn -0.000000 -0.000000 -1.000000
vn -0.000000 -0.000000 -1.000000
vn -0.000000 -0.000000 -1.000000
vn -0.000000 -0.000000 -1.000000
vn -0.000000 -0.000000 -1.000000
vn -0.000000 -0.000000 -1.000000
vn -0.000000 -0.000000 -1.000000
vn -0.000000 -0.000000 -1.000000
vn -0.000000 -0.000000 -1.000000
vn -0.000000 -0.000000 -1.000000
vn -0.000000 -0.000000 -1.000000
vn -0.000000 -0.000000 -1.000000
vn -0.000000 -0.000000 -1.000000
vn -0.000000 -0.000000 -1.000000
vn -0.000000 -0.000000 -1.000000
vn -0.000000 -0.000000 -1.000000
vn -0.000000 -0.000000 -1.000000
vn -0.000000 -0.000000 -1.000000
vn -0.000000 -0.000000 -1.000000
vn -0.000000 -0.000000 -1.000000
vn -0.000000 -0.000000 -1.000000
vn -0.000000 -0.000000 -1.000000
vn -0.000000 -0.000000 -1.000000
vn -0.000000 -0.000000 -1.000000
vn -0.000000 -0.000000 -1.000000
vn -0.000000 -0.000000 -1.000000
vn -0.000000 -0.000000 -1.000000
vn -0.000000 -0.000000 -1.000000
vn -0.000000 -0.000000 -1.000000
vn -0.000000 -0.000000 -1.000000
vn -0.000000 -0.000000 -1.000000
vn -0.000000 -0.000000 -1.000000
vn -0.000000 -0.000000 -1.000000
vn -0.000000 -0.000000 -1.000000
vn -0.000000 -0.000000 -1.000000
vn -0.000000 -0.000000 -1.000000
vn -0.000000 -0.000000 -1.000000
vn -0.000000 -0.000000 -1.000000
vn -0.000000 -0.000000 -1.000000
vn -0.000000 -0.000000 -1.000000
vn -0.000000 -0.000000 -1.000000
vn -0.000000 -0.000000 -1.000000
vn -0.000000 -0.000000 -1.000000
vn -0.000000 -0.000000 -1.000000
vn -0.000000 -0.000000 -1.000000
vn -0.000000 -0.000000 -1.000000
vn -0.000000 -0.000000 -1.000000
vn -0.000000 -0.000000 -1.000000
vn -0.000000 -0.000000 -1.000000
vn -0.000000 -0.000000 -1.000000
vn -0.000000 -0.000000 -1.000000
vn -0.000000 -0.000000 -1.000000
vn -0.000000 -0.000000 -1.000000
vn -0.000000 -0.000000 -1.000000
vn -0.000000 -0.000000 -1.000000
vn -0.000000 -0.000000 -1.000000
vn -0.000000 -0.000000 -1.000000
vn -0.000000 -0.000000 -1.000000
vn -0.000000 -0.000000 -1.000000
vn -0.000000 -0.000000 -1.000000
vn -0.000000 -0.000000 -1.000000
vn -0.000000 -0.000000 -1.000000
vn -0.000000 -0.000000 -1.000000
vn -0.000000 -0.000000 -1.000000
vn -0.000000 -0.000000 -1.000000
vn -0.000000 -0.000000 -1.000000
vn -0.000000 -0.000000 -1.000000
vn -0.000000 -0.000000 -1.000000
vn -0.000000 -0.000000 -1.000000
vn -0.000000 -0.000000 -1.000000
vn -0.000000 -0.000000 -1.000000
vn -0.000000 -0.000000 -1.000000
vn -0.000000 -0.000000 -1.000000
vn -0.000000 -0.000000 -1.000000
vn -0.000000 -0.000000 -1.000000
vn -0.000000 -0.000000 -1.000000
vn -0.000000 -0.000000 -1.000000
vn -0.000000 -0.000000 -1.000000
vn -0.000000 -0.000000 -1.000000
vn -0.000000 -0.000000 -1.000000
vn -0.000000 -0.000000 -1.000000
vn -0.000000 -0.000000 -1.000000
vn -0.000000 -0.000000 -1.000000
vn -0.000000 -0.000000 -1.000000
vn -0.000000 -0.000000 -1.000000
vn -0.000000 -0.000000 -1.000000
vn -0.000000 -0.000000 -1.000000
vn -0.000000 -0.000000 -1.000000
vn -0.000000 -0.000000 -1.000000
vn -0.000000 -0.000000 -1.000000
vn -0.000000 -0.000000 -1.000000
vn -0.000000 -0.000000 -1.000000
vn -0.000000 -0.000000 -1.000000
vn -0.000000 -0.000000 -1.000000
vn -0.000000 -0.000000 -1.000000
vn -0.000000 -0.000000 -1.000000
vn -0.000000 -0.000000 -1.000000
vn -0.000000 -0.000000 -1.000000
vn -0.000000 -0.000000 -1.000000
vn -0.000000 -0.000000 -1.000000
vn -0.000000 -0.000000 -1.000000
vn -0.000000 -0.000000 -1.000000
vn -0.000000 -0.000000 -1.000000
vn -0.000000 -0.000000 -1.000000
vn -0.000000 -0.000000 -1.000000
vn -0.000000 -0.000000 -1.000000
vn -0.000000 -0.000000 -1.000000
vn -0.000000 -0.000000 -1.000000
vn -0.000000 -0.000000 -1.000000
vn -0.000000 -0.000000 -1.000000
vn -0.000000 -0.000000 -1.000000
vn -0.000000 -0.000000 -1.000000
vn -0.000000 -0.000000 -1.000000
vn -0.000000 -0.000000 -1.000000
vn -0.000000 -0.000000 -1.000000
vn -0.000000 -0.000000 -1.000000
vn -0.000000 -0.000000 -1.000000
vn -0.000000 -0.000000 -1.000000
vn -0.000000 -0.000000 -1.000000
vn -0.000000 -0.000000 -1.000000
vn -0.000000 -0.000000 -1.000000
vn -0.000000 -0.000000 -1.000000
vn -0.000000 -0.000000 -1.000000
vn -0.000000 -0.000000 -1.000000
vn -0.000000 -0.000000 -1.000000
vn -0.000000 -0.000000 -1.000000
vn -0.000000 -0.000000 -1.000000
vn -0.000000 -0.000000 -1.000000
vn -0.000000 -0.000000 -1.000000
vn -0.000000 -0.000000 -1.000000
vn -0.000000 -0.000000 -1.000000
vn -0.000000 -0.000000 -1.000000
vn -0.000000 -0.000000 -1.000000
vn -0.000000 -0.000000 -1.000000
vn -0.000000 -0.000000 -1.000000
vn -0.000000 -0.000000 -1.000000
vn -0.000000 -0.000000 -1.000000
vn -0.000000 -0.000000 -1.000000
vn -0.000000 -0.000000 -1.000000
vn -0.000000 -0.000000 -1.000000
vn -0.000000 -0.000000 -1.000000
vn -0.000000 -0.000000 -1.000000
vn -0.000000 -0.000000 -1.000000
vn -0.000000 -0.000000 -1.000000
vn -0.000000 -0.000000 -1.000000
vn -0.000000 -0.000000 -1.000000
vn -0.000000 -0.000000 -1.000000
vn -0.000000 -0.000000 -1.000000
vn -0.000000 -0.000000 -1.000000
vn -0.000000 -0.000000 -1.000000
vn -0.000000 -0.000000 -1.000000
vn -0.000000 -0.000000 -1.000000
vn -0.000000 -0.000000 -1.000000
vn -0.000000 -0.000000 -1.000000
vn -0.000000 -0.000000 -1.000000
vn -0.000000 -0.000000 -1.000000
vn -0.000000 -0.000000 -1.000000
vn -0.000000 -0.000000 -1.000000
vn -0.000000 -0.000000 -1.000000
vn -0.000000 -0.000000 -1.000000
vn -0.000000 -0.000000 -1.000000
vn -0.000000 -0.000000 -1.000000
vn -0.000000 -0.000000 -1.000000
vn -0.000000 -0.000000 -1.000000
vn -0.000000 -0.000000 -1.000000
vn -0.000000 -0.000000 -1.000000
vn -0.000000 -0.000000 -1.000000
vn -0.000000 -0.000000 -1.000000
vn -0.000000 -0.000000 -1.000000
vn -0.000000 -0.000000 -1.000000
vn -0.000000 -0.000000 -1.000000
vn -0.000000 -0.000000 -1.000000
vn -0.000000 -0.000000 -1.000000
vn -0.000000 -0.000000 -1.000000
vn -0.000000 -0.000000 -1.000000
vn -0.000000 -0.000000 -1.000000
vn -0.000000 -0.000000 -1.000000
vn -0.000000 -0.000000 -1.000000
vn -0.000000 -0.000000 -1.000000
vn -0.000000 -0.000000 -1.000000
vn -0.000000 -0.000000 -1.000000
vn -0.000000 -0.000000 -1.000000
vn -0.000000 -0.000000 -1.000000
vn -0.000000 -0.000000 -1.000000
vn -0.000000 -0.000000 -1.000000
vn -0.000000 -0.000000 -1.000000
vn -0.000000 -0.000000 -1.000000
vn -0.000000 -0.000000 -1.000000
vn -0.000000 -0.000000 -1.000000
vn -0.000000 -0.000000 -1.000000
vn -0.000000 -0.000000 -1.000000
vn -0.000000 -0.000000 -1.000000
vn -0.000000 -0.000000 -1.000000
vn -0.000000 -0.000000 -1.000000
vn -0.000000 -0.000000 -1.000000
vn -0.000000 -0.000000 -1.000000
vn -0.000000 -0.000000 -1.000000
vn -0.000000 -0.000000 -1.000000
vn -0.000000 -0.000000 -1.000000
vn -0.000000 -0.000000 -1.000000
vn -0.000000 -0.000000 -1.000000
vn -0.000000 -0.000000 -1.000000
vn -0.000000 -0.000000 -1.000000
vn -0.000000 -0.000000 -1.000000
vn -0.000000 -0.000000 -1.000000
vn -0.000000 -0.000000 -1.000000
vn -0.000000 -0.000000 -1.000000
vn -0.000000 -0.000000 -1.000000
vn -0.000000 -0.000000 -1.000000
vn -0.000000 -0.000000 -1.000000
vn -0.000000 -0.000000 -1.000000
vn -0.000000 -0.000000 -1.000000
vn -0.000000 -0.000000 -1.000000
vn -0.000000 -0.000000 -1.000000
vn -0.000000 -0.000000 -1.000000
vn -0.000000 -0.000000 -1.000000
vn -0.000000 -0.000000 -1.000000
vn -0.000000 -0.000000 -1.000000
vn -0.000000 -0.000000 -1.000000
vn -0.000000 -0.000000 -1.000000
vn -0.000000 -0.000000 -1.000000
vn -0.000000 -0.000000 -1.000000
vn -0.000000 -0.000000 -1.000000
vn -0.000000 -0.000000 -1.000000
vn -0.000000 -0.000000 -1.000000
vn -0.000000 -0.000000 -1.000000
vn -0.000000 -0.000000 -1.000000
vn -0.000000 -0.000000 -1.000000
vn -0.000000 -0.000000 -1.000000
vn -0.000000 -0.000000 -1.000000
vn -0.000000 -0.000000 -1.000000
vn -0.000000 -0.000000 -1.000000
vn -0.000000 -0.000000 -1.000000
vn -0.000000 -0.000000 -1.000000
vn -0.000000 -0.000000 -1.000000
vn -0.000000 -0.000000 -1.000000
vn -0.000000 -0.000000 -1.000000
vn -0.000000 -0.000000 -1.000000
vn -0.000000 -0.000000 -1.000000
vn -0.000000 -0.000000 -1.000000
vn -0.000000 -0.000000 -1.000000
vn -0.000000 -0.000000 -1.000000
vn -0.000000 -0.000000 -1.000000
vn -0.000000 -0.000000 -1.000000
vn -0.000000 -0.000000 -1.000000
vn -0.000000 -0.000000 -1.000000
vn -0.000000 -0.000000 -1.000000
vn -0.000000 -0.000000 -1.000000
vn -0.000000 -0.000000 -1.000000
vn -0.000000 -0.000000 -1.000000
vn -0.000000 -0.000000 -1.000000
vn -0.000000 -0.000000 -1.000000
vn -0.000000 -0.000000 -1.000000
vn -0.000000 -0.000000 -1.000000
vn -0.000000 -0.000000 -1.000000
vn -0.000000 -0.000000 -1.000000
vn -0.000000 -0.000000 -1.000000
vn -0.000000 -0.000000 -1.000000
vn -0.000000 -0.000000 -1.000000
vn -0.000000 -0.000000 -1.000000
vn -0.000000 -0.000000 -1.000000
vn -0.000000 -0.000000 -1.000000
vn -0.000000 -0.000000 -1.000000
vn -0.000000 -0.000000 -1.000000
vn -0.000000 -0.000000 -1.000000
vn -0.000000 -0.000000 -1.000000
vn -0.000000 -0.000000 -1.000000
vn -0.000000 -0.000000 -1.000000
vn 0.000000 -1.000000 -0.000000
vn 0.000000 -1.000000 -0.000000
vn 0.000000 -1.000000 -0.000000
vn 0.000000 -1.000000 -0.000000
vn -0.767588 0.640944 -0.000000
vn -0.767588 0.640944 -0.000000
vn -0.625791 0.779990 -0.000000
vn -0.625791 0.779990 -0.000000
vn -0.459314 0.888274 -0.000000
vn -0.459314 0.888274 -0.000000
vn -0.274721 0.961524 -0.000000
vn -0.274721 0.961524 -0.000000
vn -0.459314 0.888274 -0.000000
vn -0.625791 0.779990 -0.000000
vn -0.767588 0.640944 0.000000
vn -0.767588 0.640944 0.000000
vn -0.274721 0.961524 0.000000
vn -0.274721 0.961524 0.000000
vn -1.000000 -0.000000 -0.000000
vn -1.000000 -0.000000 -0.000000
vn -1.000000 -0.000000 -0.000000
vn -1.000000 -0.000000 -0.000000
vn -1.000000 0.000000 0.000000
vn -1.000000 0.000000 0.000000
vn -1.000000 0.000000 0.000000
vn -1.000000 0.000000 0.000000
vn 0.000000 -1.000000 -0.000000
vn 0.000000 -1.000000 -0.000000
vn -0.258819 -0.965926 -0.000000
vn -0.258819 -0.965926 -0.000000
vn -0.500000 -0.866025 -0.000000
vn -0.500000 -0.866025 -0.000000
vn -0.707107 -0.707107 -0.000000
vn -0.707107 -0.707107 -0.000000
vn -0.866025 -0.500000 -0.000000
vn -0.866025 -0.500000 -0.000000
vn -0.965926 -0.258819 -0.000000
vn -0.965926 -0.258819 -0.000000
vn -0.000000 -1.000000 -0.000000
vn -0.000000 -1.000000 -0.000000
vn -0.000000 1.000000 0.000000
vn -0.000000 1.000000 0.000000
vn -0.000000 1.000000 0.000000
vn -0.000000 1.000000 0.000000
vn -0.965926 0.258819 -0.000000
vn -0.965926 0.258819 -0.000000
vn -0.866025 0.500000 -0.000000
vn -0.866025 0.500000 -0.000000
vn -0.707107 0.707107 -0.000000
vn -0.707107 0.707107 -0.000000
vn -0.500000 0.866025 -0.000000
vn -0.500000 0.866025 -0.000000
vn -0.258819 0.965926 -0.000000
vn -0.258819 0.965926 -0.000000
vn -1.000000 -0.000000 -0.000000
vn -1.000000 -0.000000 -0.000000
vn -1.000000 -0.000000 -0.000000
vn -1.000000 -0.000000 -0.000000
vn 1.000000 0.000000 0.000000
vn 1.000000 0.000000 0.000000
vn 1.000000 0.000000 0.000000
vn 1.000000 0.000000 0.000000
vn 0.000000 1.000000 0.000000
vn 0.000000 1.000000 0.000000
vn 0.258819 0.965926 0.000000
vn 0.258819 0.965926 0.000000
vn 0.500000 0.866025 0.000000
vn 0.500000 0.866025 0.000000
vn 0.707107 0.707107 0.000000
vn 0.707107 0.707107 0.000000
vn 0.866025 0.500000 0.000000
vn 0.866025 0.500000 0.000000
vn 0.965926 0.258819 0.000000
vn 0.965926 0.258819 0.000000
vn 0.000000 1.000000 0.000000
vn 0.000000 1.000000 0.000000
vn -0.000000 1.000000 -0.000000
vn -0.000000 1.000000 -0.000000
vn -0.000000 1.000000 -0.000000
vn -0.000000 1.000000 -0.000000
vn 1.000000 -0.000000 -0.000000
vn 1.000000 -0.000000 -0.000000
vn 1.000000 -0.000000 -0.000000
vn 1.000000 -0.000000 -0.000000
vn 0.000000 1.000000 0.000000
vn 0.000000 1.000000 0.000000
vn 0.000000 1.000000 0.000000
vn 0.000000 1.000000 0.000000
vn 0.000000 -1.000000 0.000000
vn 0.000000 -1.000000 0.000000
vn 0.000000 -1.000000 0.000000
vn 0.000000 -1.000000 0.000000
vn 1.000000 0.000000 0.000000
vn 1.000000 0.000000 0.000000
vn 1.000000 0.000000 0.000000
vn 1.000000 0.000000 0.000000
vn 0.965926 -0.258819 -0.000000
vn 0.965926 -0.258819 -0.000000
vn 0.866025 -0.500000 -0.000000
vn 0.866025 -0.500000 -0.000000
vn 0.707107 -0.707107 -0.000000
vn 0.707107 -0.707107 -0.000000
vn 0.500000 -0.866025 -0.000000
vn 0.500000 -0.866025 -0.000000
vn 0.258819 -0.965926 -0.000000
vn 0.258819 -0.965926 -0.000000
vn 0.115747 -0.993279 0.000000
vn 0.115747 -0.993279 0.000000
vn 0.077261 -0.997011 0.000000
vn 0.077261 -0.997011 0.000000
vn 0.038659 -0.999252 0.000000
vn 0.038659 -0.999252 0.000000
vn -0.000000 1.000000 0.000000
vn -0.000000 1.000000 0.000000
vn -0.000000 1.000000 0.000000
vn -0.000000 1.000000 0.000000
vn 1.000000 -0.000000 -0.000000
vn 1.000000 -0.000000 -0.000000
vn 0.965926 0.258819 -0.000000
vn 0.965926 0.258819 -0.000000
vn 0.866025 0.500000 -0.000000
vn 0.866025 0.500000 -0.000000
vn 0.707107 0.707107 -0.000000
vn 0.707107 0.707107 -0.000000
vn 0.500000 0.866025 -0.000000
vn 0.500000 0.866025 -0.000000
vn 0.258819 0.965926 -0.000000
vn 0.258819 0.965926 -0.000000
vn 1.000000 0.000000 0.000000
vn 1.000000 0.000000 0.000000
vn 1.000000 0.000000 0.000000
vn 1.000000 0.000000 0.000000
vn 0.000000 -1.000000 -0.000000
vn 0.000000 -1.000000 -0.000000
vn 0.258819 -0.965926 -0.000000
vn 0.258819 -0.965926 -0.000000
vn 0.500000 -0.866025 -0.000000
vn 0.500000 -0.866025 -0.000000
vn 0.707107 -0.707107 -0.000000
vn 0.707107 -0.707107 -0.000000
vn 0.866025 -0.500000 -0.000000
vn 0.866025 -0.500000 -0.000000
vn 0.965926 -0.258819 -0.000000
vn 0.965926 -0.258819 -0.000000
vn 0.000000 -1.000000 0.000000
vn 0.000000 -1.000000 0.000000
vn -1.000000 -0.000000 0.000000
vn -1.000000 -0.000000 0.000000
vn -0.965926 -0.258819 0.000000
vn -0.965926 -0.258819 0.000000
vn -0.866025 -0.500000 0.000000
vn -0.866025 -0.500000 0.000000
vn -0.707107 -0.707107 0.000000
vn -0.707107 -0.707107 0.000000
vn -0.500000 -0.866025 0.000000
vn -0.500000 -0.866025 0.000000
vn -0.258819 -0.965926 0.000000
vn -0.258819 -0.965926 0.000000
vn -1.000000 0.000000 0.000000
vn -1.000000 0.000000 0.000000
vn -1.000000 0.000000 0.000000
vn -1.000000 0.000000 0.000000
vn -0.258819 0.965926 -0.000000
vn -0.258819 0.965926 -0.000000
vn -0.500000 0.866025 -0.000000
vn -0.500000 0.866025 -0.000000
vn -0.707107 0.707107 -0.000000
vn -0.707107 0.707107 -0.000000
vn -0.866025 0.500000 -0.000000
vn -0.866025 0.500000 -0.000000
vn -0.965926 0.258819 -0.000000
vn -0.965926 0.258819 -0.000000
usemtl Kunststoff_-_glänzend_(Weiß)
f 1/1/1 2/2/2 4/3/3
f 4/3/3 2/2/2 3/4/4
f 2/5/5 5/6/6 3/7/7
f 3/7/7 5/6/6 6/8/8
f 5/9/9 7/10/10 6/11/11
f 6/11/11 7/10/10 8/12/12
f 7/13/13 9/14/14 8/15/15
f 8/15/15 9/14/14 10/16/16
f 9/17/17 11/18/18 10/19/19
f 10/19/19 11/18/18 12/20/20
f 11/21/21 1/22/22 12/23/23
f 12/23/23 1/22/22 4/24/24
f 36/25/25 13/26/26 10/27/27
f 10/27/27 13/26/26 14/28/28
f 10/27/27 14/28/28 15/29/29
f 10/27/27 15/29/29 8/30/30
f 8/30/30 15/29/29 16/31/31
f 8/30/30 16/31/31 17/32/32
f 17/32/32 18/33/33 8/30/30
f 8/30/30 18/33/33 19/34/34
f 8/30/30 19/34/34 6/35/35
f 6/35/35 19/34/34 20/36/36
f 6/35/35 20/36/36 21/37/37
f 21/37/37 22/38/38 6/35/35
f 6/35/35 22/38/38 23/39/39
f 6/35/35 23/39/39 3/40/40
f 3/40/40 23/39/39 24/41/41
f 3/40/40 24/41/41 25/42/42
f 25/42/42 26/43/43 3/40/40
f 3/40/40 26/43/43 27/44/44
f 3/40/40 27/44/44 4/45/45
f 4/45/45 27/44/44 28/46/46
f 4/45/45 28/46/46 29/47/47
f 29/47/47 30/48/48 4/45/45
f 4/45/45 30/48/48 31/49/49
f 4/45/45 31/49/49 12/50/50
f 12/50/50 31/49/49 32/51/51
f 12/50/50 32/51/51 33/52/52
f 33/52/52 34/53/53 12/50/50
f 12/50/50 34/53/53 35/54/54
f 12/50/50 35/54/54 10/27/27
f 10/27/27 35/54/54 36/25/25
f 38/55/55 39/56/56 37/57/57
f 37/57/57 39/56/56 40/58/58
f 40/59/59 39/60/60 42/61/61
f 42/61/61 39/60/60 41/62/62
f 1/63/63 55/64/64 2/65/65
f 2/65/65 55/64/64 58/66/66
f 2/65/65 58/66/66 5/67/67
f 5/67/67 58/66/66 59/68/68
f 5/67/67 59/68/68 41/69/69
f 11/70/70 53/71/71 1/63/63
f 1/63/63 53/71/71 54/72/72
f 1/63/63 54/72/72 55/64/64
f 9/73/73 48/74/74 11/70/70
f 11/70/70 48/74/74 50/75/75
f 11/70/70 50/75/75 53/71/71
f 53/71/71 50/75/75 52/76/76
f 52/76/76 50/75/75 51/77/77
f 48/74/74 9/73/73 45/78/78
f 45/78/78 9/73/73 7/79/79
f 45/78/78 7/79/79 43/80/80
f 43/80/80 7/79/79 41/69/69
f 43/80/80 41/69/69 38/81/81
f 38/81/81 41/69/69 39/82/82
f 7/79/79 5/67/67 41/69/69
f 43/80/80 44/83/83 45/78/78
f 46/84/84 47/85/85 45/78/78
f 45/78/78 47/85/85 48/74/74
f 48/74/74 49/86/86 50/75/75
f 55/64/64 56/87/87 58/66/66
f 58/66/66 56/87/87 57/88/88
f 60/89/89 47/90/90 61/91/91
f 61/91/91 47/90/90 46/92/92
f 61/93/93 46/94/94 62/95/95
f 62/95/95 46/94/94 45/96/96
f 52/97/97 51/98/98 63/99/99
f 63/99/99 51/98/98 64/100/100
f 64/101/101 51/102/102 65/103/103
f 65/103/103 51/102/102 50/104/104
f 66/105/105 57/106/106 67/107/107
f 67/107/107 57/106/106 56/108/108
f 66/109/109 68/110/110 57/111/111
f 57/111/111 68/110/110 58/112/112
f 37/113/113 69/114/114 38/115/115
f 38/115/115 69/114/114 43/116/116
f 69/117/117 70/118/118 43/119/119
f 43/119/119 70/118/118 44/120/120
f 67/121/121 56/122/122 71/123/123
f 71/123/123 56/122/122 55/124/124
f 68/125/125 72/126/126 58/127/127
f 58/127/127 72/126/126 59/128/128
f 55/129/129 54/130/130 71/131/131
f 71/131/131 54/130/130 73/132/132
f 60/133/133 74/134/134 47/135/135
f 47/135/135 74/134/134 48/136/136
f 74/137/137 75/138/138 48/139/139
f 48/139/139 75/138/138 49/140/140
f 63/141/141 76/142/142 52/143/143
f 52/143/143 76/142/142 53/144/144
f 42/145/145 72/146/146 40/147/147
f 40/147/147 72/146/146 66/148/148
f 40/147/147 66/148/148 110/149/149
f 110/149/149 66/148/148 109/150/150
f 109/150/150 66/148/148 108/151/151
f 108/151/151 66/148/148 107/152/152
f 107/152/152 66/148/148 106/153/153
f 106/153/153 66/148/148 105/154/154
f 105/154/154 66/148/148 67/155/155
f 105/154/154 67/155/155 104/156/156
f 104/156/156 67/155/155 103/157/157
f 103/157/157 67/155/155 102/158/158
f 102/158/158 67/155/155 101/159/159
f 101/159/159 67/155/155 63/160/160
f 101/159/159 63/160/160 95/161/161
f 95/161/161 63/160/160 94/162/162
f 94/162/162 63/160/160 167/163/163
f 94/162/162 167/163/163 93/164/164
f 93/164/164 167/163/163 168/165/165
f 93/164/164 168/165/165 92/166/166
f 92/166/166 168/165/165 169/167/167
f 92/166/166 169/167/167 85/168/168
f 85/168/168 169/167/167 170/169/169
f 85/168/168 170/169/169 84/170/170
f 84/170/170 170/169/169 171/171/171
f 84/170/170 171/171/171 83/172/172
f 83/172/172 171/171/171 172/173/173
f 83/172/172 172/173/173 82/174/174
f 82/174/174 172/173/173 173/175/175
f 82/174/174 173/175/175 81/176/176
f 81/176/176 173/175/175 80/177/177
f 80/177/177 173/175/175 174/178/178
f 80/177/177 174/178/178 79/179/179
f 79/179/179 174/178/178 175/180/180
f 79/179/179 175/180/180 176/181/181
f 72/146/146 68/182/182 66/148/148
f 71/183/183 73/184/184 67/155/155
f 67/155/155 73/184/184 63/160/160
f 73/184/184 76/185/185 63/160/160
f 64/186/186 188/187/187 63/160/160
f 63/160/160 188/187/187 189/188/188
f 63/160/160 189/188/188 190/189/189
f 65/190/190 75/191/191 64/186/186
f 64/186/186 75/191/191 142/192/192
f 64/186/186 142/192/192 77/193/193
f 74/194/194 60/195/195 75/191/191
f 75/191/191 60/195/195 140/196/196
f 75/191/191 140/196/196 141/197/197
f 61/198/198 137/199/199 60/195/195
f 60/195/195 137/199/199 138/200/200
f 60/195/195 138/200/200 139/201/201
f 62/202/202 70/203/203 61/198/198
f 61/198/198 70/203/203 134/204/204
f 61/198/198 134/204/204 135/205/205
f 69/206/206 37/207/207 70/203/203
f 70/203/203 37/207/207 131/208/208
f 70/203/203 131/208/208 132/209/209
f 40/147/147 146/210/210 37/207/207
f 37/207/207 146/210/210 147/211/211
f 37/207/207 147/211/211 148/212/212
f 64/186/186 77/193/193 184/213/213
f 184/213/213 77/193/193 78/214/214
f 184/213/213 78/214/214 183/215/215
f 183/215/215 78/214/214 182/216/216
f 182/216/216 78/214/214 181/217/217
f 181/217/217 78/214/214 180/218/218
f 180/218/218 78/214/214 179/219/219
f 179/219/219 78/214/214 79/179/179
f 179/219/219 79/179/179 178/220/220
f 178/220/220 79/179/179 177/221/221
f 177/221/221 79/179/179 176/181/181
f 85/168/168 86/222/222 92/166/166
f 92/166/166 86/222/222 87/223/223
f 92/166/166 87/223/223 91/224/224
f 91/224/224 87/223/223 88/225/225
f 91/224/224 88/225/225 89/226/226
f 89/226/226 90/227/227 91/224/224
f 95/161/161 96/228/228 101/159/159
f 101/159/159 96/228/228 100/229/229
f 100/229/229 96/228/228 97/230/230
f 100/229/229 97/230/230 99/231/231
f 99/231/231 97/230/230 98/232/232
f 111/233/233 115/234/234 110/149/149
f 110/149/149 115/234/234 116/235/235
f 110/149/149 116/235/235 40/147/147
f 40/147/147 116/235/235 117/236/236
f 40/147/147 117/236/236 143/237/237
f 143/237/237 117/236/236 118/238/238
f 143/237/237 118/238/238 166/239/239
f 166/239/239 118/238/238 119/240/240
f 166/239/239 119/240/240 165/241/241
f 165/241/241 119/240/240 122/242/242
f 165/241/241 122/242/242 164/243/243
f 164/243/243 122/242/242 123/244/244
f 164/243/243 123/244/244 163/245/245
f 163/245/245 123/244/244 124/246/246
f 163/245/245 124/246/246 162/247/247
f 162/247/247 124/246/246 125/248/248
f 162/247/247 125/248/248 161/249/249
f 161/249/249 125/248/248 126/250/250
f 161/249/249 126/250/250 160/251/251
f 160/251/251 126/250/250 127/252/252
f 160/251/251 127/252/252 159/253/253
f 159/253/253 127/252/252 128/254/254
f 159/253/253 128/254/254 158/255/255
f 158/255/255 128/254/254 157/256/256
f 157/256/256 128/254/254 156/257/257
f 156/257/257 128/254/254 155/258/258
f 155/258/258 128/254/254 129/259/259
f 155/258/258 129/259/259 154/260/260
f 154/260/260 129/259/259 153/261/261
f 153/261/261 129/259/259 152/262/262
f 152/262/262 129/259/259 151/263/263
f 151/263/263 129/259/259 150/264/264
f 150/264/264 129/259/259 130/265/265
f 150/264/264 130/265/265 37/207/207
f 37/207/207 130/265/265 131/208/208
f 115/234/234 111/233/233 114/266/266
f 114/266/266 111/233/233 112/267/267
f 114/266/266 112/267/267 113/268/268
f 120/269/269 121/270/270 119/240/240
f 119/240/240 121/270/270 122/242/242
f 132/209/209 133/271/271 70/203/203
f 70/203/203 133/271/271 134/204/204
f 135/205/205 136/272/272 61/198/198
f 61/198/198 136/272/272 137/199/199
f 139/201/201 140/196/196 60/195/195
f 141/197/197 142/192/192 75/191/191
f 143/237/237 144/273/273 40/147/147
f 40/147/147 144/273/273 145/274/274
f 40/147/147 145/274/274 146/210/210
f 148/212/212 149/275/275 37/207/207
f 37/207/207 149/275/275 150/264/264
f 184/213/213 185/276/276 64/186/186
f 64/186/186 185/276/276 186/277/277
f 64/186/186 186/277/277 187/278/278
f 187/278/278 188/187/187 64/186/186
f 190/189/189 167/163/163 63/160/160
f 50/279/279 49/280/280 65/281/281
f 65/281/281 49/280/280 75/282/282
f 45/283/283 44/284/284 62/285/285
f 62/285/285 44/284/284 70/286/286
f 41/287/287 59/288/288 42/289/289
f 42/289/289 59/288/288 72/290/290
f 76/291/291 73/292/292 53/293/293
f 53/293/293 73/292/292 54/294/294
f 192/295/295 238/296/296 191/297/297
f 191/297/297 238/296/296 215/298/298
f 191/297/297 215/298/298 214/299/299
f 214/299/299 215/298/298 216/300/300
f 214/299/299 216/300/300 213/301/301
f 213/301/301 216/300/300 217/302/302
f 213/301/301 217/302/302 212/303/303
f 212/303/303 217/302/302 218/304/304
f 212/303/303 218/304/304 211/305/305
f 211/305/305 218/304/304 219/306/306
f 211/305/305 219/306/306 210/307/307
f 210/307/307 219/306/306 220/308/308
f 210/307/307 220/308/308 209/309/309
f 209/309/309 220/308/308 221/310/310
f 209/309/309 221/310/310 208/311/311
f 208/311/311 221/310/310 222/312/312
f 208/311/311 222/312/312 207/313/313
f 207/313/313 222/312/312 223/314/314
f 207/313/313 223/314/314 206/315/315
f 206/315/315 223/314/314 224/316/316
f 206/315/315 224/316/316 205/317/317
f 205/317/317 224/316/316 225/318/318
f 205/317/317 225/318/318 204/319/319
f 204/319/319 225/318/318 226/320/320
f 204/319/319 226/320/320 203/321/321
f 203/321/321 226/320/320 227/322/322
f 203/323/321 227/324/322 202/325/323
f 202/325/323 227/324/322 228/326/324
f 202/325/323 228/326/324 201/327/325
f 201/327/325 228/326/324 229/328/326
f 201/327/325 229/328/326 200/329/327
f 200/329/327 229/328/326 230/330/328
f 200/329/327 230/330/328 199/331/329
f 199/331/329 230/330/328 231/332/330
f 199/331/329 231/332/330 198/333/331
f 198/333/331 231/332/330 232/334/332
f 198/333/331 232/334/332 197/335/333
f 197/335/333 232/334/332 233/336/334
f 197/335/333 233/336/334 196/337/335
f 196/337/335 233/336/334 234/338/336
f 196/337/335 234/338/336 195/339/337
f 195/339/337 234/338/336 235/340/338
f 195/339/337 235/340/338 194/341/339
f 194/341/339 235/340/338 236/342/340
f 194/341/339 236/342/340 193/343/341
f 193/343/341 236/342/340 237/344/342
f 193/343/341 237/344/342 192/295/295
f 192/295/295 237/344/342 238/296/296
f 238/345/343 264/346/344 215/347/345
f 215/347/345 264/346/344 265/348/346
f 215/347/345 265/348/346 216/349/347
f 216/349/347 265/348/346 286/350/348
f 216/349/347 286/350/348 217/351/349
f 217/351/349 286/350/348 285/352/350
f 217/351/349 285/352/350 218/353/351
f 218/353/351 285/352/350 284/354/352
f 218/353/351 284/354/352 219/355/353
f 219/355/353 284/354/352 283/356/354
f 219/355/353 283/356/354 220/357/355
f 220/357/355 283/356/354 282/358/356
f 220/357/355 282/358/356 221/359/357
f 221/359/357 282/358/356 281/360/358
f 221/359/357 281/360/358 222/361/359
f 222/361/359 281/360/358 280/362/360
f 222/361/359 280/362/360 223/363/361
f 223/363/361 280/362/360 279/364/362
f 223/363/361 279/364/362 224/365/363
f 224/365/363 279/364/362 278/366/364
f 224/365/363 278/366/364 225/367/365
f 225/367/365 278/366/364 277/368/366
f 225/367/365 277/368/366 226/369/367
f 226/369/367 277/368/366 276/370/368
f 226/369/367 276/370/368 227/371/369
f 227/371/369 276/370/368 263/372/370
f 227/373/369 263/374/370 228/375/371
f 228/375/371 263/374/370 275/376/372
f 228/375/371 275/376/372 229/377/373
f 229/377/373 275/376/372 274/378/374
f 229/377/373 274/378/374 230/379/375
f 230/379/375 274/378/374 273/380/376
f 230/379/375 273/380/376 231/381/377
f 231/381/377 273/380/376 272/382/378
f 231/381/377 272/382/378 232/383/379
f 232/383/379 272/382/378 271/384/380
f 232/383/379 271/384/380 233/385/381
f 233/385/381 271/384/380 270/386/382
f 233/385/381 270/386/382 234/387/383
f 234/387/383 270/386/382 269/388/384
f 234/387/383 269/388/384 235/389/385
f 235/389/385 269/388/384 268/390/386
f 235/389/385 268/390/386 236/391/387
f 236/391/387 268/390/386 267/392/388
f 236/391/387 267/392/388 237/393/389
f 237/393/389 267/392/388 266/394/390
f 237/393/389 266/394/390 238/345/343
f 238/345/343 266/394/390 264/346/344
f 240/395/391 286/350/348 239/396/392
f 239/396/392 286/350/348 265/348/346
f 239/396/392 265/348/346 262/397/393
f 262/397/393 265/348/346 264/346/344
f 262/397/393 264/346/344 261/398/394
f 261/398/394 264/346/344 266/394/390
f 261/398/394 266/394/390 260/399/395
f 260/399/395 266/394/390 267/392/388
f 260/399/395 267/392/388 259/400/396
f 259/400/396 267/392/388 268/390/386
f 259/400/396 268/390/386 258/401/397
f 258/401/397 268/390/386 269/388/384
f 258/401/397 269/388/384 257/402/398
f 257/402/398 269/388/384 270/386/382
f 257/402/398 270/386/382 256/403/399
f 256/403/399 270/386/382 271/384/380
f 256/403/399 271/384/380 255/404/400
f 255/404/400 271/384/380 272/382/378
f 255/404/400 272/382/378 254/405/401
f 254/405/401 272/382/378 273/380/376
f 254/405/401 273/380/376 253/406/402
f 253/406/402 273/380/376 274/378/374
f 253/406/402 274/378/374 252/407/403
f 252/407/403 274/378/374 275/376/372
f 252/407/403 275/376/372 251/408/404
f 251/408/404 275/376/372 263/374/370
f 251/409/404 263/372/370 250/410/405
f 250/410/405 263/372/370 276/370/368
f 250/410/405 276/370/368 249/411/406
f 249/411/406 276/370/368 277/368/366
f 249/411/406 277/368/366 248/412/407
f 248/412/407 277/368/366 278/366/364
f 248/412/407 278/366/364 247/413/408
f 247/413/408 278/366/364 279/364/362
f 247/413/408 279/364/362 246/414/409
f 246/414/409 279/364/362 280/362/360
f 246/414/409 280/362/360 245/415/410
f 245/415/410 280/362/360 281/360/358
f 245/415/410 281/360/358 244/416/411
f 244/416/411 281/360/358 282/358/356
f 244/416/411 282/358/356 243/417/412
f 243/417/412 282/358/356 283/356/354
f 243/417/412 283/356/354 242/418/413
f 242/418/413 283/356/354 284/354/352
f 242/418/413 284/354/352 241/419/414
f 241/419/414 284/354/352 285/352/350
f 241/419/414 285/352/350 240/395/391
f 240/395/391 285/352/350 286/350/348
f 288/420/415 334/421/416 287/422/417
f 287/422/417 334/421/416 311/423/418
f 287/422/417 311/423/418 310/424/419
f 310/424/419 311/423/418 312/425/420
f 310/424/419 312/425/420 309/426/421
f 309/426/421 312/425/420 313/427/422
f 309/426/421 313/427/422 308/428/423
f 308/428/423 313/427/422 314/429/424
f 308/428/423 314/429/424 307/430/425
f 307/430/425 314/429/424 315/431/426
f 307/430/425 315/431/426 306/432/427
f 306/432/427 315/431/426 316/433/428
f 306/432/427 316/433/428 305/434/429
f 305/434/429 316/433/428 317/435/430
f 305/434/429 317/435/430 304/436/431
f 304/436/431 317/435/430 318/437/432
f 304/436/431 318/437/432 303/438/433
f 303/438/433 318/437/432 319/439/434
f 303/438/433 319/439/434 302/440/435
f 302/440/435 319/439/434 320/441/436
f 302/440/435 320/441/436 301/442/437
f 301/442/437 320/441/436 321/443/438
f 301/442/437 321/443/438 300/444/439
f 300/444/439 321/443/438 322/445/440
f 300/444/439 322/445/440 299/446/441
f 299/446/441 322/445/440 323/447/442
f 299/448/441 323/449/442 298/450/443
f 298/450/443 323/449/442 324/451/444
f 298/450/443 324/451/444 297/452/445
f 297/452/445 324/451/444 325/453/446
f 297/452/445 325/453/446 296/454/447
f 296/454/447 325/453/446 326/455/448
f 296/454/447 326/455/448 295/456/449
f 295/456/449 326/455/448 327/457/450
f 295/456/449 327/457/450 294/458/451
f 294/458/451 327/457/450 328/459/452
f 294/458/451 328/459/452 293/460/453
f 293/460/453 328/459/452 329/461/454
f 293/460/453 329/461/454 292/462/455
f 292/462/455 329/461/454 330/463/456
f 292/462/455 330/463/456 291/464/457
f 291/464/457 330/463/456 331/465/458
f 291/464/457 331/465/458 290/466/459
f 290/466/459 331/465/458 332/467/460
f 290/466/459 332/467/460 289/468/461
f 289/468/461 332/467/460 333/469/462
f 289/468/461 333/469/462 288/420/415
f 288/420/415 333/469/462 334/421/416
f 334/470/463 360/471/464 311/472/465
f 311/472/465 360/471/464 361/473/466
f 311/472/465 361/473/466 312/474/467
f 312/474/467 361/473/466 382/475/468
f 312/474/467 382/475/468 313/476/469
f 313/476/469 382/475/468 381/477/470
f 313/476/469 381/477/470 314/478/471
f 314/478/471 381/477/470 380/479/472
f 314/478/471 380/479/472 315/480/473
f 315/480/473 380/479/472 379/481/474
f 315/480/473 379/481/474 316/482/475
f 316/482/475 379/481/474 378/483/476
f 316/482/475 378/483/476 317/484/477
f 317/484/477 378/483/476 377/485/478
f 317/484/477 377/485/478 318/486/479
f 318/486/479 377/485/478 376/487/480
f 318/486/479 376/487/480 319/488/481
f 319/488/481 376/487/480 375/489/482
f 319/488/481 375/489/482 320/490/483
f 320/490/483 375/489/482 374/491/484
f 320/490/483 374/491/484 321/492/485
f 321/492/485 374/491/484 373/493/486
f 321/492/485 373/493/486 322/494/487
f 322/494/487 373/493/486 372/495/488
f 322/494/487 372/495/488 323/496/489
f 323/496/489 372/495/488 359/497/490
f 323/498/489 359/499/490 324/500/491
f 324/500/491 359/499/490 371/501/492
f 324/500/491 371/501/492 325/502/493
f 325/502/493 371/501/492 370/503/494
f 325/502/493 370/503/494 326/504/495
f 326/504/495 370/503/494 369/505/496
f 326/504/495 369/505/496 327/506/497
f 327/506/497 369/505/496 368/507/498
f 327/506/497 368/507/498 328/508/499
f 328/508/499 368/507/498 367/509/500
f 328/508/499 367/509/500 329/510/501
f 329/510/501 367/509/500 366/511/502
f 329/510/501 366/511/502 330/512/503
f 330/512/503 366/511/502 365/513/504
f 330/512/503 365/513/504 331/514/505
f 331/514/505 365/513/504 364/515/506
f 331/514/505 364/515/506 332/516/507
f 332/516/507 364/515/506 363/517/508
f 332/516/507 363/517/508 333/518/509
f 333/518/509 363/517/508 362/519/510
f 333/518/509 362/519/510 334/470/463
f 334/470/463 362/519/510 360/471/464
f 336/520/511 382/475/468 335/521/512
f 335/521/512 382/475/468 361/473/466
f 335/521/512 361/473/466 358/522/513
f 358/522/513 361/473/466 360/471/464
f 358/522/513 360/471/464 357/523/514
f 357/523/514 360/471/464 362/519/510
f 357/523/514 362/519/510 356/524/515
f 356/524/515 362/519/510 363/517/508
f 356/524/515 363/517/508 355/525/516
f 355/525/516 363/517/508 364/515/506
f 355/525/516 364/515/506 354/526/517
f 354/526/517 364/515/506 365/513/504
f 354/526/517 365/513/504 353/527/518
f 353/527/518 365/513/504 366/511/502
f 353/527/518 366/511/502 352/528/519
f 352/528/519 366/511/502 367/509/500
f 352/528/519 367/509/500 351/529/520
f 351/529/520 367/509/500 368/507/498
f 351/529/520 368/507/498 350/530/521
f 350/530/521 368/507/498 369/505/496
f 350/530/521 369/505/496 349/531/522
f 349/531/522 369/505/496 370/503/494
f 349/531/522 370/503/494 348/532/523
f 348/532/523 370/503/494 371/501/492
f 348/532/523 371/501/492 347/533/524
f 347/533/524 371/501/492 359/499/490
f 347/534/524 359/497/490 346/535/525
f 346/535/525 359/497/490 372/495/488
f 346/535/525 372/495/488 345/536/526
f 345/536/526 372/495/488 373/493/486
f 345/536/526 373/493/486 344/537/527
f 344/537/527 373/493/486 374/491/484
f 344/537/527 374/491/484 343/538/528
f 343/538/528 374/491/484 375/489/482
f 343/538/528 375/489/482 342/539/529
f 342/539/529 375/489/482 376/487/480
f 342/539/529 376/487/480 341/540/530
f 341/540/530 376/487/480 377/485/478
f 341/540/530 377/485/478 340/541/531
f 340/541/531 377/485/478 378/483/476
f 340/541/531 378/483/476 339/542/532
f 339/542/532 378/483/476 379/481/474
f 339/542/532 379/481/474 338/543/533
f 338/543/533 379/481/474 380/479/472
f 338/543/533 380/479/472 337/544/534
f 337/544/534 380/479/472 381/477/470
f 337/544/534 381/477/470 336/520/511
f 336/520/511 381/477/470 382/475/468
f 384/545/535 430/546/536 383/547/537
f 383/547/537 430/546/536 407/548/538
f 383/547/537 407/548/538 406/549/539
f 406/549/539 407/548/538 408/550/540
f 406/549/539 408/550/540 405/551/541
f 405/551/541 408/550/540 409/552/542
f 405/551/541 409/552/542 404/553/543
f 404/553/543 409/552/542 410/554/544
f 404/553/543 410/554/544 403/555/545
f 403/555/545 410/554/544 411/556/546
f 403/555/545 411/556/546 402/557/547
f 402/557/547 411/556/546 412/558/548
f 402/557/547 412/558/548 401/559/549
f 401/559/549 412/558/548 413/560/550
f 401/559/549 413/560/550 400/561/551
f 400/561/551 413/560/550 414/562/552
f 400/561/551 414/562/552 399/563/553
f 399/563/553 414/562/552 415/564/554
f 399/563/553 415/564/554 398/565/555
f 398/565/555 415/564/554 416/566/556
f 398/565/555 416/566/556 397/567/557
f 397/567/557 416/566/556 417/568/558
f 397/567/557 417/568/558 396/569/559
f 396/569/559 417/568/558 418/570/560
f 396/569/559 418/570/560 395/571/561
f 395/571/561 418/570/560 419/572/562
f 395/573/561 419/574/562 394/575/563
f 394/575/563 419/574/562 420/576/564
f 394/575/563 420/576/564 393/577/565
f 393/577/565 420/576/564 421/578/566
f 393/577/565 421/578/566 392/579/567
f 392/579/567 421/578/566 422/580/568
f 392/579/567 422/580/568 391/581/569
f 391/581/569 422/580/568 423/582/570
f 391/581/569 423/582/570 390/583/571
f 390/583/571 423/582/570 424/584/572
f 390/583/571 424/584/572 389/585/573
f 389/585/573 424/584/572 425/586/574
f 389/585/573 425/586/574 388/587/575
f 388/587/575 425/586/574 426/588/576
f 388/587/575 426/588/576 387/589/577
f 387/589/577 426/588/576 427/590/578
f 387/589/577 427/590/578 386/591/579
f 386/591/579 427/590/578 428/592/580
f 386/591/579 428/592/580 385/593/581
f 385/593/581 428/592/580 429/594/582
f 385/593/581 429/594/582 384/545/535
f 384/545/535 429/594/582 430/546/536
f 430/595/583 456/596/584 407/597/585
f 407/597/585 456/596/584 457/598/586
f 407/597/585 457/598/586 408/599/587
f 408/599/587 457/598/586 478/600/588
f 408/599/587 478/600/588 409/601/589
f 409/601/589 478/600/588 477/602/590
f 409/601/589 477/602/590 410/603/591
f 410/603/591 477/602/590 476/604/592
f 410/603/591 476/604/592 411/605/593
f 411/605/593 476/604/592 475/606/594
f 411/605/593 475/606/594 412/607/595
f 412/607/595 475/606/594 474/608/596
f 412/607/595 474/608/596 413/609/597
f 413/609/597 474/608/596 473/610/598
f 413/609/597 473/610/598 414/611/599
f 414/611/599 473/610/598 472/612/600
f 414/611/599 472/612/600 415/613/601
f 415/613/601 472/612/600 471/614/602
f 415/613/601 471/614/602 416/615/603
f 416/615/603 471/614/602 470/616/604
f 416/615/603 470/616/604 417/617/605
f 417/617/605 470/616/604 469/618/606
f 417/617/605 469/618/606 418/619/607
f 418/619/607 469/618/606 468/620/608
f 418/619/607 468/620/608 419/621/609
f 419/621/609 468/620/608 455/622/610
f 419/623/609 455/624/610 420/625/611
f 420/625/611 455/624/610 467/626/612
f 420/625/611 467/626/612 421/627/613
f 421/627/613 467/626/612 466/628/614
f 421/627/613 466/628/614 422/629/615
f 422/629/615 466/628/614 465/630/616
f 422/629/615 465/630/616 423/631/617
f 423/631/617 465/630/616 464/632/618
f 423/631/617 464/632/618 424/633/619
f 424/633/619 464/632/618 463/634/620
f 424/633/619 463/634/620 425/635/621
f 425/635/621 463/634/620 462/636/622
f 425/635/621 462/636/622 426/637/623
f 426/637/623 462/636/622 461/638/624
f 426/637/623 461/638/624 427/639/625
f 427/639/625 461/638/624 460/640/626
f 427/639/625 460/640/626 428/641/627
f 428/641/627 460/640/626 459/642/628
f 428/641/627 459/642/628 429/643/629
f 429/643/629 459/642/628 458/644/630
f 429/643/629 458/644/630 430/595/583
f 430/595/583 458/644/630 456/596/584
f 432/645/631 478/600/588 431/646/632
f 431/646/632 478/600/588 457/598/586
f 431/646/632 457/598/586 454/647/633
f 454/647/633 457/598/586 456/596/584
f 454/647/633 456/596/584 453/648/634
f 453/648/634 456/596/584 458/644/630
f 453/648/634 458/644/630 452/649/635
f 452/649/635 458/644/630 459/642/628
f 452/649/635 459/642/628 451/650/636
f 451/650/636 459/642/628 460/640/626
f 451/650/636 460/640/626 450/651/637
f 450/651/637 460/640/626 461/638/624
f 450/651/637 461/638/624 449/652/638
f 449/652/638 461/638/624 462/636/622
f 449/652/638 462/636/622 448/653/639
f 448/653/639 462/636/622 463/634/620
f 448/653/639 463/634/620 447/654/640
f 447/654/640 463/634/620 464/632/618
f 447/654/640 464/632/618 446/655/641
f 446/655/641 464/632/618 465/630/616
f 446/655/641 465/630/616 445/656/642
f 445/656/642 465/630/616 466/628/614
f 445/656/642 466/628/614 444/657/643
f 444/657/643 466/628/614 467/626/612
f 444/657/643 467/626/612 443/658/644
f 443/658/644 467/626/612 455/624/610
f 443/659/644 455/622/610 442/660/645
f 442/660/645 455/622/610 468/620/608
f 442/660/645 468/620/608 441/661/646
f 441/661/646 468/620/608 469/618/606
f 441/661/646 469/618/606 440/662/647
f 440/662/647 469/618/606 470/616/604
f 440/662/647 470/616/604 439/663/648
f 439/663/648 470/616/604 471/614/602
f 439/663/648 471/614/602 438/664/649
f 438/664/649 471/614/602 472/612/600
f 438/664/649 472/612/600 437/665/650
f 437/665/650 472/612/600 473/610/598
f 437/665/650 473/610/598 436/666/651
f 436/666/651 473/610/598 474/608/596
f 436/666/651 474/608/596 435/667/652
f 435/667/652 474/608/596 475/606/594
f 435/667/652 475/606/594 434/668/653
f 434/668/653 475/606/594 476/604/592
f 434/668/653 476/604/592 433/669/654
f 433/669/654 476/604/592 477/602/590
f 433/669/654 477/602/590 432/645/631
f 432/645/631 477/602/590 478/600/588
f 480/670/655 526/671/656 479/672/657
f 479/672/657 526/671/656 503/673/658
f 479/672/657 503/673/658 502/674/659
f 502/674/659 503/673/658 504/675/660
f 502/674/659 504/675/660 501/676/661
f 501/676/661 504/675/660 505/677/662
f 501/676/661 505/677/662 500/678/663
f 500/678/663 505/677/662 506/679/664
f 500/678/663 506/679/664 499/680/665
f 499/680/665 506/679/664 507/681/666
f 499/680/665 507/681/666 498/682/667
f 498/682/667 507/681/666 508/683/668
f 498/682/667 508/683/668 497/684/669
f 497/684/669 508/683/668 509/685/670
f 497/684/669 509/685/670 496/686/671
f 496/686/671 509/685/670 510/687/672
f 496/686/671 510/687/672 495/688/673
f 495/688/673 510/687/672 511/689/674
f 495/688/673 511/689/674 494/690/675
f 494/690/675 511/689/674 512/691/676
f 494/690/675 512/691/676 493/692/677
f 493/692/677 512/691/676 513/693/678
f 493/692/677 513/693/678 492/694/679
f 492/694/679 513/693/678 514/695/680
f 492/694/679 514/695/680 491/696/681
f 491/696/681 514/695/680 515/697/682
f 491/698/681 515/699/682 490/700/683
f 490/700/683 515/699/682 516/701/684
f 490/700/683 516/701/684 489/702/685
f 489/702/685 516/701/684 517/703/686
f 489/702/685 517/703/686 488/704/687
f 488/704/687 517/703/686 518/705/688
f 488/704/687 518/705/688 487/706/689
f 487/706/689 518/705/688 519/707/690
f 487/706/689 519/707/690 486/708/691
f 486/708/691 519/707/690 520/709/692
f 486/708/691 520/709/692 485/710/693
f 485/710/693 520/709/692 521/711/694
f 485/710/693 521/711/694 484/712/695
f 484/712/695 521/711/694 522/713/696
f 484/712/695 522/713/696 483/714/697
f 483/714/697 522/713/696 523/715/698
f 483/714/697 523/715/698 482/716/699
f 482/716/699 523/715/698 524/717/700
f 482/716/699 524/717/700 481/718/701
f 481/718/701 524/717/700 525/719/702
f 481/718/701 525/719/702 480/670/655
f 480/670/655 525/719/702 526/671/656
f 526/720/703 552/721/704 503/722/705
f 503/722/705 552/721/704 553/723/706
f 503/722/705 553/723/706 504/724/707
f 504/724/707 553/723/706 574/725/708
f 504/724/707 574/725/708 505/726/709
f 505/726/709 574/725/708 573/727/710
f 505/726/709 573/727/710 506/728/711
f 506/728/711 573/727/710 572/729/712
f 506/728/711 572/729/712 507/730/713
f 507/730/713 572/729/712 571/731/714
f 507/730/713 571/731/714 508/732/715
f 508/732/715 571/731/714 570/733/716
f 508/732/715 570/733/716 509/734/717
f 509/734/717 570/733/716 569/735/718
f 509/734/717 569/735/718 510/736/719
f 510/736/719 569/735/718 568/737/720
f 510/736/719 568/737/720 511/738/721
f 511/738/721 568/737/720 567/739/722
f 511/738/721 567/739/722 512/740/723
f 512/740/723 567/739/722 566/741/724
f 512/740/723 566/741/724 513/742/725
f 513/742/725 566/741/724 565/743/726
f 513/742/725 565/743/726 514/744/727
f 514/744/727 565/743/726 564/745/728
f 514/744/727 564/745/728 515/746/729
f 515/746/729 564/745/728 551/747/730
f 515/748/729 551/749/730 516/750/731
f 516/750/731 551/749/730 563/751/732
f 516/750/731 563/751/732 517/752/733
f 517/752/733 563/751/732 562/753/734
f 517/752/733 562/753/734 518/754/735
f 518/754/735 562/753/734 561/755/736
f 518/754/735 561/755/736 519/756/737
f 519/756/737 561/755/736 560/757/738
f 519/756/737 560/757/738 520/758/739
f 520/758/739 560/757/738 559/759/740
f 520/758/739 559/759/740 521/760/741
f 521/760/741 559/759/740 558/761/742
f 521/760/741 558/761/742 522/762/743
f 522/762/743 558/761/742 557/763/744
f 522/762/743 557/763/744 523/764/745
f 523/764/745 557/763/744 556/765/746
f 523/764/745 556/765/746 524/766/747
f 524/766/747 556/765/746 555/767/748
f 524/766/747 555/767/748 525/768/749
f 525/768/749 555/767/748 554/769/750
f 525/768/749 554/769/750 526/720/703
f 526/720/703 554/769/750 552/721/704
f 528/770/751 574/725/708 527/771/752
f 527/771/752 574/725/708 553/723/706
f 527/771/752 553/723/706 550/772/753
f 550/772/753 553/723/706 552/721/704
f 550/772/753 552/721/704 549/773/754
f 549/773/754 552/721/704 554/769/750
f 549/773/754 554/769/750 548/774/755
f 548/774/755 554/769/750 555/767/748
f 548/774/755 555/767/748 547/775/756
f 547/775/756 555/767/748 556/765/746
f 547/775/756 556/765/746 546/776/757
f 546/776/757 556/765/746 557/763/744
f 546/776/757 557/763/744 545/777/758
f 545/777/758 557/763/744 558/761/742
f 545/777/758 558/761/742 544/778/759
f 544/778/759 558/761/742 559/759/740
f 544/778/759 559/759/740 543/779/760
f 543/779/760 559/759/740 560/757/738
f 543/779/760 560/757/738 542/780/761
f 542/780/761 560/757/738 561/755/736
f 542/780/761 561/755/736 541/781/762
f 541/781/762 561/755/736 562/753/734
f 541/781/762 562/753/734 540/782/763
f 540/782/763 562/753/734 563/751/732
f 540/782/763 563/751/732 539/783/764
f 539/783/764 563/751/732 551/749/730
f 539/784/764 551/747/730 538/785/765
f 538/785/765 551/747/730 564/745/728
f 538/785/765 564/745/728 537/786/766
f 537/786/766 564/745/728 565/743/726
f 537/786/766 565/743/726 536/787/767
f 536/787/767 565/743/726 566/741/724
f 536/787/767 566/741/724 535/788/768
f 535/788/768 566/741/724 567/739/722
f 535/788/768 567/739/722 534/789/769
f 534/789/769 567/739/722 568/737/720
f 534/789/769 568/737/720 533/790/770
f 533/790/770 568/737/720 569/735/718
f 533/790/770 569/735/718 532/791/771
f 532/791/771 569/735/718 570/733/716
f 532/791/771 570/733/716 531/792/772
f 531/792/772 570/733/716 571/731/714
f 531/792/772 571/731/714 530/793/773
f 530/793/773 571/731/714 572/729/712
f 530/793/773 572/729/712 529/794/774
f 529/794/774 572/729/712 573/727/710
f 529/794/774 573/727/710 528/770/751
f 528/770/751 573/727/710 574/725/708
f 576/795/775 622/796/776 575/797/777
f 575/797/777 622/796/776 599/798/778
f 575/797/777 599/798/778 598/799/779
f 598/799/779 599/798/778 600/800/780
f 598/799/779 600/800/780 597/801/781
f 597/801/781 600/800/780 601/802/782
f 597/801/781 601/802/782 596/803/783
f 596/803/783 601/802/782 602/804/784
f 596/803/783 602/804/784 595/805/785
f 595/805/785 602/804/784 603/806/786
f 595/805/785 603/806/786 594/807/787
f 594/807/787 603/806/786 604/808/788
f 594/807/787 604/808/788 593/809/789
f 593/809/789 604/808/788 605/810/790
f 593/809/789 605/810/790 592/811/791
f 592/811/791 605/810/790 606/812/792
f 592/811/791 606/812/792 591/813/793
f 591/813/793 606/812/792 607/814/794
f 591/813/793 607/814/794 590/815/795
f 590/815/795 607/814/794 608/816/796
f 590/815/795 608/816/796 589/817/797
f 589/817/797 608/816/796 609/818/798
f 589/817/797 609/818/798 588/819/799
f 588/819/799 609/818/798 610/820/800
f 588/819/799 610/820/800 587/821/801
f 587/821/801 610/820/800 611/822/802
f 587/823/801 611/824/802 586/825/803
f 586/825/803 611/824/802 612/826/804
f 586/825/803 612/826/804 585/827/805
f 585/827/805 612/826/804 613/828/806
f 585/827/805 613/828/806 584/829/807
f 584/829/807 613/828/806 614/830/808
f 584/829/807 614/830/808 583/831/809
f 583/831/809 614/830/808 615/832/810
f 583/831/809 615/832/810 582/833/811
f 582/833/811 615/832/810 616/834/812
f 582/833/811 616/834/812 581/835/813
f 581/835/813 616/834/812 617/836/814
f 581/835/813 617/836/814 580/837/815
f 580/837/815 617/836/814 618/838/816
f 580/837/815 618/838/816 579/839/817
f 579/839/817 618/838/816 619/840/818
f 579/839/817 619/840/818 578/841/819
f 578/841/819 619/840/818 620/842/820
f 578/841/819 620/842/820 577/843/821
f 577/843/821 620/842/820 621/844/822
f 577/843/821 621/844/822 576/795/775
f 576/795/775 621/844/822 622/796/776
f 622/845/823 648/846/824 599/847/825
f 599/847/825 648/846/824 649/848/826
f 599/847/825 649/848/826 600/849/827
f 600/849/827 649/848/826 670/850/828
f 600/849/827 670/850/828 601/851/829
f 601/851/829 670/850/828 669/852/830
f 601/851/829 669/852/830 602/853/831
f 602/853/831 669/852/830 668/854/832
f 602/853/831 668/854/832 603/855/833
f 603/855/833 668/854/832 667/856/834
f 603/855/833 667/856/834 604/857/835
f 604/857/835 667/856/834 666/858/836
f 604/857/835 666/858/836 605/859/837
f 605/859/837 666/858/836 665/860/838
f 605/859/837 665/860/838 606/861/839
f 606/861/839 665/860/838 664/862/840
f 606/861/839 664/862/840 607/863/841
f 607/863/841 664/862/840 663/864/842
f 607/863/841 663/864/842 608/865/843
f 608/865/843 663/864/842 662/866/844
f 608/865/843 662/866/844 609/867/845
f 609/867/845 662/866/844 661/868/846
f 609/867/845 661/868/846 610/869/847
f 610/869/847 661/868/846 660/870/848
f 610/869/847 660/870/848 611/871/849
f 611/871/849 660/870/848 647/872/850
f 611/873/849 647/874/850 612/875/851
f 612/875/851 647/874/850 659/876/852
f 612/875/851 659/876/852 613/877/853
f 613/877/853 659/876/852 658/878/854
f 613/877/853 658/878/854 614/879/855
f 614/879/855 658/878/854 657/880/856
f 614/879/855 657/880/856 615/881/857
f 615/881/857 657/880/856 656/882/858
f 615/881/857 656/882/858 616/883/859
f 616/883/859 656/882/858 655/884/860
f 616/883/859 655/884/860 617/885/861
f 617/885/861 655/884/860 654/886/862
f 617/885/861 654/886/862 618/887/863
f 618/887/863 654/886/862 653/888/864
f 618/887/863 653/888/864 619/889/865
f 619/889/865 653/888/864 652/890/866
f 619/889/865 652/890/866 620/891/867
f 620/891/867 652/890/866 651/892/868
f 620/891/867 651/892/868 621/893/869
f 621/893/869 651/892/868 650/894/870
f 621/893/869 650/894/870 622/845/823
f 622/845/823 650/894/870 648/846/824
f 624/895/871 670/850/828 623/896/872
f 623/896/872 670/850/828 649/848/826
f 623/896/872 649/848/826 646/897/873
f 646/897/873 649/848/826 648/846/824
f 646/897/873 648/846/824 645/898/874
f 645/898/874 648/846/824 650/894/870
f 645/898/874 650/894/870 644/899/875
f 644/899/875 650/894/870 651/892/868
f 644/899/875 651/892/868 643/900/876
f 643/900/876 651/892/868 652/890/866
f 643/900/876 652/890/866 642/901/877
f 642/901/877 652/890/866 653/888/864
f 642/901/877 653/888/864 641/902/878
f 641/902/878 653/888/864 654/886/862
f 641/902/878 654/886/862 640/903/879
f 640/903/879 654/886/862 655/884/860
f 640/903/879 655/884/860 639/904/880
f 639/904/880 655/884/860 656/882/858
f 639/904/880 656/882/858 638/905/881
f 638/905/881 656/882/858 657/880/856
f 638/905/881 657/880/856 637/906/882
f 637/906/882 657/880/856 658/878/854
f 637/906/882 658/878/854 636/907/883
f 636/907/883 658/878/854 659/876/852
f 636/907/883 659/876/852 635/908/884
f 635/908/884 659/876/852 647/874/850
f 635/909/884 647/872/850 634/910/885
f 634/910/885 647/872/850 660/870/848
f 634/910/885 660/870/848 633/911/886
f 633/911/886 660/870/848 661/868/846
f 633/911/886 661/868/846 632/912/887
f 632/912/887 661/868/846 662/866/844
f 632/912/887 662/866/844 631/913/888
f 631/913/888 662/866/844 663/864/842
f 631/913/888 663/864/842 630/914/889
f 630/914/889 663/864/842 664/862/840
f 630/914/889 664/862/840 629/915/890
f 629/915/890 664/862/840 665/860/838
f 629/915/890 665/860/838 628/916/891
f 628/916/891 665/860/838 666/858/836
f 628/916/891 666/858/836 627/917/892
f 627/917/892 666/858/836 667/856/834
f 627/917/892 667/856/834 626/918/893
f 626/918/893 667/856/834 668/854/832
f 626/918/893 668/854/832 625/919/894
f 625/919/894 668/854/832 669/852/830
f 625/919/894 669/852/830 624/895/871
f 624/895/871 669/852/830 670/850/828
f 672/920/895 718/921/896 671/922/897
f 671/922/897 718/921/896 695/923/898
f 671/922/897 695/923/898 694/924/899
f 694/924/899 695/923/898 696/925/900
f 694/924/899 696/925/900 693/926/901
f 693/926/901 696/925/900 697/927/902
f 693/926/901 697/927/902 692/928/903
f 692/928/903 697/927/902 698/929/904
f 692/928/903 698/929/904 691/930/905
f 691/930/905 698/929/904 699/931/906
f 691/930/905 699/931/906 690/932/907
f 690/932/907 699/931/906 700/933/908
f 690/932/907 700/933/908 689/934/909
f 689/934/909 700/933/908 701/935/910
f 689/934/909 701/935/910 688/936/911
f 688/936/911 701/935/910 702/937/912
f 688/936/911 702/937/912 687/938/913
f 687/938/913 702/937/912 703/939/914
f 687/938/913 703/939/914 686/940/915
f 686/940/915 703/939/914 704/941/916
f 686/940/915 704/941/916 685/942/917
f 685/942/917 704/941/916 705/943/918
f 685/942/917 705/943/918 684/944/919
f 684/944/919 705/943/918 706/945/920
f 684/944/919 706/945/920 683/946/921
f 683/946/921 706/945/920 707/947/922
f 683/948/921 707/949/922 682/950/923
f 682/950/923 707/949/922 708/951/924
f 682/950/923 708/951/924 681/952/925
f 681/952/925 708/951/924 709/953/926
f 681/952/925 709/953/926 680/954/927
f 680/954/927 709/953/926 710/955/928
f 680/954/927 710/955/928 679/956/929
f 679/956/929 710/955/928 711/957/930
f 679/956/929 711/957/930 678/958/931
f 678/958/931 711/957/930 712/959/932
f 678/958/931 712/959/932 677/960/933
f 677/960/933 712/959/932 713/961/934
f 677/960/933 713/961/934 676/962/935
f 676/962/935 713/961/934 714/963/936
f 676/962/935 714/963/936 675/964/937
f 675/964/937 714/963/936 715/965/938
f 675/964/937 715/965/938 674/966/939
f 674/966/939 715/965/938 716/967/940
f 674/966/939 716/967/940 673/968/941
f 673/968/941 716/967/940 717/969/942
f 673/968/941 717/969/942 672/920/895
f 672/920/895 717/969/942 718/921/896
f 718/970/943 744/971/944 695/972/945
f 695/972/945 744/971/944 745/973/946
f 695/972/945 745/973/946 696/974/947
f 696/974/947 745/973/946 766/975/948
f 696/974/947 766/975/948 697/976/949
f 697/976/949 766/975/948 765/977/950
f 697/976/949 765/977/950 698/978/951
f 698/978/951 765/977/950 764/979/952
f 698/978/951 764/979/952 699/980/953
f 699/980/953 764/979/952 763/981/954
f 699/980/953 763/981/954 700/982/955
f 700/982/955 763/981/954 762/983/956
f 700/982/955 762/983/956 701/984/957
f 701/984/957 762/983/956 761/985/958
f 701/984/957 761/985/958 702/986/959
f 702/986/959 761/985/958 760/987/960
f 702/986/959 760/987/960 703/988/961
f 703/988/961 760/987/960 759/989/962
f 703/988/961 759/989/962 704/990/963
f 704/990/963 759/989/962 758/991/964
f 704/990/963 758/991/964 705/992/965
f 705/992/965 758/991/964 757/993/966
f 705/992/965 757/993/966 706/994/967
f 706/994/967 757/993/966 756/995/968
f 706/994/967 756/995/968 707/996/969
f 707/996/969 756/995/968 743/997/970
f 707/998/969 743/999/970 708/1000/971
f 708/1000/971 743/999/970 755/1001/972
f 708/1000/971 755/1001/972 709/1002/973
f 709/1002/973 755/1001/972 754/1003/974
f 709/1002/973 754/1003/974 710/1004/975
f 710/1004/975 754/1003/974 753/1005/976
f 710/1004/975 753/1005/976 711/1006/977
f 711/1006/977 753/1005/976 752/1007/978
f 711/1006/977 752/1007/978 712/1008/979
f 712/1008/979 752/1007/978 751/1009/980
f 712/1008/979 751/1009/980 713/1010/981
f 713/1010/981 751/1009/980 750/1011/982
f 713/1010/981 750/1011/982 714/1012/983
f 714/1012/983 750/1011/982 749/1013/984
f 714/1012/983 749/1013/984 715/1014/985
f 715/1014/985 749/1013/984 748/1015/986
f 715/1014/985 748/1015/986 716/1016/987
f 716/1016/987 748/1015/986 747/1017/988
f 716/1016/987 747/1017/988 717/1018/989
f 717/1018/989 747/1017/988 746/1019/990
f 717/1018/989 746/1019/990 718/970/943
f 718/970/943 746/1019/990 744/971/944
f 720/1020/991 766/975/948 719/1021/992
f 719/1021/992 766/975/948 745/973/946
f 719/1021/992 745/973/946 742/1022/993
f 742/1022/993 745/973/946 744/971/944
f 742/1022/993 744/971/944 741/1023/994
f 741/1023/994 744/971/944 746/1019/990
f 741/1023/994 746/1019/990 740/1024/995
f 740/1024/995 746/1019/990 747/1017/988
f 740/1024/995 747/1017/988 739/1025/996
f 739/1025/996 747/1017/988 748/1015/986
f 739/1025/996 748/1015/986 738/1026/997
f 738/1026/997 748/1015/986 749/1013/984
f 738/1026/997 749/1013/984 737/1027/998
f 737/1027/998 749/1013/984 750/1011/982
f 737/1027/998 750/1011/982 736/1028/999
f 736/1028/999 750/1011/982 751/1009/980
f 736/1028/999 751/1009/980 735/1029/1000
f 735/1029/1000 751/1009/980 752/1007/978
f 735/1029/1000 752/1007/978 734/1030/1001
f 734/1030/1001 752/1007/978 753/1005/976
f 734/1030/1001 753/1005/976 733/1031/1002
f 733/1031/1002 753/1005/976 754/1003/974
f 733/1031/1002 754/1003/974 732/1032/1003
f 732/1032/1003 754/1003/974 755/1001/972
f 732/1032/1003 755/1001/972 731/1033/1004
f 731/1033/1004 755/1001/972 743/999/970
f 731/1034/1004 743/997/970 730/1035/1005
f 730/1035/1005 743/997/970 756/995/968
f 730/1035/1005 756/995/968 729/1036/1006
f 729/1036/1006 756/995/968 757/993/966
f 729/1036/1006 757/993/966 728/1037/1007
f 728/1037/1007 757/993/966 758/991/964
f 728/1037/1007 758/991/964 727/1038/1008
f 727/1038/1008 758/991/964 759/989/962
f 727/1038/1008 759/989/962 726/1039/1009
f 726/1039/1009 759/989/962 760/987/960
f 726/1039/1009 760/987/960 725/1040/1010
f 725/1040/1010 760/987/960 761/985/958
f 725/1040/1010 761/985/958 724/1041/1011
f 724/1041/1011 761/985/958 762/983/956
f 724/1041/1011 762/983/956 723/1042/1012
f 723/1042/1012 762/983/956 763/981/954
f 723/1042/1012 763/981/954 722/1043/1013
f 722/1043/1013 763/981/954 764/979/952
f 722/1043/1013 764/979/952 721/1044/1014
f 721/1044/1014 764/979/952 765/977/950
f 721/1044/1014 765/977/950 720/1020/991
f 720/1020/991 765/977/950 766/975/948
f 36/1045/1015 785/1046/1016 13/1047/1017
f 13/1048/1017 785/1049/1016 786/1050/1018
f 13/1048/1017 786/1050/1018 14/1051/1019
f 14/1051/1019 786/1050/1018 787/1052/1020
f 14/1051/1019 787/1052/1020 15/1053/1021
f 15/1053/1021 787/1052/1020 788/1054/1022
f 15/1053/1021 788/1054/1022 16/1055/1023
f 16/1055/1023 788/1054/1022 789/1056/1024
f 16/1055/1023 789/1056/1024 790/1057/1025
f 785/1046/1016 36/1045/1015 784/1058/1026
f 784/1058/1026 36/1045/1015 35/1059/1027
f 784/1058/1026 35/1059/1027 783/1060/1028
f 783/1060/1028 35/1059/1027 34/1061/1029
f 783/1060/1028 34/1061/1029 782/1062/1030
f 782/1062/1030 34/1061/1029 781/1063/1031
f 781/1063/1031 34/1061/1029 33/1064/1032
f 781/1063/1031 33/1064/1032 780/1065/1033
f 780/1065/1033 33/1064/1032 32/1066/1034
f 780/1065/1033 32/1066/1034 779/1067/1035
f 779/1067/1035 32/1066/1034 31/1068/1036
f 779/1067/1035 31/1068/1036 778/1069/1037
f 778/1069/1037 31/1068/1036 777/1070/1038
f 777/1070/1038 31/1068/1036 30/1071/1039
f 777/1070/1038 30/1071/1039 776/1072/1040
f 776/1072/1040 30/1071/1039 29/1073/1041
f 776/1072/1040 29/1073/1041 775/1074/1042
f 775/1074/1042 29/1073/1041 28/1075/1043
f 775/1074/1042 28/1075/1043 774/1076/1044
f 774/1076/1044 28/1075/1043 773/1077/1045
f 773/1077/1045 28/1075/1043 27/1078/1046
f 773/1077/1045 27/1078/1046 772/1079/1047
f 772/1079/1047 27/1078/1046 26/1080/1048
f 772/1079/1047 26/1080/1048 771/1081/1049
f 771/1081/1049 26/1080/1048 25/1082/1050
f 771/1081/1049 25/1082/1050 770/1083/1051
f 770/1083/1051 25/1082/1050 24/1084/1052
f 770/1083/1051 24/1084/1052 769/1085/1053
f 769/1085/1053 24/1084/1052 23/1086/1054
f 769/1085/1053 23/1086/1054 768/1087/1055
f 768/1087/1055 23/1086/1054 22/1088/1056
f 768/1087/1055 22/1088/1056 767/1089/1057
f 767/1089/1057 22/1088/1056 796/1090/1058
f 796/1090/1058 22/1088/1056 21/1091/1059
f 796/1090/1058 21/1091/1059 795/1092/1060
f 795/1092/1060 21/1091/1059 20/1093/1061
f 795/1092/1060 20/1093/1061 794/1094/1062
f 794/1094/1062 20/1093/1061 19/1095/1063
f 794/1094/1062 19/1095/1063 793/1096/1064
f 793/1096/1064 19/1095/1063 792/1097/1065
f 792/1097/1065 19/1095/1063 18/1098/1066
f 792/1097/1065 18/1098/1066 791/1099/1067
f 791/1099/1067 18/1098/1066 17/1100/1068
f 791/1099/1067 17/1100/1068 790/1057/1025
f 790/1057/1025 17/1100/1068 16/1055/1023
f 788/1101/1069 797/1102/1070 789/1103/1071
f 789/1103/1071 797/1102/1070 798/1104/1072
f 782/1105/1073 799/1106/1074 783/1107/1075
f 783/1107/1075 799/1106/1074 800/1108/1076
f 192/1109/1077 191/1110/1078 894/1111/1079
f 894/1111/1079 191/1110/1078 214/1112/1080
f 894/1111/1079 214/1112/1080 893/1113/1081
f 893/1113/1081 214/1112/1080 213/1114/1082
f 893/1113/1081 213/1114/1082 892/1115/1083
f 892/1115/1083 213/1114/1082 212/1116/1084
f 892/1115/1083 212/1116/1084 891/1117/1085
f 891/1117/1085 212/1116/1084 211/1118/1086
f 891/1117/1085 211/1118/1086 849/1119/1087
f 849/1119/1087 211/1118/1086 210/1120/1088
f 849/1119/1087 210/1120/1088 848/1121/1089
f 848/1121/1089 210/1120/1088 209/1122/1090
f 848/1121/1089 209/1122/1090 847/1123/1091
f 847/1123/1091 209/1122/1090 208/1124/1092
f 847/1123/1091 208/1124/1092 846/1125/1093
f 846/1125/1093 208/1124/1092 207/1126/1094
f 846/1125/1093 207/1126/1094 845/1127/1095
f 845/1127/1095 207/1126/1094 206/1128/1096
f 845/1127/1095 206/1128/1096 808/1129/1097
f 808/1129/1097 206/1128/1096 205/1130/1098
f 808/1129/1097 205/1130/1098 204/1131/1099
f 204/1131/1099 203/1132/1100 808/1129/1097
f 808/1129/1097 203/1132/1100 202/1133/1101
f 808/1129/1097 202/1133/1101 201/1134/1102
f 201/1134/1102 200/1135/1103 808/1129/1097
f 808/1129/1097 200/1135/1103 865/1136/1104
f 808/1129/1097 865/1136/1104 866/1137/1105
f 200/1135/1103 199/1138/1106 865/1136/1104
f 865/1136/1104 199/1138/1106 864/1139/1107
f 864/1139/1107 199/1138/1106 198/1140/1108
f 864/1139/1107 198/1140/1108 863/1141/1109
f 863/1141/1109 198/1140/1108 197/1142/1110
f 863/1141/1109 197/1142/1110 862/1143/1111
f 862/1143/1111 197/1142/1110 196/1144/1112
f 862/1143/1111 196/1144/1112 861/1145/1113
f 861/1145/1113 196/1144/1112 195/1146/1114
f 861/1145/1113 195/1146/1114 897/1147/1115
f 897/1147/1115 195/1146/1114 194/1148/1116
f 897/1147/1115 194/1148/1116 896/1149/1117
f 896/1149/1117 194/1148/1116 193/1150/1118
f 896/1149/1117 193/1150/1118 895/1151/1119
f 895/1151/1119 193/1150/1118 192/1109/1077
f 895/1151/1119 192/1109/1077 894/1111/1079
f 310/1152/1120 825/1153/1121 287/1154/1122
f 287/1154/1122 825/1153/1121 826/1155/1123
f 287/1154/1122 826/1155/1123 288/1156/1124
f 288/1156/1124 826/1155/1123 289/1157/1125
f 289/1157/1125 826/1155/1123 827/1158/1126
f 289/1157/1125 827/1158/1126 290/1159/1127
f 290/1159/1127 827/1158/1126 291/1160/1128
f 291/1160/1128 827/1158/1126 828/1161/1129
f 291/1160/1128 828/1161/1129 292/1162/1130
f 292/1162/1130 828/1161/1129 293/1163/1131
f 293/1163/1131 828/1161/1129 829/1164/1132
f 293/1163/1131 829/1164/1132 294/1165/1133
f 294/1165/1133 829/1164/1132 295/1166/1134
f 295/1166/1134 829/1164/1132 830/1167/1135
f 295/1166/1134 830/1167/1135 296/1168/1136
f 296/1168/1136 830/1167/1135 297/1169/1137
f 297/1169/1137 830/1167/1135 298/1170/1138
f 298/1170/1138 830/1167/1135 299/1171/1139
f 299/1171/1139 830/1167/1135 902/1172/1140
f 299/1171/1139 902/1172/1140 300/1173/1141
f 300/1173/1141 902/1172/1140 301/1174/1142
f 301/1174/1142 902/1172/1140 302/1175/1143
f 302/1175/1143 902/1172/1140 899/1176/1144
f 302/1175/1143 899/1176/1144 303/1177/1145
f 303/1177/1145 899/1176/1144 304/1178/1146
f 304/1178/1146 899/1176/1144 679/1179/1147
f 304/1178/1146 679/1179/1147 678/1180/1148
f 825/1153/1121 310/1152/1120 824/1181/1149
f 824/1181/1149 310/1152/1120 309/1182/1150
f 824/1181/1149 309/1182/1150 308/1183/1151
f 308/1183/1151 307/1184/1152 824/1181/1149
f 824/1181/1149 307/1184/1152 306/1185/1153
f 824/1181/1149 306/1185/1153 305/1186/1154
f 304/1178/1146 678/1180/1148 305/1186/1154
f 305/1186/1154 678/1180/1148 677/1187/1155
f 305/1186/1154 677/1187/1155 824/1181/1149
f 824/1181/1149 677/1187/1155 676/1188/1156
f 824/1181/1149 676/1188/1156 675/1189/1157
f 406/1190/1158 820/1191/1159 383/1192/1160
f 383/1192/1160 820/1191/1159 821/1193/1161
f 383/1192/1160 821/1193/1161 384/1194/1162
f 384/1194/1162 821/1193/1161 822/1195/1163
f 384/1194/1162 822/1195/1163 385/1196/1164
f 385/1196/1164 822/1195/1163 386/1197/1165
f 386/1197/1165 822/1195/1163 387/1198/1166
f 387/1198/1166 822/1195/1163 388/1199/1167
f 388/1199/1167 822/1195/1163 389/1200/1168
f 389/1200/1168 822/1195/1163 689/1201/1169
f 389/1200/1168 689/1201/1169 688/1202/1170
f 406/1190/1158 405/1203/1171 820/1191/1159
f 820/1191/1159 405/1203/1171 819/1204/1172
f 819/1204/1172 405/1203/1171 404/1205/1173
f 819/1204/1172 404/1205/1173 403/1206/1174
f 819/1204/1172 403/1206/1174 818/1207/1175
f 818/1207/1175 403/1206/1174 402/1208/1176
f 818/1207/1175 402/1208/1176 401/1209/1177
f 818/1207/1175 401/1209/1177 817/1210/1178
f 817/1210/1178 401/1209/1177 400/1211/1179
f 817/1210/1178 400/1211/1179 399/1212/1180
f 817/1210/1178 399/1212/1180 816/1213/1181
f 816/1213/1181 399/1212/1180 398/1214/1182
f 816/1213/1181 398/1214/1182 397/1215/1183
f 397/1215/1183 396/1216/1184 816/1213/1181
f 816/1213/1181 396/1216/1184 395/1217/1185
f 816/1213/1181 395/1217/1185 903/1218/1186
f 903/1218/1186 395/1217/1185 394/1219/1187
f 903/1218/1186 394/1219/1187 393/1220/1188
f 903/1218/1186 393/1220/1188 901/1221/1189
f 901/1221/1189 393/1220/1188 392/1222/1190
f 901/1221/1189 392/1222/1190 391/1223/1191
f 391/1223/1191 390/1224/1192 901/1221/1189
f 901/1221/1189 390/1224/1192 687/1225/1193
f 901/1221/1189 687/1225/1193 686/1226/1194
f 687/1225/1193 390/1224/1192 688/1202/1170
f 688/1202/1170 390/1224/1192 389/1200/1168
f 502/1227/1195 815/1228/1196 479/1229/1197
f 479/1229/1197 815/1228/1196 903/1218/1186
f 479/1229/1197 903/1218/1186 480/1230/1198
f 480/1230/1198 903/1218/1186 834/1231/1199
f 480/1230/1198 834/1231/1199 835/1232/1200
f 502/1227/1195 501/1233/1201 815/1228/1196
f 815/1228/1196 501/1233/1201 500/1234/1202
f 815/1228/1196 500/1234/1202 499/1235/1203
f 815/1228/1196 499/1235/1203 814/1236/1204
f 814/1236/1204 499/1235/1203 498/1237/1205
f 814/1236/1204 498/1237/1205 497/1238/1206
f 814/1236/1204 497/1238/1206 813/1239/1207
f 813/1239/1207 497/1238/1206 496/1240/1208
f 813/1239/1207 496/1240/1208 495/1241/1209
f 813/1239/1207 495/1241/1209 812/1242/1210
f 812/1242/1210 495/1241/1209 494/1243/1211
f 812/1242/1210 494/1243/1211 493/1244/1212
f 812/1242/1210 493/1244/1212 811/1245/1213
f 811/1245/1213 493/1244/1212 492/1246/1214
f 811/1245/1213 492/1246/1214 491/1247/1215
f 811/1245/1213 491/1247/1215 810/1248/1216
f 810/1248/1216 491/1247/1215 490/1249/1217
f 810/1248/1216 490/1249/1217 809/1250/1218
f 809/1250/1218 490/1249/1217 489/1251/1219
f 809/1250/1218 489/1251/1219 488/1252/1220
f 488/1252/1220 487/1253/1221 809/1250/1218
f 809/1250/1218 487/1253/1221 486/1254/1222
f 809/1250/1218 486/1254/1222 839/1255/1223
f 839/1255/1223 486/1254/1222 485/1256/1224
f 839/1255/1223 485/1256/1224 838/1257/1225
f 838/1257/1225 485/1256/1224 484/1258/1226
f 838/1257/1225 484/1258/1226 483/1259/1227
f 838/1257/1225 483/1259/1227 837/1260/1228
f 837/1260/1228 483/1259/1227 482/1261/1229
f 837/1260/1228 482/1261/1229 836/1262/1230
f 836/1262/1230 482/1261/1229 481/1263/1231
f 836/1262/1230 481/1263/1231 835/1232/1200
f 835/1232/1200 481/1263/1231 480/1230/1198
f 598/1264/1232 902/1172/1140 575/1265/1233
f 575/1265/1233 902/1172/1140 801/1266/1234
f 575/1265/1233 801/1266/1234 576/1267/1235
f 576/1267/1235 801/1266/1234 577/1268/1236
f 577/1268/1236 801/1266/1234 578/1269/1237
f 578/1269/1237 801/1266/1234 579/1270/1238
f 579/1270/1238 801/1266/1234 802/1271/1239
f 579/1270/1238 802/1271/1239 580/1272/1240
f 580/1272/1240 802/1271/1239 581/1273/1241
f 581/1273/1241 802/1271/1239 803/1274/1242
f 581/1273/1241 803/1274/1242 582/1275/1243
f 582/1275/1243 803/1274/1242 583/1276/1244
f 583/1276/1244 803/1274/1242 804/1277/1245
f 583/1276/1244 804/1277/1245 584/1278/1246
f 584/1278/1246 804/1277/1245 585/1279/1247
f 585/1279/1247 804/1277/1245 805/1280/1248
f 585/1279/1247 805/1280/1248 586/1281/1249
f 586/1281/1249 805/1280/1248 587/1282/1250
f 587/1282/1250 805/1280/1248 806/1283/1251
f 587/1282/1250 806/1283/1251 588/1284/1252
f 588/1284/1252 806/1283/1251 807/1285/1253
f 588/1284/1252 807/1285/1253 589/1286/1254
f 589/1286/1254 807/1285/1253 590/1287/1255
f 590/1287/1255 807/1285/1253 591/1288/1256
f 591/1288/1256 807/1285/1253 592/1289/1257
f 592/1289/1257 807/1285/1253 871/1290/1258
f 592/1289/1257 871/1290/1258 593/1291/1259
f 593/1291/1259 871/1290/1258 872/1292/1260
f 593/1291/1259 872/1292/1260 594/1293/1261
f 594/1293/1261 872/1292/1260 595/1294/1262
f 595/1294/1262 872/1292/1260 873/1295/1263
f 595/1294/1262 873/1295/1263 596/1296/1264
f 596/1296/1264 873/1295/1263 874/1297/1265
f 596/1296/1264 874/1297/1265 597/1298/1266
f 597/1298/1266 874/1297/1265 875/1299/1267
f 597/1298/1266 875/1299/1267 598/1264/1232
f 598/1264/1232 875/1299/1267 876/1300/1268
f 598/1264/1232 876/1300/1268 902/1172/1140
f 902/1172/1140 876/1300/1268 877/1301/1269
f 902/1172/1140 877/1301/1269 878/1302/1270
f 672/1303/1271 671/1304/1272 823/1305/1273
f 823/1305/1273 671/1304/1272 694/1306/1274
f 823/1305/1273 694/1306/1274 693/1307/1275
f 693/1307/1275 692/1308/1276 823/1305/1273
f 823/1305/1273 692/1308/1276 822/1195/1163
f 822/1195/1163 692/1308/1276 691/1309/1277
f 822/1195/1163 691/1309/1277 690/1310/1278
f 690/1310/1278 689/1201/1169 822/1195/1163
f 686/1226/1194 685/1311/1279 901/1221/1189
f 901/1221/1189 685/1311/1279 900/1312/1280
f 901/1221/1189 900/1312/1280 887/1313/1281
f 887/1313/1281 900/1312/1280 886/1314/1282
f 886/1314/1282 900/1312/1280 885/1315/1283
f 885/1315/1283 900/1312/1280 884/1316/1284
f 884/1316/1284 900/1312/1280 883/1317/1285
f 883/1317/1285 900/1312/1280 882/1318/1286
f 882/1318/1286 900/1312/1280 899/1176/1144
f 882/1318/1286 899/1176/1144 881/1319/1287
f 881/1319/1287 899/1176/1144 880/1320/1288
f 880/1320/1288 899/1176/1144 879/1321/1289
f 879/1321/1289 899/1176/1144 858/1322/1290
f 879/1321/1289 858/1322/1290 799/1323/1291
f 799/1323/1291 858/1322/1290 859/1324/1292
f 799/1323/1291 859/1324/1292 898/1325/1293
f 898/1325/1293 859/1324/1292 860/1326/1294
f 898/1325/1293 860/1326/1294 897/1147/1115
f 897/1147/1115 860/1326/1294 861/1145/1113
f 685/1311/1279 684/1327/1295 900/1312/1280
f 900/1312/1280 684/1327/1295 683/1328/1296
f 900/1312/1280 683/1328/1296 682/1329/1297
f 900/1312/1280 682/1329/1297 899/1176/1144
f 899/1176/1144 682/1329/1297 681/1330/1298
f 899/1176/1144 681/1330/1298 680/1331/1299
f 680/1331/1299 679/1179/1147 899/1176/1144
f 675/1189/1157 674/1332/1300 824/1181/1149
f 824/1181/1149 674/1332/1300 823/1305/1273
f 823/1305/1273 674/1332/1300 673/1333/1301
f 823/1305/1273 673/1333/1301 672/1303/1271
f 808/1129/1097 867/1334/1302 807/1285/1253
f 807/1285/1253 867/1334/1302 868/1335/1303
f 807/1285/1253 868/1335/1303 869/1336/1304
f 809/1250/1218 843/1337/1305 808/1129/1097
f 808/1129/1097 843/1337/1305 844/1338/1306
f 808/1129/1097 844/1338/1306 845/1127/1095
f 815/1228/1196 816/1213/1181 903/1218/1186
f 830/1167/1135 801/1266/1234 902/1172/1140
f 854/1339/1307 831/1340/1308 901/1221/1189
f 901/1221/1189 831/1340/1308 832/1341/1309
f 901/1221/1189 832/1341/1309 903/1218/1186
f 903/1218/1186 832/1341/1309 833/1342/1310
f 903/1218/1186 833/1342/1310 834/1231/1199
f 839/1255/1223 840/1343/1311 809/1250/1218
f 809/1250/1218 840/1343/1311 841/1344/1312
f 809/1250/1218 841/1344/1312 842/1345/1313
f 842/1345/1313 843/1337/1305 809/1250/1218
f 849/1119/1087 850/1346/1314 891/1117/1085
f 891/1117/1085 850/1346/1314 890/1347/1315
f 890/1347/1315 850/1346/1314 851/1348/1316
f 890/1347/1315 851/1348/1316 798/1349/1317
f 798/1349/1317 851/1348/1316 852/1350/1318
f 798/1349/1317 852/1350/1318 889/1351/1319
f 889/1351/1319 852/1350/1318 901/1221/1189
f 889/1351/1319 901/1221/1189 888/1352/1320
f 888/1352/1320 901/1221/1189 887/1313/1281
f 852/1350/1318 853/1353/1321 901/1221/1189
f 901/1221/1189 853/1353/1321 854/1339/1307
f 878/1302/1270 855/1354/1322 899/1176/1144
f 899/1176/1144 855/1354/1322 856/1355/1323
f 899/1176/1144 856/1355/1323 857/1356/1324
f 857/1356/1324 858/1322/1290 899/1176/1144
f 866/1137/1105 867/1334/1302 808/1129/1097
f 869/1336/1304 870/1357/1325 807/1285/1253
f 807/1285/1253 870/1357/1325 871/1290/1258
f 902/1172/1140 878/1302/1270 899/1176/1144
f 782/1358/1326 781/1359/1327 799/1323/1291
f 799/1323/1291 781/1359/1327 780/1360/1328
f 799/1323/1291 780/1360/1328 779/1361/1329
f 779/1361/1329 778/1362/1330 799/1323/1291
f 799/1323/1291 778/1362/1330 879/1321/1289
f 778/1362/1330 777/1363/1331 879/1321/1289
f 879/1321/1289 777/1363/1331 776/1364/1332
f 879/1321/1289 776/1364/1332 775/1365/1333
f 775/1365/1333 774/1366/1334 879/1321/1289
f 767/1367/1335 796/1368/1336 889/1351/1319
f 889/1351/1319 796/1368/1336 795/1369/1337
f 889/1351/1319 795/1369/1337 794/1370/1338
f 794/1370/1338 793/1371/1339 889/1351/1319
f 889/1351/1319 793/1371/1339 798/1349/1317
f 793/1371/1339 792/1372/1340 798/1349/1317
f 798/1349/1317 792/1372/1340 791/1373/1341
f 798/1349/1317 791/1373/1341 790/1374/1342
f 790/1374/1342 789/1375/1343 798/1349/1317
f 914/1376/1344 773/1377/1345 913/1378/1346
f 913/1378/1346 773/1377/1345 772/1379/1347
f 913/1378/1346 772/1379/1347 771/1380/1348
f 770/1381/1349 906/1382/1350 771/1380/1348
f 771/1380/1348 906/1382/1350 912/1383/1351
f 771/1380/1348 912/1383/1351 913/1378/1346
f 906/1382/1350 770/1381/1349 905/1384/1352
f 905/1384/1352 770/1381/1349 769/1385/1353
f 905/1384/1352 769/1385/1353 768/1386/1354
f 768/1386/1354 904/1387/1355 905/1384/1352
f 912/1383/1351 906/1382/1350 911/1388/1356
f 911/1388/1356 906/1382/1350 907/1389/1357
f 911/1388/1356 907/1389/1357 910/1390/1358
f 910/1390/1358 907/1389/1357 908/1391/1359
f 910/1390/1358 908/1391/1359 909/1392/1360
f 767/1393/1361 889/1394/1362 768/1395/1363
f 768/1395/1363 889/1394/1362 904/1396/1364
f 773/1397/1365 914/1398/1366 774/1399/1367
f 774/1399/1367 914/1398/1366 879/1400/1368
f 800/1401/1369 799/1402/1370 923/1403/1371
f 923/1403/1371 799/1402/1370 898/1404/1372
f 923/1403/1371 898/1404/1372 922/1405/1373
f 922/1405/1373 898/1404/1372 897/1406/1374
f 922/1405/1373 897/1406/1374 921/1407/1375
f 921/1407/1375 897/1406/1374 896/1408/1376
f 921/1407/1375 896/1408/1376 920/1409/1377
f 920/1409/1377 896/1408/1376 895/1410/1378
f 920/1409/1377 895/1410/1378 919/1411/1379
f 919/1411/1379 895/1410/1378 894/1412/1380
f 919/1411/1379 894/1412/1380 918/1413/1381
f 918/1413/1381 894/1412/1380 893/1414/1382
f 918/1413/1381 893/1414/1382 917/1415/1383
f 917/1415/1383 893/1414/1382 892/1416/1384
f 917/1415/1383 892/1416/1384 916/1417/1385
f 916/1417/1385 892/1416/1384 891/1418/1386
f 916/1417/1385 891/1418/1386 915/1419/1387
f 915/1419/1387 891/1418/1386 890/1420/1388
f 915/1419/1387 890/1420/1388 797/1421/1389
f 797/1421/1389 890/1420/1388 798/1422/1390
f 797/1423/1391 788/1424/1392 915/1425/1393
f 915/1425/1393 788/1424/1392 787/1426/1394
f 915/1425/1393 787/1426/1394 786/1427/1395
f 915/1425/1393 786/1427/1395 916/1428/1396
f 916/1428/1396 786/1427/1395 785/1429/1397
f 916/1428/1396 785/1429/1397 922/1430/1398
f 922/1430/1398 785/1429/1397 923/1431/1399
f 923/1431/1399 785/1429/1397 784/1432/1400
f 923/1431/1399 784/1432/1400 783/1433/1401
f 783/1433/1401 800/1434/1402 923/1431/1399
f 922/1430/1398 921/1435/1403 916/1428/1396
f 916/1428/1396 921/1435/1403 917/1436/1404
f 917/1436/1404 921/1435/1403 920/1437/1405
f 917/1436/1404 920/1437/1405 918/1438/1406
f 918/1438/1406 920/1437/1405 919/1439/1407
f 904/1440/1408 889/1441/1409 905/1442/1410
f 905/1442/1410 889/1441/1409 888/1443/1411
f 905/1442/1410 888/1443/1411 906/1444/1412
f 906/1444/1412 888/1443/1411 887/1445/1413
f 906/1444/1412 887/1445/1413 907/1446/1414
f 907/1446/1414 887/1445/1413 886/1447/1415
f 907/1446/1414 886/1447/1415 908/1448/1416
f 908/1448/1416 886/1447/1415 885/1449/1417
f 908/1448/1416 885/1449/1417 909/1450/1418
f 909/1450/1418 885/1449/1417 884/1451/1419
f 909/1450/1418 884/1451/1419 910/1452/1420
f 910/1452/1420 884/1451/1419 883/1453/1421
f 910/1452/1420 883/1453/1421 911/1454/1422
f 911/1454/1422 883/1453/1421 882/1455/1423
f 911/1454/1422 882/1455/1423 912/1456/1424
f 912/1456/1424 882/1455/1423 881/1457/1425
f 912/1456/1424 881/1457/1425 913/1458/1426
f 913/1458/1426 881/1457/1425 880/1459/1427
f 913/1458/1426 880/1459/1427 914/1460/1428
f 914/1460/1428 880/1459/1427 879/1461/1429
f 190/1462/1430 856/1463/1431 167/1464/1432
f 167/1464/1432 856/1463/1431 855/1465/1433
f 167/1466/1432 855/1467/1433 168/1468/1434
f 168/1468/1434 855/1467/1433 878/1469/1435
f 168/1468/1434 878/1469/1435 169/1470/1436
f 169/1470/1436 878/1469/1435 877/1471/1437
f 169/1470/1436 877/1471/1437 170/1472/1438
f 170/1472/1438 877/1471/1437 876/1473/1439
f 170/1472/1438 876/1473/1439 171/1474/1440
f 171/1474/1440 876/1473/1439 875/1475/1441
f 171/1474/1440 875/1475/1441 172/1476/1442
f 172/1476/1442 875/1475/1441 874/1477/1443
f 172/1476/1442 874/1477/1443 173/1478/1444
f 173/1478/1444 874/1477/1443 873/1479/1445
f 173/1478/1444 873/1479/1445 174/1480/1446
f 174/1480/1446 873/1479/1445 872/1481/1447
f 174/1480/1446 872/1481/1447 175/1482/1448
f 175/1482/1448 872/1481/1447 871/1483/1449
f 175/1482/1448 871/1483/1449 176/1484/1450
f 176/1484/1450 871/1483/1449 870/1485/1451
f 176/1484/1450 870/1485/1451 177/1486/1452
f 177/1486/1452 870/1485/1451 869/1487/1453
f 177/1486/1452 869/1487/1453 178/1488/1454
f 178/1488/1454 869/1487/1453 868/1489/1455
f 178/1488/1454 868/1489/1455 179/1490/1456
f 179/1490/1456 868/1489/1455 867/1491/1457
f 179/1490/1456 867/1491/1457 180/1492/1458
f 180/1492/1458 867/1491/1457 866/1493/1459
f 180/1492/1458 866/1493/1459 181/1494/1460
f 181/1494/1460 866/1493/1459 865/1495/1461
f 181/1494/1460 865/1495/1461 182/1496/1462
f 182/1496/1462 865/1495/1461 864/1497/1463
f 182/1496/1462 864/1497/1463 183/1498/1464
f 183/1498/1464 864/1497/1463 863/1499/1465
f 183/1498/1464 863/1499/1465 184/1500/1466
f 184/1500/1466 863/1499/1465 862/1501/1467
f 184/1500/1466 862/1501/1467 185/1502/1468
f 185/1502/1468 862/1501/1467 861/1503/1469
f 185/1502/1468 861/1503/1469 186/1504/1470
f 186/1504/1470 861/1503/1469 860/1505/1471
f 186/1504/1470 860/1505/1471 187/1506/1472
f 187/1506/1472 860/1505/1471 859/1507/1473
f 187/1506/1472 859/1507/1473 188/1508/1474
f 188/1508/1474 859/1507/1473 858/1509/1475
f 188/1508/1474 858/1509/1475 189/1510/1476
f 189/1510/1476 858/1509/1475 857/1511/1477
f 189/1510/1476 857/1511/1477 190/1462/1430
f 190/1462/1430 857/1511/1477 856/1463/1431
f 166/1512/1478 832/1513/1479 143/1514/1480
f 143/1514/1480 832/1513/1479 831/1515/1481
f 143/1516/1480 831/1517/1481 144/1518/1482
f 144/1518/1482 831/1517/1481 854/1519/1483
f 144/1518/1482 854/1519/1483 145/1520/1484
f 145/1520/1484 854/1519/1483 853/1521/1485
f 145/1520/1484 853/1521/1485 146/1522/1486
f 146/1522/1486 853/1521/1485 852/1523/1487
f 146/1522/1486 852/1523/1487 147/1524/1488
f 147/1524/1488 852/1523/1487 851/1525/1489
f 147/1524/1488 851/1525/1489 148/1526/1490
f 148/1526/1490 851/1525/1489 850/1527/1491
f 148/1526/1490 850/1527/1491 149/1528/1492
f 149/1528/1492 850/1527/1491 849/1529/1493
f 149/1528/1492 849/1529/1493 150/1530/1494
f 150/1530/1494 849/1529/1493 848/1531/1495
f 150/1530/1494 848/1531/1495 151/1532/1496
f 151/1532/1496 848/1531/1495 847/1533/1497
f 151/1532/1496 847/1533/1497 152/1534/1498
f 152/1534/1498 847/1533/1497 846/1535/1499
f 152/1534/1498 846/1535/1499 153/1536/1500
f 153/1536/1500 846/1535/1499 845/1537/1501
f 153/1536/1500 845/1537/1501 154/1538/1502
f 154/1538/1502 845/1537/1501 844/1539/1503
f 154/1538/1502 844/1539/1503 155/1540/1504
f 155/1540/1504 844/1539/1503 843/1541/1505
f 155/1540/1504 843/1541/1505 156/1542/1506
f 156/1542/1506 843/1541/1505 842/1543/1507
f 156/1542/1506 842/1543/1507 157/1544/1508
f 157/1544/1508 842/1543/1507 841/1545/1509
f 157/1544/1508 841/1545/1509 158/1546/1510
f 158/1546/1510 841/1545/1509 840/1547/1511
f 158/1546/1510 840/1547/1511 159/1548/1512
f 159/1548/1512 840/1547/1511 839/1549/1513
f 159/1548/1512 839/1549/1513 160/1550/1514
f 160/1550/1514 839/1549/1513 838/1551/1515
f 160/1550/1514 838/1551/1515 161/1552/1516
f 161/1552/1516 838/1551/1515 837/1553/1517
f 161/1552/1516 837/1553/1517 162/1554/1518
f 162/1554/1518 837/1553/1517 836/1555/1519
f 162/1554/1518 836/1555/1519 163/1556/1520
f 163/1556/1520 836/1555/1519 835/1557/1521
f 163/1556/1520 835/1557/1521 164/1558/1522
f 164/1558/1522 835/1557/1521 834/1559/1523
f 164/1558/1522 834/1559/1523 165/1560/1524
f 165/1560/1524 834/1559/1523 833/1561/1525
f 165/1560/1524 833/1561/1525 166/1512/1478
f 166/1512/1478 833/1561/1525 832/1513/1479
f 931/1562/1526 924/1563/1527 930/1564/1528
f 930/1564/1528 924/1563/1527 925/1565/1529
f 930/1564/1528 925/1565/1529 926/1566/1530
f 927/1567/1531 928/1568/1532 926/1566/1530
f 926/1566/1530 928/1568/1532 929/1569/1533
f 926/1566/1530 929/1569/1533 930/1564/1528
f 927/1570/1531 932/1571/1534 928/1572/1532
f 928/1572/1532 932/1571/1534 933/1573/1535
f 933/1574/1535 932/1575/1534 943/1576/1536
f 943/1576/1536 932/1575/1534 934/1577/1537
f 943/1576/1536 934/1577/1537 942/1578/1538
f 942/1578/1538 934/1577/1537 935/1579/1539
f 942/1578/1538 935/1579/1539 941/1580/1540
f 941/1580/1540 935/1579/1539 936/1581/1541
f 941/1580/1540 936/1581/1541 940/1582/1542
f 940/1582/1542 936/1581/1541 937/1583/1543
f 940/1582/1542 937/1583/1543 939/1584/1544
f 939/1584/1544 937/1583/1543 938/1585/1545
f 938/1586/1546 944/1587/1547 939/1588/1548
f 939/1588/1548 944/1587/1547 945/1589/1549
f 944/1590/1550 946/1591/1551 945/1592/1552
f 945/1592/1552 946/1591/1551 947/1593/1553
f 947/1594/1553 946/1595/1551 959/1596/1554
f 959/1596/1554 946/1595/1551 948/1597/1555
f 959/1596/1554 948/1597/1555 958/1598/1556
f 958/1598/1556 948/1597/1555 949/1599/1557
f 958/1598/1556 949/1599/1557 957/1600/1558
f 957/1600/1558 949/1599/1557 950/1601/1559
f 957/1600/1558 950/1601/1559 956/1602/1560
f 956/1602/1560 950/1601/1559 951/1603/1561
f 956/1602/1560 951/1603/1561 955/1604/1562
f 955/1604/1562 951/1603/1561 952/1605/1563
f 955/1604/1562 952/1605/1563 954/1606/1564
f 954/1606/1564 952/1605/1563 953/1607/1565
f 953/1608/1565 960/1609/1566 954/1610/1564
f 954/1610/1564 960/1609/1566 961/1611/1567
f 961/1612/1567 960/1613/1566 973/1614/1568
f 973/1614/1568 960/1613/1566 962/1615/1569
f 973/1614/1568 962/1615/1569 972/1616/1570
f 972/1616/1570 962/1615/1569 963/1617/1571
f 972/1616/1570 963/1617/1571 971/1618/1572
f 971/1618/1572 963/1617/1571 964/1619/1573
f 971/1618/1572 964/1619/1573 970/1620/1574
f 970/1620/1574 964/1619/1573 965/1621/1575
f 970/1620/1574 965/1621/1575 969/1622/1576
f 969/1622/1576 965/1621/1575 966/1623/1577
f 969/1622/1576 966/1623/1577 968/1624/1578
f 968/1624/1578 966/1623/1577 967/1625/1579
f 967/1626/1579 974/1627/1580 968/1628/1578
f 968/1628/1578 974/1627/1580 975/1629/1581
f 975/1630/1581 974/1631/1580 987/1632/1582
f 987/1632/1582 974/1631/1580 976/1633/1583
f 987/1632/1582 976/1633/1583 986/1634/1584
f 986/1634/1584 976/1633/1583 977/1635/1585
f 986/1634/1584 977/1635/1585 985/1636/1586
f 985/1636/1586 977/1635/1585 978/1637/1587
f 985/1636/1586 978/1637/1587 984/1638/1588
f 984/1638/1588 978/1637/1587 979/1639/1589
f 984/1638/1588 979/1639/1589 983/1640/1590
f 983/1640/1590 979/1639/1589 980/1641/1591
f 983/1640/1590 980/1641/1591 982/1642/1592
f 982/1642/1592 980/1641/1591 981/1643/1593
f 981/1644/1593 988/1645/1594 982/1646/1592
f 982/1646/1592 988/1645/1594 989/1647/1595
f 989/1648/1595 988/1649/1594 1001/1650/1596
f 1001/1650/1596 988/1649/1594 990/1651/1597
f 1001/1650/1596 990/1651/1597 1000/1652/1598
f 1000/1652/1598 990/1651/1597 991/1653/1599
f 1000/1652/1598 991/1653/1599 999/1654/1600
f 999/1654/1600 991/1653/1599 992/1655/1601
f 999/1654/1600 992/1655/1601 998/1656/1602
f 998/1656/1602 992/1655/1601 993/1657/1603
f 998/1656/1602 993/1657/1603 997/1658/1604
f 997/1658/1604 993/1657/1603 994/1659/1605
f 997/1658/1604 994/1659/1605 996/1660/1606
f 996/1660/1606 994/1659/1605 995/1661/1607
f 995/1662/1607 1002/1663/1608 996/1664/1606
f 996/1664/1606 1002/1663/1608 1003/1665/1609
f 1002/1666/1610 1004/1667/1611 1003/1668/1612
f 1003/1668/1612 1004/1667/1611 1005/1669/1613
f 1005/1670/1613 1004/1671/1611 1015/1672/1614
f 1015/1672/1614 1004/1671/1611 1006/1673/1615
f 1015/1672/1614 1006/1673/1615 1014/1674/1616
f 1014/1674/1616 1006/1673/1615 1007/1675/1617
f 1014/1674/1616 1007/1675/1617 1013/1676/1618
f 1013/1676/1618 1007/1675/1617 1008/1677/1619
f 1013/1676/1618 1008/1677/1619 1012/1678/1620
f 1012/1678/1620 1008/1677/1619 1009/1679/1621
f 1012/1678/1620 1009/1679/1621 1011/1680/1622
f 1011/1680/1622 1009/1679/1621 1010/1681/1623
f 1010/1682/1623 1016/1683/1624 1011/1684/1622
f 1011/1684/1622 1016/1683/1624 1017/1685/1625
f 1017/1686/1625 1016/1687/1624 1023/1688/1626
f 1023/1688/1626 1016/1687/1624 1018/1689/1627
f 1023/1688/1626 1018/1689/1627 1019/1690/1628
f 1020/1691/1629 1021/1692/1630 1019/1690/1628
f 1019/1690/1628 1021/1692/1630 1022/1693/1631
f 1019/1690/1628 1022/1693/1631 1023/1688/1626
f 1020/1694/1629 1024/1695/1632 1021/1696/1630
f 1021/1696/1630 1024/1695/1632 1025/1697/1633
f 1025/1698/1633 1024/1699/1632 1033/1700/1634
f 1033/1700/1634 1024/1699/1632 1026/1701/1635
f 1033/1700/1634 1026/1701/1635 1032/1702/1636
f 1032/1702/1636 1026/1701/1635 1027/1703/1637
f 1032/1702/1636 1027/1703/1637 1031/1704/1638
f 1031/1704/1638 1027/1703/1637 1028/1705/1639
f 1031/1704/1638 1028/1705/1639 1030/1706/1640
f 1030/1706/1640 1028/1705/1639 1029/1707/1641
f 1029/1708/1641 1034/1709/1642 1030/1710/1640
f 1030/1710/1640 1034/1709/1642 1035/1711/1643
f 1034/1712/1644 1036/1713/1645 1035/1714/1646
f 1035/1714/1646 1036/1713/1645 1037/1715/1647
f 1037/1716/1647 1036/1717/1645 1049/1718/1648
f 1049/1718/1648 1036/1717/1645 1038/1719/1649
f 1049/1718/1648 1038/1719/1649 1048/1720/1650
f 1048/1720/1650 1038/1719/1649 1039/1721/1651
f 1048/1720/1650 1039/1721/1651 1047/1722/1652
f 1047/1722/1652 1039/1721/1651 1040/1723/1653
f 1047/1722/1652 1040/1723/1653 1046/1724/1654
f 1046/1724/1654 1040/1723/1653 1041/1725/1655
f 1046/1724/1654 1041/1725/1655 1045/1726/1656
f 1045/1726/1656 1041/1725/1655 1042/1727/1657
f 1045/1726/1656 1042/1727/1657 1044/1728/1658
f 1044/1728/1658 1042/1727/1657 1043/1729/1659
f 1043/1730/1659 1050/1731/1660 1044/1732/1658
f 1044/1732/1658 1050/1731/1660 1051/1733/1661
f 1051/1734/1661 1050/1735/1660 1063/1736/1662
f 1063/1736/1662 1050/1735/1660 1052/1737/1663
f 1063/1736/1662 1052/1737/1663 1062/1738/1664
f 1062/1738/1664 1052/1737/1663 1053/1739/1665
f 1062/1738/1664 1053/1739/1665 1061/1740/1666
f 1061/1740/1666 1053/1739/1665 1054/1741/1667
f 1061/1740/1666 1054/1741/1667 1060/1742/1668
f 1060/1742/1668 1054/1741/1667 1055/1743/1669
f 1060/1742/1668 1055/1743/1669 1059/1744/1670
f 1059/1744/1670 1055/1743/1669 1056/1745/1671
f 1059/1744/1670 1056/1745/1671 1058/1746/1672
f 1058/1746/1672 1056/1745/1671 1057/1747/1673
f 1057/1748/1673 1064/1749/1674 1058/1750/1672
f 1058/1750/1672 1064/1749/1674 1065/1751/1675
f 1065/1752/1675 1064/1753/1674 1077/1754/1676
f 1077/1754/1676 1064/1753/1674 1066/1755/1677
f 1077/1754/1676 1066/1755/1677 1076/1756/1678
f 1076/1756/1678 1066/1755/1677 1067/1757/1679
f 1076/1756/1678 1067/1757/1679 1075/1758/1680
f 1075/1758/1680 1067/1757/1679 1068/1759/1681
f 1075/1758/1680 1068/1759/1681 1074/1760/1682
f 1074/1760/1682 1068/1759/1681 1069/1761/1683
f 1074/1760/1682 1069/1761/1683 1073/1762/1684
f 1073/1762/1684 1069/1761/1683 1070/1763/1685
f 1073/1762/1684 1070/1763/1685 1072/1764/1686
f 1072/1764/1686 1070/1763/1685 1071/1765/1687
f 1071/1766/1688 1078/1767/1689 1072/1768/1690
f 1072/1768/1690 1078/1767/1689 1079/1769/1691
f 1078/1770/1692 1080/1771/1693 1079/1772/1694
f 1079/1772/1694 1080/1771/1693 1081/1773/1695
f 1081/1774/1696 1080/1775/1697 1093/1776/1698
f 1093/1776/1698 1080/1775/1697 1082/1777/1699
f 1093/1776/1698 1082/1777/1699 1092/1778/1700
f 1092/1778/1700 1082/1777/1699 1083/1779/1701
f 1092/1778/1700 1083/1779/1701 1091/1780/1702
f 1091/1780/1702 1083/1779/1701 1084/1781/1703
f 1091/1780/1702 1084/1781/1703 1090/1782/1704
f 1090/1782/1704 1084/1781/1703 1085/1783/1705
f 1090/1782/1704 1085/1783/1705 1089/1784/1706
f 1089/1784/1706 1085/1783/1705 1086/1785/1707
f 1089/1784/1706 1086/1785/1707 1088/1786/1708
f 1088/1786/1708 1086/1785/1707 1087/1787/1709
f 1087/1788/1709 1094/1789/1710 1088/1790/1708
f 1088/1790/1708 1094/1789/1710 1095/1791/1711
f 1095/1792/1711 1094/1793/1710 1107/1794/1712
f 1107/1794/1712 1094/1793/1710 1096/1795/1713
f 1107/1794/1712 1096/1795/1713 1106/1796/1714
f 1106/1796/1714 1096/1795/1713 1097/1797/1715
f 1106/1796/1714 1097/1797/1715 1105/1798/1716
f 1105/1798/1716 1097/1797/1715 1098/1799/1717
f 1105/1798/1716 1098/1799/1717 1104/1800/1718
f 1104/1800/1718 1098/1799/1717 1099/1801/1719
f 1104/1800/1718 1099/1801/1719 1103/1802/1720
f 1103/1802/1720 1099/1801/1719 1100/1803/1721
f 1103/1802/1720 1100/1803/1721 1102/1804/1722
f 1102/1804/1722 1100/1803/1721 1101/1805/1723
f 1101/1806/1723 1108/1807/1724 1102/1808/1722
f 1102/1808/1722 1108/1807/1724 1109/1809/1725
f 1109/1810/1725 1108/1811/1724 1121/1812/1726
f 1121/1812/1726 1108/1811/1724 1110/1813/1727
f 1121/1812/1726 1110/1813/1727 1120/1814/1728
f 1120/1814/1728 1110/1813/1727 1111/1815/1729
f 1120/1814/1728 1111/1815/1729 1119/1816/1730
f 1119/1816/1730 1111/1815/1729 1112/1817/1731
f 1119/1816/1730 1112/1817/1731 1118/1818/1732
f 1118/1818/1732 1112/1817/1731 1113/1819/1733
f 1118/1818/1732 1113/1819/1733 1117/1820/1734
f 1117/1820/1734 1113/1819/1733 1114/1821/1735
f 1117/1820/1734 1114/1821/1735 1116/1822/1736
f 1116/1822/1736 1114/1821/1735 1115/1823/1737
f 1115/1824/1737 1122/1825/1738 1116/1826/1736
f 1116/1826/1736 1122/1825/1738 1123/1827/1739
f 1123/1828/1739 1122/1829/1738 1135/1830/1740
f 1135/1830/1740 1122/1829/1738 1124/1831/1741
f 1135/1830/1740 1124/1831/1741 1134/1832/1742
f 1134/1832/1742 1124/1831/1741 1125/1833/1743
f 1134/1832/1742 1125/1833/1743 1133/1834/1744
f 1133/1834/1744 1125/1833/1743 1126/1835/1745
f 1133/1834/1744 1126/1835/1745 1132/1836/1746
f 1132/1836/1746 1126/1835/1745 1127/1837/1747
f 1132/1836/1746 1127/1837/1747 1131/1838/1748
f 1131/1838/1748 1127/1837/1747 1128/1839/1749
f 1131/1838/1748 1128/1839/1749 1130/1840/1750
f 1130/1840/1750 1128/1839/1749 1129/1841/1751
f 1129/1842/1751 1136/1843/1752 1130/1844/1750
f 1130/1844/1750 1136/1843/1752 1137/1845/1753
f 1136/1846/1754 1138/1847/1755 1137/1848/1756
f 1137/1848/1756 1138/1847/1755 1139/1849/1757
f 1138/1850/1758 1140/1851/1759 1139/1852/1760
f 1139/1852/1760 1140/1851/1759 1141/1853/1761
f 1141/1854/1761 1140/1855/1759 1153/1856/1762
f 1153/1856/1762 1140/1855/1759 1142/1857/1763
f 1153/1856/1762 1142/1857/1763 1152/1858/1764
f 1152/1858/1764 1142/1857/1763 1143/1859/1765
f 1152/1858/1764 1143/1859/1765 1151/1860/1766
f 1151/1860/1766 1143/1859/1765 1144/1861/1767
f 1151/1860/1766 1144/1861/1767 1150/1862/1768
f 1150/1862/1768 1144/1861/1767 1145/1863/1769
f 1150/1862/1768 1145/1863/1769 1149/1864/1770
f 1149/1864/1770 1145/1863/1769 1146/1865/1771
f 1149/1864/1770 1146/1865/1771 1148/1866/1772
f 1148/1866/1772 1146/1865/1771 1147/1867/1773
f 1147/1868/1773 1154/1869/1774 1148/1870/1772
f 1148/1870/1772 1154/1869/1774 1155/1871/1775
f 1155/1872/1775 1154/1873/1774 1167/1874/1776
f 1167/1874/1776 1154/1873/1774 1156/1875/1777
f 1167/1874/1776 1156/1875/1777 1166/1876/1778
f 1166/1876/1778 1156/1875/1777 1157/1877/1779
f 1166/1876/1778 1157/1877/1779 1165/1878/1780
f 1165/1878/1780 1157/1877/1779 1158/1879/1781
f 1165/1878/1780 1158/1879/1781 1164/1880/1782
f 1164/1880/1782 1158/1879/1781 1159/1881/1783
f 1164/1880/1782 1159/1881/1783 1163/1882/1784
f 1163/1882/1784 1159/1881/1783 1160/1883/1785
f 1163/1882/1784 1160/1883/1785 1162/1884/1786
f 1162/1884/1786 1160/1883/1785 1161/1885/1787
f 1161/1886/1787 1168/1887/1788 1162/1888/1786
f 1162/1888/1786 1168/1887/1788 1169/1889/1789
f 1169/1890/1789 1168/1891/1788 1181/1892/1790
f 1181/1892/1790 1168/1891/1788 1170/1893/1791
f 1181/1892/1790 1170/1893/1791 1180/1894/1792
f 1180/1894/1792 1170/1893/1791 1171/1895/1793
f 1180/1894/1792 1171/1895/1793 1179/1896/1794
f 1179/1896/1794 1171/1895/1793 1172/1897/1795
f 1179/1896/1794 1172/1897/1795 1178/1898/1796
f 1178/1898/1796 1172/1897/1795 1173/1899/1797
f 1178/1898/1796 1173/1899/1797 1177/1900/1798
f 1177/1900/1798 1173/1899/1797 1174/1901/1799
f 1177/1900/1798 1174/1901/1799 1176/1902/1800
f 1176/1902/1800 1174/1901/1799 1175/1903/1801
f 1175/1904/1801 1182/1905/1802 1176/1906/1800
f 1176/1906/1800 1182/1905/1802 1183/1907/1803
f 1183/1908/1803 1182/1909/1802 1195/1910/1804
f 1195/1910/1804 1182/1909/1802 1184/1911/1805
f 1195/1910/1804 1184/1911/1805 1194/1912/1806
f 1194/1912/1806 1184/1911/1805 1185/1913/1807
f 1194/1912/1806 1185/1913/1807 1193/1914/1808
f 1193/1914/1808 1185/1913/1807 1186/1915/1809
f 1193/1914/1808 1186/1915/1809 1192/1916/1810
f 1192/1916/1810 1186/1915/1809 1187/1917/1811
f 1192/1916/1810 1187/1917/1811 1191/1918/1812
f 1191/1918/1812 1187/1917/1811 1188/1919/1813
f 1191/1918/1812 1188/1919/1813 1190/1920/1814
f 1190/1920/1814 1188/1919/1813 1189/1921/1815
f 1189/1922/1815 1196/1923/1816 1190/1924/1814
f 1190/1924/1814 1196/1923/1816 1197/1925/1817
f 1197/1926/1817 1196/1927/1816 1209/1928/1818
f 1209/1928/1818 1196/1927/1816 1198/1929/1819
f 1209/1928/1818 1198/1929/1819 1208/1930/1820
f 1208/1930/1820 1198/1929/1819 1199/1931/1821
f 1208/1930/1820 1199/1931/1821 1207/1932/1822
f 1207/1932/1822 1199/1931/1821 1200/1933/1823
f 1207/1932/1822 1200/1933/1823 1206/1934/1824
f 1206/1934/1824 1200/1933/1823 1201/1935/1825
f 1206/1934/1824 1201/1935/1825 1205/1936/1826
f 1205/1936/1826 1201/1935/1825 1202/1937/1827
f 1205/1936/1826 1202/1937/1827 1204/1938/1828
f 1204/1938/1828 1202/1937/1827 1203/1939/1829
f 1203/1940/1829 1210/1941/1830 1204/1942/1828
f 1204/1942/1828 1210/1941/1830 1211/1943/1831
f 1211/1944/1831 1210/1945/1830 1223/1946/1832
f 1223/1946/1832 1210/1945/1830 1212/1947/1833
f 1223/1946/1832 1212/1947/1833 1222/1948/1834
f 1222/1948/1834 1212/1947/1833 1213/1949/1835
f 1222/1948/1834 1213/1949/1835 1221/1950/1836
f 1221/1950/1836 1213/1949/1835 1214/1951/1837
f 1221/1950/1836 1214/1951/1837 1220/1952/1838
f 1220/1952/1838 1214/1951/1837 1215/1953/1839
f 1220/1952/1838 1215/1953/1839 1219/1954/1840
f 1219/1954/1840 1215/1953/1839 1216/1955/1841
f 1219/1954/1840 1216/1955/1841 1218/1956/1842
f 1218/1956/1842 1216/1955/1841 1217/1957/1843
f 1217/1958/1843 1224/1959/1844 1218/1960/1842
f 1218/1960/1842 1224/1959/1844 1225/1961/1845
f 1225/1962/1845 1224/1963/1844 1237/1964/1846
f 1237/1964/1846 1224/1963/1844 1226/1965/1847
f 1237/1964/1846 1226/1965/1847 1236/1966/1848
f 1236/1966/1848 1226/1965/1847 1227/1967/1849
f 1236/1966/1848 1227/1967/1849 1235/1968/1850
f 1235/1968/1850 1227/1967/1849 1228/1969/1851
f 1235/1968/1850 1228/1969/1851 1234/1970/1852
f 1234/1970/1852 1228/1969/1851 1229/1971/1853
f 1234/1970/1852 1229/1971/1853 1233/1972/1854
f 1233/1972/1854 1229/1971/1853 1230/1973/1855
f 1233/1972/1854 1230/1973/1855 1232/1974/1856
f 1232/1974/1856 1230/1973/1855 1231/1975/1857
f 1231/1976/1857 1238/1977/1858 1232/1978/1856
f 1232/1978/1856 1238/1977/1858 1239/1979/1859
f 1238/1980/1860 1240/1981/1861 1239/1982/1862
f 1239/1982/1862 1240/1981/1861 1241/1983/1863
f 1241/1984/1863 1240/1985/1861 1249/1986/1864
f 1249/1986/1864 1240/1985/1861 1242/1987/1865
f 1249/1986/1864 1242/1987/1865 1248/1988/1866
f 1248/1988/1866 1242/1987/1865 1243/1989/1867
f 1248/1988/1866 1243/1989/1867 1247/1990/1868
f 1247/1990/1868 1243/1989/1867 1244/1991/1869
f 1247/1990/1868 1244/1991/1869 1246/1992/1870
f 1246/1992/1870 1244/1991/1869 1245/1993/1871
f 1245/1994/1871 1250/1995/1872 1246/1996/1870
f 1246/1996/1870 1250/1995/1872 1251/1997/1873
f 1251/1998/1873 1250/1999/1872 1257/2000/1874
f 1257/2000/1874 1250/1999/1872 1252/2001/1875
f 1257/2000/1874 1252/2001/1875 1253/2002/1876
f 1254/2003/1877 1255/2004/1878 1253/2002/1876
f 1253/2002/1876 1255/2004/1878 1256/2005/1879
f 1253/2002/1876 1256/2005/1879 1257/2000/1874
f 1254/2006/1877 1258/2007/1880 1255/2008/1878
f 1255/2008/1878 1258/2007/1880 1259/2009/1881
f 1258/2010/1882 1260/2011/1883 1259/2012/1884
f 1259/2012/1884 1260/2011/1883 1261/2013/1885
f 1261/2014/1885 1260/2015/1883 1273/2016/1886
f 1273/2016/1886 1260/2015/1883 1262/2017/1887
f 1273/2016/1886 1262/2017/1887 1272/2018/1888
f 1272/2018/1888 1262/2017/1887 1263/2019/1889
f 1272/2018/1888 1263/2019/1889 1271/2020/1890
f 1271/2020/1890 1263/2019/1889 1264/2021/1891
f 1271/2020/1890 1264/2021/1891 1270/2022/1892
f 1270/2022/1892 1264/2021/1891 1265/2023/1893
f 1270/2022/1892 1265/2023/1893 1269/2024/1894
f 1269/2024/1894 1265/2023/1893 1266/2025/1895
f 1269/2024/1894 1266/2025/1895 1268/2026/1896
f 1268/2026/1896 1266/2025/1895 1267/2027/1897
f 1267/2028/1897 1274/2029/1898 1268/2030/1896
f 1268/2030/1896 1274/2029/1898 1275/2031/1899
f 1275/2032/1899 1274/2033/1898 1287/2034/1900
f 1287/2034/1900 1274/2033/1898 1276/2035/1901
f 1287/2034/1900 1276/2035/1901 1286/2036/1902
f 1286/2036/1902 1276/2035/1901 1277/2037/1903
f 1286/2036/1902 1277/2037/1903 1285/2038/1904
f 1285/2038/1904 1277/2037/1903 1278/2039/1905
f 1285/2038/1904 1278/2039/1905 1284/2040/1906
f 1284/2040/1906 1278/2039/1905 1279/2041/1907
f 1284/2040/1906 1279/2041/1907 1283/2042/1908
f 1283/2042/1908 1279/2041/1907 1280/2043/1909
f 1283/2042/1908 1280/2043/1909 1282/2044/1910
f 1282/2044/1910 1280/2043/1909 1281/2045/1911
f 1281/2046/1911 1288/2047/1912 1282/2048/1910
f 1282/2048/1910 1288/2047/1912 1289/2049/1913
f 1289/2050/1913 1288/2051/1912 1301/2052/1914
f 1301/2052/1914 1288/2051/1912 1290/2053/1915
f 1301/2052/1914 1290/2053/1915 1300/2054/1916
f 1300/2054/1916 1290/2053/1915 1291/2055/1917
f 1300/2054/1916 1291/2055/1917 1299/2056/1918
f 1299/2056/1918 1291/2055/1917 1292/2057/1919
f 1299/2056/1918 1292/2057/1919 1298/2058/1920
f 1298/2058/1920 1292/2057/1919 1293/2059/1921
f 1298/2058/1920 1293/2059/1921 1297/2060/1922
f 1297/2060/1922 1293/2059/1921 1294/2061/1923
f 1297/2060/1922 1294/2061/1923 1296/2062/1924
f 1296/2062/1924 1294/2061/1923 1295/2063/1925
f 1295/2064/1925 1302/2065/1926 1296/2066/1924
f 1296/2066/1924 1302/2065/1926 1303/2067/1927
f 1303/2068/1927 1302/2069/1926 1315/2070/1928
f 1315/2070/1928 1302/2069/1926 1304/2071/1929
f 1315/2070/1928 1304/2071/1929 1314/2072/1930
f 1314/2072/1930 1304/2071/1929 1305/2073/1931
f 1314/2072/1930 1305/2073/1931 1313/2074/1932
f 1313/2074/1932 1305/2073/1931 1306/2075/1933
f 1313/2074/1932 1306/2075/1933 1312/2076/1934
f 1312/2076/1934 1306/2075/1933 1307/2077/1935
f 1312/2076/1934 1307/2077/1935 1311/2078/1936
f 1311/2078/1936 1307/2077/1935 1308/2079/1937
f 1311/2078/1936 1308/2079/1937 1310/2080/1938
f 1310/2080/1938 1308/2079/1937 1309/2081/1939
f 1309/2082/1939 1316/2083/1940 1310/2084/1938
f 1310/2084/1938 1316/2083/1940 1317/2085/1941
f 1316/2086/1942 1318/2087/1943 1317/2088/1944
f 1317/2088/1944 1318/2087/1943 1319/2089/1945
f 1318/2090/1946 1320/2091/1947 1319/2092/1948
f 1319/2092/1948 1320/2091/1947 1321/2093/1949
f 1321/2094/1949 1320/2095/1947 1327/2096/1950
f 1327/2096/1950 1320/2095/1947 1322/2097/1951
f 1327/2096/1950 1322/2097/1951 1323/2098/1952
f 1324/2099/1953 1325/2100/1954 1323/2098/1952
f 1323/2098/1952 1325/2100/1954 1326/2101/1955
f 1323/2098/1952 1326/2101/1955 1327/2096/1950
f 1324/2102/1953 1328/2103/1956 1325/2104/1954
f 1325/2104/1954 1328/2103/1956 1329/2105/1957
f 1329/2106/1957 1328/2107/1956 1337/2108/1958
f 1337/2108/1958 1328/2107/1956 1330/2109/1959
f 1337/2108/1958 1330/2109/1959 1336/2110/1960
f 1336/2110/1960 1330/2109/1959 1331/2111/1961
f 1336/2110/1960 1331/2111/1961 1335/2112/1962
f 1335/2112/1962 1331/2111/1961 1332/2113/1963
f 1335/2112/1962 1332/2113/1963 1334/2114/1964
f 1334/2114/1964 1332/2113/1963 1333/2115/1965
f 1333/2116/1966 1338/2117/1967 1334/2118/1968
f 1334/2118/1968 1338/2117/1967 1339/2119/1969
f 1338/2120/1970 1340/2121/1971 1339/2122/1972
f 1339/2122/1972 1340/2121/1971 1341/2123/1973
f 1340/2124/1974 1342/2125/1975 1341/2126/1976
f 1341/2126/1976 1342/2125/1975 1343/2127/1977
f 1342/2128/1978 1344/2129/1979 1343/2130/1980
f 1343/2130/1980 1344/2129/1979 1345/2131/1981
f 1344/2132/1982 1346/2133/1983 1345/2134/1984
f 1345/2134/1984 1346/2133/1983 1347/2135/1985
f 1347/2136/1986 1346/2137/1987 1355/2138/1988
f 1355/2138/1988 1346/2137/1987 1348/2139/1989
f 1355/2138/1988 1348/2139/1989 1354/2140/1990
f 1354/2140/1990 1348/2139/1989 1349/2141/1991
f 1354/2140/1990 1349/2141/1991 1353/2142/1992
f 1353/2142/1992 1349/2141/1991 1350/2143/1993
f 1353/2142/1992 1350/2143/1993 1352/2144/1994
f 1352/2144/1994 1350/2143/1993 1351/2145/1995
f 1351/2146/1995 924/2147/1527 1352/2148/1994
f 1352/2148/1994 924/2147/1527 931/2149/1526
f 931/2150/1996 1329/2151/1997 1352/2152/1998
f 1352/2152/1998 1329/2151/1997 1337/2153/1999
f 1352/2152/1998 1337/2153/1999 1336/2154/2000
f 1329/2151/1997 931/2150/1996 1325/2155/2001
f 1325/2155/2001 931/2150/1996 930/2156/2002
f 1325/2155/2001 930/2156/2002 929/2157/2003
f 1325/2155/2001 929/2157/2003 1326/2158/2004
f 1326/2158/2004 929/2157/2003 928/2159/2005
f 1326/2158/2004 928/2159/2005 1327/2160/2006
f 1327/2160/2006 928/2159/2005 1321/2161/2007
f 1321/2161/2007 928/2159/2005 933/2162/2008
f 1321/2161/2007 933/2162/2008 1319/2163/2009
f 1319/2163/2009 933/2162/2008 943/2164/2010
f 1319/2163/2009 943/2164/2010 942/2165/2011
f 942/2165/2011 941/2166/2012 1319/2163/2009
f 1319/2163/2009 941/2166/2012 940/2167/2013
f 1319/2163/2009 940/2167/2013 939/2168/2014
f 939/2168/2014 945/2169/2015 1319/2163/2009
f 1319/2163/2009 945/2169/2015 1317/2170/2016
f 1317/2170/2016 945/2169/2015 1310/2171/2017
f 1310/2171/2017 945/2169/2015 947/2172/2018
f 1310/2171/2017 947/2172/2018 1311/2173/2019
f 1311/2173/2019 947/2172/2018 1312/2174/2020
f 1312/2174/2020 947/2172/2018 1313/2175/2021
f 1313/2175/2021 947/2172/2018 959/2176/2022
f 1313/2175/2021 959/2176/2022 1314/2177/2023
f 1314/2177/2023 959/2176/2022 958/2178/2024
f 1314/2177/2023 958/2178/2024 957/2179/2025
f 957/2179/2025 956/2180/2026 1314/2177/2023
f 1314/2177/2023 956/2180/2026 955/2181/2027
f 1314/2177/2023 955/2181/2027 954/2182/2028
f 961/2183/2029 1303/2184/2030 954/2182/2028
f 954/2182/2028 1303/2184/2030 1315/2185/2031
f 954/2182/2028 1315/2185/2031 1314/2177/2023
f 1303/2184/2030 961/2183/2029 1296/2186/2032
f 1296/2186/2032 961/2183/2029 973/2187/2033
f 1296/2186/2032 973/2187/2033 1297/2188/2034
f 1297/2188/2034 973/2187/2033 1298/2189/2035
f 1298/2189/2035 973/2187/2033 972/2190/2036
f 1298/2189/2035 972/2190/2036 1299/2191/2037
f 1299/2191/2037 972/2190/2036 1300/2192/2038
f 1300/2192/2038 972/2190/2036 1301/2193/2039
f 1301/2193/2039 972/2190/2036 971/2194/2040
f 1301/2193/2039 971/2194/2040 1289/2195/2041
f 1289/2195/2041 971/2194/2040 970/2196/2042
f 1289/2195/2041 970/2196/2042 969/2197/2043
f 969/2197/2043 968/2198/2044 1289/2195/2041
f 1289/2195/2041 968/2198/2044 1282/2199/2045
f 1282/2199/2045 968/2198/2044 975/2200/2046
f 1282/2199/2045 975/2200/2046 987/2201/2047
f 987/2201/2047 986/2202/2048 1282/2199/2045
f 1282/2199/2045 986/2202/2048 985/2203/2049
f 1282/2199/2045 985/2203/2049 1283/2204/2050
f 1283/2204/2050 985/2203/2049 984/2205/2051
f 1283/2204/2050 984/2205/2051 1284/2206/2052
f 1284/2206/2052 984/2205/2051 1285/2207/2053
f 1285/2207/2053 984/2205/2051 1286/2208/2054
f 1286/2208/2054 984/2205/2051 983/2209/2055
f 1286/2208/2054 983/2209/2055 1287/2210/2056
f 1287/2210/2056 983/2209/2055 1275/2211/2057
f 1275/2211/2057 983/2209/2055 982/2212/2058
f 1275/2211/2057 982/2212/2058 1268/2213/2059
f 1268/2213/2059 982/2212/2058 989/2214/2060
f 1268/2213/2059 989/2214/2060 1269/2215/2061
f 1269/2215/2061 989/2214/2060 1270/2216/2062
f 1270/2216/2062 989/2214/2060 1001/2217/2063
f 1270/2216/2062 1001/2217/2063 1000/2218/2064
f 1000/2218/2064 999/2219/2065 1270/2216/2062
f 1270/2216/2062 999/2219/2065 998/2220/2066
f 1270/2216/2062 998/2220/2066 997/2221/2067
f 1270/2216/2062 997/2221/2067 1271/2222/2068
f 1271/2222/2068 997/2221/2067 996/2223/2069
f 1271/2222/2068 996/2223/2069 1272/2224/2070
f 1272/2224/2070 996/2223/2069 1273/2225/2071
f 1273/2225/2071 996/2223/2069 1261/2226/2072
f 1261/2226/2072 996/2223/2069 1003/2227/2073
f 1261/2226/2072 1003/2227/2073 1259/2228/2074
f 1259/2228/2074 1003/2227/2073 1005/2229/2075
f 1259/2228/2074 1005/2229/2075 1015/2230/2076
f 1015/2230/2076 1014/2231/2077 1259/2228/2074
f 1259/2228/2074 1014/2231/2077 1013/2232/2078
f 1259/2228/2074 1013/2232/2078 1012/2233/2079
f 1012/2233/2079 1011/2234/2080 1259/2228/2074
f 1259/2228/2074 1011/2234/2080 1255/2235/2081
f 1255/2235/2081 1011/2234/2080 1017/2236/2082
f 1255/2235/2081 1017/2236/2082 1256/2237/2083
f 1256/2237/2083 1017/2236/2082 1257/2238/2084
f 1257/2238/2084 1017/2236/2082 1023/2239/2085
f 1257/2238/2084 1023/2239/2085 1251/2240/2086
f 1251/2240/2086 1023/2239/2085 1022/2241/2087
f 1251/2240/2086 1022/2241/2087 1021/2242/2088
f 1251/2240/2086 1021/2242/2088 1246/2243/2089
f 1246/2243/2089 1021/2242/2088 1025/2244/2090
f 1246/2243/2089 1025/2244/2090 1247/2245/2091
f 1247/2245/2091 1025/2244/2090 1248/2246/2092
f 1248/2246/2092 1025/2244/2090 1033/2247/2093
f 1248/2246/2092 1033/2247/2093 1032/2248/2094
f 1032/2248/2094 1031/2249/2095 1248/2246/2092
f 1248/2246/2092 1031/2249/2095 1030/2250/2096
f 1248/2246/2092 1030/2250/2096 1249/2251/2097
f 1249/2251/2097 1030/2250/2096 1241/2252/2098
f 1241/2252/2098 1030/2250/2096 1035/2253/2099
f 1241/2252/2098 1035/2253/2099 1239/2254/2100
f 1239/2254/2100 1035/2253/2099 1232/2255/2101
f 1232/2255/2101 1035/2253/2099 1037/2256/2102
f 1232/2255/2101 1037/2256/2102 1233/2257/2103
f 1233/2257/2103 1037/2256/2102 1049/2258/2104
f 1233/2257/2103 1049/2258/2104 1234/2259/2105
f 1234/2259/2105 1049/2258/2104 1048/2260/2106
f 1234/2259/2105 1048/2260/2106 1047/2261/2107
f 1234/2259/2105 1047/2261/2107 1235/2262/2108
f 1235/2262/2108 1047/2261/2107 1046/2263/2109
f 1235/2262/2108 1046/2263/2109 1045/2264/2110
f 1235/2262/2108 1045/2264/2110 1236/2265/2111
f 1236/2265/2111 1045/2264/2110 1044/2266/2112
f 1236/2265/2111 1044/2266/2112 1237/2267/2113
f 1237/2267/2113 1044/2266/2112 1225/2268/2114
f 1225/2268/2114 1044/2266/2112 1051/2269/2115
f 1225/2268/2114 1051/2269/2115 1218/2270/2116
f 1218/2270/2116 1051/2269/2115 1063/2271/2117
f 1218/2270/2116 1063/2271/2117 1062/2272/2118
f 1218/2270/2116 1062/2272/2118 1219/2273/2119
f 1219/2273/2119 1062/2272/2118 1061/2274/2120
f 1219/2273/2119 1061/2274/2120 1220/2275/2121
f 1220/2275/2121 1061/2274/2120 1221/2276/2122
f 1221/2276/2122 1061/2274/2120 1060/2277/2123
f 1221/2276/2122 1060/2277/2123 1222/2278/2124
f 1222/2278/2124 1060/2277/2123 1223/2279/2125
f 1223/2279/2125 1060/2277/2123 1059/2280/2126
f 1223/2279/2125 1059/2280/2126 1211/2281/2127
f 1211/2281/2127 1059/2280/2126 1058/2282/2128
f 1211/2281/2127 1058/2282/2128 1204/2283/2129
f 1204/2283/2129 1058/2282/2128 1065/2284/2130
f 1204/2283/2129 1065/2284/2130 1205/2285/2131
f 1205/2285/2131 1065/2284/2130 1077/2286/2132
f 1205/2285/2131 1077/2286/2132 1206/2287/2133
f 1206/2287/2133 1077/2286/2132 1076/2288/2134
f 1206/2287/2133 1076/2288/2134 1075/2289/2135
f 1206/2287/2133 1075/2289/2135 1207/2290/2136
f 1207/2290/2136 1075/2289/2135 1074/2291/2137
f 1207/2290/2136 1074/2291/2137 1073/2292/2138
f 1207/2290/2136 1073/2292/2138 1208/2293/2139
f 1208/2293/2139 1073/2292/2138 1072/2294/2140
f 1208/2293/2139 1072/2294/2140 1209/2295/2141
f 1209/2295/2141 1072/2294/2140 1197/2296/2142
f 1197/2296/2142 1072/2294/2140 1079/2297/2143
f 1197/2296/2142 1079/2297/2143 1190/2298/2144
f 1190/2298/2144 1079/2297/2143 1081/2299/2145
f 1190/2298/2144 1081/2299/2145 1191/2300/2146
f 1191/2300/2146 1081/2299/2145 1093/2301/2147
f 1191/2300/2146 1093/2301/2147 1192/2302/2148
f 1192/2302/2148 1093/2301/2147 1092/2303/2149
f 1192/2302/2148 1092/2303/2149 1193/2304/2150
f 1193/2304/2150 1092/2303/2149 1091/2305/2151
f 1193/2304/2150 1091/2305/2151 1194/2306/2152
f 1194/2306/2152 1091/2305/2151 1195/2307/2153
f 1195/2307/2153 1091/2305/2151 1090/2308/2154
f 1195/2307/2153 1090/2308/2154 1089/2309/2155
f 1195/2307/2153 1089/2309/2155 1183/2310/2156
f 1183/2310/2156 1089/2309/2155 1088/2311/2157
f 1183/2310/2156 1088/2311/2157 1095/2312/2158
f 1183/2310/2156 1095/2312/2158 1176/2313/2159
f 1176/2313/2159 1095/2312/2158 1107/2314/2160
f 1176/2313/2159 1107/2314/2160 1177/2315/2161
f 1177/2315/2161 1107/2314/2160 1106/2316/2162
f 1177/2315/2161 1106/2316/2162 1178/2317/2163
f 1178/2317/2163 1106/2316/2162 1179/2318/2164
f 1179/2318/2164 1106/2316/2162 1180/2319/2165
f 1180/2319/2165 1106/2316/2162 1105/2320/2166
f 1180/2319/2165 1105/2320/2166 1181/2321/2167
f 1181/2321/2167 1105/2320/2166 1104/2322/2168
f 1181/2321/2167 1104/2322/2168 1169/2323/2169
f 1169/2323/2169 1104/2322/2168 1103/2324/2170
f 1169/2323/2169 1103/2324/2170 1102/2325/2171
f 1169/2323/2169 1102/2325/2171 1162/2326/2172
f 1162/2326/2172 1102/2325/2171 1109/2327/2173
f 1162/2326/2172 1109/2327/2173 1121/2328/2174
f 1121/2328/2174 1120/2329/2175 1162/2326/2172
f 1162/2326/2172 1120/2329/2175 1163/2330/2176
f 1163/2330/2176 1120/2329/2175 1119/2331/2177
f 1163/2330/2176 1119/2331/2177 1164/2332/2178
f 1164/2332/2178 1119/2331/2177 1165/2333/2179
f 1165/2333/2179 1119/2331/2177 1118/2334/2180
f 1165/2333/2179 1118/2334/2180 1166/2335/2181
f 1166/2335/2181 1118/2334/2180 1167/2336/2182
f 1167/2336/2182 1118/2334/2180 1117/2337/2183
f 1167/2336/2182 1117/2337/2183 1155/2338/2184
f 1155/2338/2184 1117/2337/2183 1116/2339/2185
f 1155/2338/2184 1116/2339/2185 1148/2340/2186
f 1148/2340/2186 1116/2339/2185 1123/2341/2187
f 1148/2340/2186 1123/2341/2187 1149/2342/2188
f 1149/2342/2188 1123/2341/2187 1135/2343/2189
f 1149/2342/2188 1135/2343/2189 1150/2344/2190
f 1150/2344/2190 1135/2343/2189 1134/2345/2191
f 1150/2344/2190 1134/2345/2191 1133/2346/2192
f 1150/2344/2190 1133/2346/2192 1151/2347/2193
f 1151/2347/2193 1133/2346/2192 1132/2348/2194
f 1151/2347/2193 1132/2348/2194 1131/2349/2195
f 1151/2347/2193 1131/2349/2195 1152/2350/2196
f 1152/2350/2196 1131/2349/2195 1130/2351/2197
f 1152/2350/2196 1130/2351/2197 1153/2352/2198
f 1153/2352/2198 1130/2351/2197 1141/2353/2199
f 1141/2353/2199 1130/2351/2197 1137/2354/2200
f 1141/2353/2199 1137/2354/2200 1139/2355/2201
f 1335/2356/2202 1347/2357/2203 1336/2154/2000
f 1336/2154/2000 1347/2357/2203 1355/2358/2204
f 1336/2154/2000 1355/2358/2204 1354/2359/2205
f 1335/2356/2202 1334/2360/2206 1347/2357/2203
f 1347/2357/2203 1334/2360/2206 1345/2361/2207
f 1345/2361/2207 1334/2360/2206 1343/2362/2208
f 1343/2362/2208 1334/2360/2206 1339/2363/2209
f 1343/2362/2208 1339/2363/2209 1341/2364/2210
f 1354/2359/2205 1353/2365/2211 1336/2154/2000
f 1336/2154/2000 1353/2365/2211 1352/2152/1998
f 1362/2366/2212 136/2367/2213 1361/2368/2214
f 1361/2368/2214 136/2367/2213 135/2369/2215
f 1361/2368/2214 135/2369/2215 1360/2370/2216
f 1360/2370/2216 135/2369/2215 134/2371/2217
f 1360/2370/2216 134/2371/2217 1359/2372/2218
f 1359/2372/2218 134/2371/2217 133/2373/2219
f 1359/2372/2218 133/2373/2219 1358/2374/2220
f 1358/2374/2220 133/2373/2219 132/2375/2221
f 1358/2374/2220 132/2375/2221 1357/2376/2222
f 1357/2376/2222 132/2375/2221 131/2377/2223
f 1357/2376/2222 131/2377/2223 1356/2378/2224
f 1356/2378/2224 131/2377/2223 130/2379/2225
f 137/2380/2226 136/2381/2213 1363/2382/2227
f 1363/2382/2227 136/2381/2213 1362/2383/2212
f 1369/2384/2228 77/2385/2229 1368/2386/2230
f 1368/2386/2230 77/2385/2229 142/2387/2231
f 1368/2386/2230 142/2387/2231 1367/2388/2232
f 1367/2388/2232 142/2387/2231 141/2389/2233
f 1367/2388/2232 141/2389/2233 1366/2390/2234
f 1366/2390/2234 141/2389/2233 140/2391/2235
f 1366/2390/2234 140/2391/2235 1365/2392/2236
f 1365/2392/2236 140/2391/2235 139/2393/2237
f 1365/2392/2236 139/2393/2237 1364/2394/2238
f 1364/2394/2238 139/2393/2237 138/2395/2239
f 1364/2394/2238 138/2395/2239 1363/2396/2227
f 1363/2396/2227 138/2395/2239 137/2397/2226
f 78/2398/2240 77/2399/2229 1370/2400/2241
f 1370/2400/2241 77/2399/2229 1369/2401/2228
f 130/2402/2225 129/2403/2242 1356/2404/2224
f 1356/2404/2224 129/2403/2242 1371/2405/2243
f 129/2406/2244 128/2407/2245 1371/2408/2246
f 1371/2408/2246 128/2407/2245 1372/2409/2247
f 97/2410/2248 96/2411/2249 1373/2412/2250
f 1373/2412/2250 96/2411/2249 1374/2413/2251
f 93/2414/2252 92/2415/2253 1376/2416/2254
f 1376/2416/2254 92/2415/2253 1375/2417/2255
f 1374/2418/2251 96/2419/2249 1379/2420/2256
f 1379/2420/2256 96/2419/2249 95/2421/2257
f 1379/2420/2256 95/2421/2257 1380/2422/2258
f 1380/2422/2258 95/2421/2257 94/2423/2259
f 1380/2422/2258 94/2423/2259 93/2424/2260
f 93/2424/2260 1376/2425/2261 1380/2422/2258
f 1380/2422/2258 1376/2425/2261 1377/2426/2262
f 1380/2422/2258 1377/2426/2262 1379/2420/2256
f 1379/2420/2256 1377/2426/2262 1378/2427/2263
f 1379/2420/2256 1378/2427/2263 1374/2418/2251
f 262/2428/2264 1108/2429/2265 239/2430/2266
f 239/2430/2266 1108/2429/2265 1101/2431/2267
f 239/2430/2266 1101/2431/2267 240/2432/2268
f 240/2432/2268 1101/2431/2267 1100/2433/2269
f 240/2432/2268 1100/2433/2269 1099/2434/2270
f 261/2435/2271 1111/2436/2272 262/2428/2264
f 262/2428/2264 1111/2436/2272 1110/2437/2273
f 262/2428/2264 1110/2437/2273 1108/2429/2265
f 260/2438/2274 1113/2439/2275 261/2435/2271
f 261/2435/2271 1113/2439/2275 1112/2440/2276
f 261/2435/2271 1112/2440/2276 1111/2436/2272
f 1113/2439/2275 260/2438/2274 1114/2441/2277
f 1114/2441/2277 260/2438/2274 259/2442/2278
f 1114/2441/2277 259/2442/2278 1115/2443/2279
f 1115/2443/2279 259/2442/2278 258/2444/2280
f 1115/2443/2279 258/2444/2280 257/2445/2281
f 1115/2443/2279 257/2445/2281 1122/2446/2282
f 1122/2446/2282 257/2445/2281 256/2447/2283
f 1122/2446/2282 256/2447/2283 255/2448/2284
f 255/2448/2284 254/2449/2285 1122/2446/2282
f 1122/2446/2282 254/2449/2285 1124/2450/2286
f 1124/2450/2286 254/2449/2285 253/2451/2287
f 1124/2450/2286 253/2451/2287 1125/2452/2288
f 1125/2452/2288 253/2451/2287 252/2453/2289
f 1125/2452/2288 252/2453/2289 1410/2454/2290
f 1410/2454/2290 252/2453/2289 251/2455/2291
f 1410/2454/2290 251/2455/2291 250/2456/2292
f 249/2457/2293 1086/2458/2294 250/2456/2292
f 250/2456/2292 1086/2458/2294 1085/2459/2295
f 250/2456/2292 1085/2459/2295 1410/2454/2290
f 1410/2454/2290 1085/2459/2295 1084/2460/2296
f 1410/2454/2290 1084/2460/2296 1083/2461/2297
f 249/2457/2293 248/2462/2298 1086/2458/2294
f 1086/2458/2294 248/2462/2298 1087/2463/2299
f 1087/2463/2299 248/2462/2298 247/2464/2300
f 1087/2463/2299 247/2464/2300 246/2465/2301
f 246/2465/2301 245/2466/2302 1087/2463/2299
f 1087/2463/2299 245/2466/2302 1094/2467/2303
f 1094/2467/2303 245/2466/2302 244/2468/2304
f 1094/2467/2303 244/2468/2304 243/2469/2305
f 1094/2467/2303 243/2469/2305 1096/2470/2306
f 1096/2470/2306 243/2469/2305 242/2471/2307
f 1096/2470/2306 242/2471/2307 1097/2472/2308
f 1097/2472/2308 242/2471/2307 241/2473/2309
f 1097/2472/2308 241/2473/2309 1098/2474/2310
f 1098/2474/2310 241/2473/2309 1099/2434/2270
f 1099/2434/2270 241/2473/2309 240/2432/2268
f 358/2475/2311 1392/2476/2312 335/2477/2313
f 335/2477/2313 1392/2476/2312 1393/2478/2314
f 335/2477/2313 1393/2478/2314 336/2479/2315
f 336/2479/2315 1393/2478/2314 1394/2480/2316
f 336/2479/2315 1394/2480/2316 337/2481/2317
f 337/2481/2317 1394/2480/2316 932/2482/2318
f 337/2481/2317 932/2482/2318 338/2483/2319
f 338/2483/2319 932/2482/2318 339/2484/2320
f 339/2484/2320 932/2482/2318 340/2485/2321
f 340/2485/2321 932/2482/2318 341/2486/2322
f 341/2486/2322 932/2482/2318 927/2487/2323
f 341/2486/2322 927/2487/2323 342/2488/2324
f 342/2488/2324 927/2487/2323 343/2489/2325
f 343/2489/2325 927/2487/2323 344/2490/2326
f 344/2490/2326 927/2487/2323 345/2491/2327
f 345/2491/2327 927/2487/2323 346/2492/2328
f 346/2492/2328 927/2487/2323 926/2493/2329
f 346/2492/2328 926/2493/2329 925/2494/2330
f 1392/2476/2312 358/2475/2311 1391/2495/2331
f 1391/2495/2331 358/2475/2311 357/2496/2332
f 1391/2495/2331 357/2496/2332 356/2497/2333
f 356/2497/2333 355/2498/2334 1391/2495/2331
f 1391/2495/2331 355/2498/2334 1390/2499/2335
f 1390/2499/2335 355/2498/2334 354/2500/2336
f 1390/2499/2335 354/2500/2336 353/2501/2337
f 1390/2499/2335 353/2501/2337 1389/2502/2338
f 1389/2502/2338 353/2501/2337 352/2503/2339
f 1389/2502/2338 352/2503/2339 351/2504/2340
f 1389/2502/2338 351/2504/2340 1388/2505/2341
f 1388/2505/2341 351/2504/2340 350/2506/2342
f 1388/2505/2341 350/2506/2342 349/2507/2343
f 349/2507/2343 348/2508/2344 1388/2505/2341
f 1388/2505/2341 348/2508/2344 924/2509/2345
f 1388/2505/2341 924/2509/2345 1351/2510/2346
f 348/2508/2344 347/2511/2347 924/2509/2345
f 924/2509/2345 347/2511/2347 346/2492/2328
f 924/2509/2345 346/2492/2328 925/2494/2330
f 454/2512/2348 1397/2513/2349 431/2514/2350
f 431/2514/2350 1397/2513/2349 1398/2515/2351
f 431/2514/2350 1398/2515/2351 432/2516/2352
f 432/2516/2352 1398/2515/2351 1399/2517/2353
f 432/2516/2352 1399/2517/2353 433/2518/2354
f 433/2518/2354 1399/2517/2353 434/2519/2355
f 434/2519/2355 1399/2517/2353 435/2520/2356
f 435/2520/2356 1399/2517/2353 1400/2521/2357
f 435/2520/2356 1400/2521/2357 436/2522/2358
f 436/2522/2358 1400/2521/2357 437/2523/2359
f 437/2523/2359 1400/2521/2357 1401/2524/2360
f 437/2523/2359 1401/2524/2360 438/2525/2361
f 438/2525/2361 1401/2524/2360 439/2526/2362
f 439/2526/2362 1401/2524/2360 1402/2527/2363
f 439/2526/2362 1402/2527/2363 440/2528/2364
f 440/2528/2364 1402/2527/2363 441/2529/2365
f 441/2529/2365 1402/2527/2363 442/2530/2366
f 442/2530/2366 1402/2527/2363 1020/2531/2367
f 442/2530/2366 1020/2531/2367 443/2532/2368
f 443/2532/2368 1020/2531/2367 444/2533/2369
f 444/2533/2369 1020/2531/2367 1019/2534/2370
f 444/2533/2369 1019/2534/2370 1018/2535/2371
f 1397/2513/2349 454/2512/2348 1396/2536/2372
f 1396/2536/2372 454/2512/2348 453/2537/2373
f 1396/2536/2372 453/2537/2373 1010/2538/2374
f 1010/2538/2374 453/2537/2373 452/2539/2375
f 1010/2538/2374 452/2539/2375 451/2540/2376
f 451/2540/2376 450/2541/2377 1010/2538/2374
f 1010/2538/2374 450/2541/2377 449/2542/2378
f 1010/2538/2374 449/2542/2378 1016/2543/2379
f 1016/2543/2379 449/2542/2378 448/2544/2380
f 1016/2543/2379 448/2544/2380 447/2545/2381
f 447/2545/2381 446/2546/2382 1016/2543/2379
f 1016/2543/2379 446/2546/2382 445/2547/2383
f 1016/2543/2379 445/2547/2383 444/2533/2369
f 550/2548/2384 1050/2549/2385 527/2550/2386
f 527/2550/2386 1050/2549/2385 1043/2551/2387
f 527/2550/2386 1043/2551/2387 528/2552/2388
f 528/2552/2388 1043/2551/2387 529/2553/2389
f 529/2553/2389 1043/2551/2387 530/2554/2390
f 530/2554/2390 1043/2551/2387 531/2555/2391
f 531/2555/2391 1043/2551/2387 1404/2556/2392
f 531/2555/2391 1404/2556/2392 532/2557/2393
f 532/2557/2393 1404/2556/2392 533/2558/2394
f 533/2558/2394 1404/2556/2392 1405/2559/2395
f 533/2558/2394 1405/2559/2395 534/2560/2396
f 534/2560/2396 1405/2559/2395 535/2561/2397
f 535/2561/2397 1405/2559/2395 1406/2562/2398
f 535/2561/2397 1406/2562/2398 536/2563/2399
f 536/2563/2399 1406/2562/2398 537/2564/2400
f 537/2564/2400 1406/2562/2398 538/2565/2401
f 538/2565/2401 1406/2562/2398 1407/2566/2402
f 538/2565/2401 1407/2566/2402 539/2567/2403
f 539/2567/2403 1407/2566/2402 1408/2568/2404
f 539/2567/2403 1408/2568/2404 540/2569/2405
f 540/2569/2405 1408/2568/2404 1066/2570/2406
f 540/2569/2405 1066/2570/2406 541/2571/2407
f 541/2571/2407 1066/2570/2406 1064/2572/2408
f 541/2571/2407 1064/2572/2408 542/2573/2409
f 542/2573/2409 1064/2572/2408 543/2574/2410
f 543/2574/2410 1064/2572/2408 544/2575/2411
f 544/2575/2411 1064/2572/2408 1057/2576/2412
f 544/2575/2411 1057/2576/2412 545/2577/2413
f 545/2577/2413 1057/2576/2412 546/2578/2414
f 546/2578/2414 1057/2576/2412 547/2579/2415
f 547/2579/2415 1057/2576/2412 1056/2580/2416
f 547/2579/2415 1056/2580/2416 1055/2581/2417
f 550/2548/2384 549/2582/2418 1050/2549/2385
f 1050/2549/2385 549/2582/2418 548/2583/2419
f 1050/2549/2385 548/2583/2419 1052/2584/2420
f 1052/2584/2420 548/2583/2419 1053/2585/2421
f 1053/2585/2421 548/2583/2419 1054/2586/2422
f 1054/2586/2422 548/2583/2419 1055/2581/2417
f 1055/2581/2417 548/2583/2419 547/2579/2415
f 646/2587/2423 1415/2588/2424 623/2589/2425
f 623/2589/2425 1415/2588/2424 1416/2590/2426
f 623/2589/2425 1416/2590/2426 624/2591/2427
f 624/2591/2427 1416/2590/2426 625/2592/2428
f 625/2592/2428 1416/2590/2426 626/2593/2429
f 626/2593/2429 1416/2590/2426 1422/2594/2430
f 626/2593/2429 1422/2594/2430 627/2595/2431
f 627/2595/2431 1422/2594/2430 628/2596/2432
f 628/2596/2432 1422/2594/2430 629/2597/2433
f 629/2597/2433 1422/2594/2430 1423/2598/2434
f 629/2597/2433 1423/2598/2434 630/2599/2435
f 630/2599/2435 1423/2598/2434 631/2600/2436
f 631/2600/2436 1423/2598/2434 632/2601/2437
f 632/2601/2437 1423/2598/2434 1381/2602/2438
f 632/2601/2437 1381/2602/2438 633/2603/2439
f 633/2603/2439 1381/2602/2438 1382/2604/2440
f 633/2603/2439 1382/2604/2440 634/2605/2441
f 634/2605/2441 1382/2604/2440 635/2606/2442
f 635/2606/2442 1382/2604/2440 1383/2607/2443
f 635/2606/2442 1383/2607/2443 636/2608/2444
f 636/2608/2444 1383/2607/2443 1384/2609/2445
f 636/2608/2444 1384/2609/2445 637/2610/2446
f 637/2610/2446 1384/2609/2445 638/2611/2447
f 638/2611/2447 1384/2609/2445 639/2612/2448
f 639/2612/2448 1384/2609/2445 1385/2613/2449
f 639/2612/2448 1385/2613/2449 640/2614/2450
f 640/2614/2450 1385/2613/2449 641/2615/2451
f 641/2615/2451 1385/2613/2449 1386/2616/2452
f 641/2615/2451 1386/2616/2452 642/2617/2453
f 642/2617/2453 1386/2616/2452 1414/2618/2454
f 642/2617/2453 1414/2618/2454 643/2619/2455
f 643/2619/2455 1414/2618/2454 644/2620/2456
f 644/2620/2456 1414/2618/2454 645/2621/2457
f 645/2621/2457 1414/2618/2454 646/2587/2423
f 646/2587/2423 1414/2618/2454 1415/2588/2424
f 742/2622/2458 953/2623/2459 719/2624/2460
f 719/2624/2460 953/2623/2459 952/2625/2461
f 719/2624/2460 952/2625/2461 1395/2626/2462
f 1395/2626/2462 952/2625/2461 951/2627/2463
f 1395/2626/2462 951/2627/2463 950/2628/2464
f 742/2622/2458 741/2629/2465 953/2623/2459
f 953/2623/2459 741/2629/2465 740/2630/2466
f 953/2623/2459 740/2630/2466 739/2631/2467
f 739/2631/2467 738/2632/2468 953/2623/2459
f 953/2623/2459 738/2632/2468 737/2633/2469
f 953/2623/2459 737/2633/2469 960/2634/2470
f 960/2634/2470 737/2633/2469 736/2635/2471
f 960/2634/2470 736/2635/2471 735/2636/2472
f 735/2636/2472 734/2637/2473 960/2634/2470
f 960/2634/2470 734/2637/2473 733/2638/2474
f 960/2634/2470 733/2638/2474 962/2639/2475
f 962/2639/2475 733/2638/2474 963/2640/2476
f 963/2640/2476 733/2638/2474 964/2641/2477
f 964/2641/2477 733/2638/2474 965/2642/2478
f 965/2642/2478 733/2638/2474 966/2643/2479
f 966/2643/2479 733/2638/2474 967/2644/2480
f 967/2644/2480 733/2638/2474 732/2645/2481
f 967/2644/2480 732/2645/2481 731/2646/2482
f 967/2644/2480 731/2646/2482 974/2647/2483
f 974/2647/2483 731/2646/2482 730/2648/2484
f 974/2647/2483 730/2648/2484 729/2649/2485
f 728/2650/2486 981/2651/2487 729/2649/2485
f 729/2649/2485 981/2651/2487 980/2652/2488
f 729/2649/2485 980/2652/2488 979/2653/2489
f 728/2650/2486 727/2654/2490 981/2651/2487
f 981/2651/2487 727/2654/2490 726/2655/2491
f 981/2651/2487 726/2655/2491 725/2656/2492
f 981/2651/2487 725/2656/2492 988/2657/2493
f 988/2657/2493 725/2656/2492 724/2658/2494
f 988/2657/2493 724/2658/2494 723/2659/2495
f 723/2659/2495 722/2660/2496 988/2657/2493
f 988/2657/2493 722/2660/2496 721/2661/2497
f 988/2657/2493 721/2661/2497 720/2662/2498
f 719/2624/2460 1395/2626/2462 720/2662/2498
f 720/2662/2498 1395/2626/2462 990/2663/2499
f 720/2662/2498 990/2663/2499 988/2657/2493
f 1351/2510/2346 1350/2664/2500 1388/2505/2341
f 1388/2505/2341 1350/2664/2500 1349/2665/2501
f 1388/2505/2341 1349/2665/2501 1348/2666/2502
f 1348/2666/2502 1346/2667/2503 1388/2505/2341
f 1388/2505/2341 1346/2667/2503 1344/2668/2504
f 1388/2505/2341 1344/2668/2504 1387/2669/2505
f 1387/2669/2505 1344/2668/2504 1340/2670/2506
f 1387/2669/2505 1340/2670/2506 1411/2671/2507
f 1411/2671/2507 1340/2670/2506 1338/2672/2508
f 1411/2671/2507 1338/2672/2508 1375/2673/2509
f 1375/2673/2509 1338/2672/2508 1333/2674/2510
f 1375/2673/2509 1333/2674/2510 1332/2675/2511
f 1344/2668/2504 1342/2676/2512 1340/2670/2506
f 1332/2675/2511 1331/2677/2513 1375/2673/2509
f 1375/2673/2509 1331/2677/2513 1330/2678/2514
f 1375/2673/2509 1330/2678/2514 1328/2679/2515
f 1328/2679/2515 1324/2680/2516 1375/2673/2509
f 1375/2673/2509 1324/2680/2516 1376/2681/2517
f 1376/2681/2517 1324/2680/2516 1323/2682/2518
f 1376/2681/2517 1323/2682/2518 1322/2683/2519
f 1322/2683/2519 1320/2684/2520 1376/2681/2517
f 1376/2681/2517 1320/2684/2520 1377/2685/2521
f 1377/2685/2521 1320/2684/2520 1378/2686/2522
f 1378/2686/2522 1320/2684/2520 1374/2687/2523
f 1374/2687/2523 1320/2684/2520 1373/2688/2524
f 1373/2688/2524 1320/2684/2520 1318/2689/2525
f 1373/2688/2524 1318/2689/2525 1316/2690/2526
f 1373/2688/2524 1316/2690/2526 1453/2691/2527
f 1453/2691/2527 1316/2690/2526 1309/2692/2528
f 1453/2691/2527 1309/2692/2528 1304/2693/2529
f 1304/2693/2529 1309/2692/2528 1305/2694/2530
f 1305/2694/2530 1309/2692/2528 1306/2695/2531
f 1306/2695/2531 1309/2692/2528 1307/2696/2532
f 1307/2696/2532 1309/2692/2528 1308/2697/2533
f 1304/2693/2529 1302/2698/2534 1453/2691/2527
f 1453/2691/2527 1302/2698/2534 1452/2699/2535
f 1452/2699/2535 1302/2698/2534 1295/2700/2536
f 1452/2699/2535 1295/2700/2536 1451/2701/2537
f 1451/2701/2537 1295/2700/2536 1294/2702/2538
f 1451/2701/2537 1294/2702/2538 1450/2703/2539
f 1450/2703/2539 1294/2702/2538 1293/2704/2540
f 1450/2703/2539 1293/2704/2540 1449/2705/2541
f 1449/2705/2541 1293/2704/2540 1448/2706/2542
f 1448/2706/2542 1293/2704/2540 1292/2707/2543
f 1448/2706/2542 1292/2707/2543 1447/2708/2544
f 1447/2708/2544 1292/2707/2543 1446/2709/2545
f 1446/2709/2545 1292/2707/2543 1291/2710/2546
f 1446/2709/2545 1291/2710/2546 1290/2711/2547
f 1290/2711/2547 1288/2712/2548 1446/2709/2545
f 1446/2709/2545 1288/2712/2548 1445/2713/2549
f 1445/2713/2549 1288/2712/2548 1281/2714/2550
f 1445/2713/2549 1281/2714/2550 1280/2715/2551
f 1280/2715/2551 1279/2716/2552 1445/2713/2549
f 1445/2713/2549 1279/2716/2552 1444/2717/2553
f 1444/2717/2553 1279/2716/2552 1278/2718/2554
f 1444/2717/2553 1278/2718/2554 1443/2719/2555
f 1443/2719/2555 1278/2718/2554 1442/2720/2556
f 1442/2720/2556 1278/2718/2554 1277/2721/2557
f 1442/2720/2556 1277/2721/2557 1441/2722/2558
f 1441/2722/2558 1277/2721/2557 1276/2723/2559
f 1441/2722/2558 1276/2723/2559 1440/2724/2560
f 1440/2724/2560 1276/2723/2559 1274/2725/2561
f 1440/2724/2560 1274/2725/2561 1439/2726/2562
f 1439/2726/2562 1274/2725/2561 1267/2727/2563
f 1439/2726/2562 1267/2727/2563 1438/2728/2564
f 1438/2728/2564 1267/2727/2563 1266/2729/2565
f 1438/2728/2564 1266/2729/2565 1265/2730/2566
f 1265/2730/2566 1264/2731/2567 1438/2728/2564
f 1438/2728/2564 1264/2731/2567 1263/2732/2568
f 1438/2728/2564 1263/2732/2568 1262/2733/2569
f 1262/2733/2569 1260/2734/2570 1438/2728/2564
f 1438/2728/2564 1260/2734/2570 1437/2735/2571
f 1437/2735/2571 1260/2734/2570 1258/2736/2572
f 1437/2735/2571 1258/2736/2572 1254/2737/2573
f 1253/2738/2574 1433/2739/2575 1254/2737/2573
f 1254/2737/2573 1433/2739/2575 1434/2740/2576
f 1254/2737/2573 1434/2740/2576 1435/2741/2577
f 1253/2738/2574 1252/2742/2578 1433/2739/2575
f 1433/2739/2575 1252/2742/2578 1250/2743/2579
f 1433/2739/2575 1250/2743/2579 1432/2744/2580
f 1432/2744/2580 1250/2743/2579 1245/2745/2581
f 1432/2744/2580 1245/2745/2581 1244/2746/2582
f 1244/2746/2582 1243/2747/2583 1432/2744/2580
f 1432/2744/2580 1243/2747/2583 1242/2748/2584
f 1432/2744/2580 1242/2748/2584 1240/2749/2585
f 1240/2749/2585 1238/2750/2586 1432/2744/2580
f 1432/2744/2580 1238/2750/2586 1454/2751/2587
f 1432/2744/2580 1454/2751/2587 1431/2752/2588
f 1431/2752/2588 1454/2751/2587 1231/2753/2589
f 1431/2752/2588 1231/2753/2589 1230/2754/2590
f 1238/2750/2586 1231/2753/2589 1454/2751/2587
f 1230/2754/2590 1229/2755/2591 1431/2752/2588
f 1431/2752/2588 1229/2755/2591 1228/2756/2592
f 1431/2752/2588 1228/2756/2592 1227/2757/2593
f 1227/2757/2593 1226/2758/2594 1431/2752/2588
f 1431/2752/2588 1226/2758/2594 1224/2759/2595
f 1431/2752/2588 1224/2759/2595 1430/2760/2596
f 1430/2760/2596 1224/2759/2595 1217/2761/2597
f 1430/2760/2596 1217/2761/2597 1216/2762/2598
f 1215/2763/2599 1428/2764/2600 1216/2762/2598
f 1216/2762/2598 1428/2764/2600 1429/2765/2601
f 1216/2762/2598 1429/2765/2601 1430/2760/2596
f 1428/2764/2600 1215/2763/2599 1427/2766/2602
f 1427/2766/2602 1215/2763/2599 1214/2767/2603
f 1427/2766/2602 1214/2767/2603 1426/2768/2604
f 1426/2768/2604 1214/2767/2603 1213/2769/2605
f 1426/2768/2604 1213/2769/2605 1425/2770/2606
f 1425/2770/2606 1213/2769/2605 1212/2771/2607
f 1425/2770/2606 1212/2771/2607 1424/2772/2608
f 1424/2772/2608 1212/2771/2607 1210/2773/2609
f 1424/2772/2608 1210/2773/2609 1203/2774/2610
f 1424/2772/2608 1203/2774/2610 1372/2775/2611
f 1372/2775/2611 1203/2774/2610 1202/2776/2612
f 1372/2775/2611 1202/2776/2612 1201/2777/2613
f 1201/2777/2613 1200/2778/2614 1372/2775/2611
f 1372/2775/2611 1200/2778/2614 1199/2779/2615
f 1372/2775/2611 1199/2779/2615 1198/2780/2616
f 1198/2780/2616 1196/2781/2617 1372/2775/2611
f 1372/2775/2611 1196/2781/2617 1371/2782/2618
f 1371/2782/2618 1196/2781/2617 1189/2783/2619
f 1371/2782/2618 1189/2783/2619 1184/2784/2620
f 1184/2784/2620 1189/2783/2619 1185/2785/2621
f 1185/2785/2621 1189/2783/2619 1186/2786/2622
f 1186/2786/2622 1189/2783/2619 1187/2787/2623
f 1187/2787/2623 1189/2783/2619 1188/2788/2624
f 1184/2784/2620 1182/2789/2625 1371/2782/2618
f 1371/2782/2618 1182/2789/2625 1175/2790/2626
f 1371/2782/2618 1175/2790/2626 1356/2791/2627
f 1356/2791/2627 1175/2790/2626 1174/2792/2628
f 1356/2791/2627 1174/2792/2628 1173/2793/2629
f 1173/2793/2629 1172/2794/2630 1356/2791/2627
f 1356/2791/2627 1172/2794/2630 1357/2795/2631
f 1357/2795/2631 1172/2794/2630 1358/2796/2632
f 1358/2796/2632 1172/2794/2630 1359/2797/2633
f 1359/2797/2633 1172/2794/2630 1360/2798/2634
f 1360/2798/2634 1172/2794/2630 1361/2799/2635
f 1361/2799/2635 1172/2794/2630 1362/2800/2636
f 1362/2800/2636 1172/2794/2630 1171/2801/2637
f 1362/2800/2636 1171/2801/2637 1170/2802/2638
f 1170/2802/2638 1168/2803/2639 1362/2800/2636
f 1362/2800/2636 1168/2803/2639 1363/2804/2640
f 1363/2804/2640 1168/2803/2639 1161/2805/2641
f 1363/2804/2640 1161/2805/2641 1160/2806/2642
f 1160/2806/2642 1159/2807/2643 1363/2804/2640
f 1363/2804/2640 1159/2807/2643 1158/2808/2644
f 1363/2804/2640 1158/2808/2644 1364/2809/2645
f 1364/2809/2645 1158/2808/2644 1365/2810/2646
f 1365/2810/2646 1158/2808/2644 1366/2811/2647
f 1366/2811/2647 1158/2808/2644 1367/2812/2648
f 1367/2812/2648 1158/2808/2644 1368/2813/2649
f 1368/2813/2649 1158/2808/2644 1369/2814/2650
f 1369/2814/2650 1158/2808/2644 1157/2815/2651
f 1369/2814/2650 1157/2815/2651 1156/2816/2652
f 1156/2816/2652 1154/2817/2653 1369/2814/2650
f 1369/2814/2650 1154/2817/2653 1370/2818/2654
f 1370/2818/2654 1154/2817/2653 1147/2819/2655
f 1370/2818/2654 1147/2819/2655 1146/2820/2656
f 1146/2820/2656 1145/2821/2657 1370/2818/2654
f 1370/2818/2654 1145/2821/2657 1144/2822/2658
f 1370/2818/2654 1144/2822/2658 1143/2823/2659
f 1143/2823/2659 1142/2824/2660 1370/2818/2654
f 1370/2818/2654 1142/2824/2660 1140/2825/2661
f 1370/2818/2654 1140/2825/2661 1138/2826/2662
f 1370/2818/2654 1138/2826/2662 1423/2598/2434
f 1423/2598/2434 1138/2826/2662 1136/2827/2663
f 1423/2598/2434 1136/2827/2663 1381/2602/2438
f 1381/2602/2438 1136/2827/2663 1410/2454/2290
f 1410/2454/2290 1136/2827/2663 1129/2828/2664
f 1410/2454/2290 1129/2828/2664 1128/2829/2665
f 1128/2829/2665 1127/2830/2666 1410/2454/2290
f 1410/2454/2290 1127/2830/2666 1126/2831/2667
f 1410/2454/2290 1126/2831/2667 1125/2452/2288
f 1083/2461/2297 1082/2832/2668 1410/2454/2290
f 1410/2454/2290 1082/2832/2668 1080/2833/2669
f 1410/2454/2290 1080/2833/2669 1078/2834/2670
f 1410/2454/2290 1078/2834/2670 1409/2835/2671
f 1409/2835/2671 1078/2834/2670 1071/2836/2672
f 1409/2835/2671 1071/2836/2672 1070/2837/2673
f 1070/2837/2673 1069/2838/2674 1409/2835/2671
f 1409/2835/2671 1069/2838/2674 1068/2839/2675
f 1409/2835/2671 1068/2839/2675 1067/2840/2676
f 1067/2840/2676 1066/2570/2406 1409/2835/2671
f 1409/2835/2671 1066/2570/2406 1408/2568/2404
f 1043/2551/2387 1042/2841/2677 1404/2556/2392
f 1404/2556/2392 1042/2841/2677 1041/2842/2678
f 1404/2556/2392 1041/2842/2678 1403/2843/2679
f 1403/2843/2679 1041/2842/2678 1040/2844/2680
f 1403/2843/2679 1040/2844/2680 1039/2845/2681
f 1039/2845/2681 1038/2846/2682 1403/2843/2679
f 1403/2843/2679 1038/2846/2682 1036/2847/2683
f 1403/2843/2679 1036/2847/2683 1034/2848/2684
f 1403/2843/2679 1034/2848/2684 1402/2527/2363
f 1402/2527/2363 1034/2848/2684 1029/2849/2685
f 1402/2527/2363 1029/2849/2685 1028/2850/2686
f 1028/2850/2686 1027/2851/2687 1402/2527/2363
f 1402/2527/2363 1027/2851/2687 1026/2852/2688
f 1402/2527/2363 1026/2852/2688 1024/2853/2689
f 1024/2853/2689 1020/2531/2367 1402/2527/2363
f 1018/2535/2371 1016/2543/2379 444/2533/2369
f 1010/2538/2374 1009/2854/2690 1396/2536/2372
f 1396/2536/2372 1009/2854/2690 1008/2855/2691
f 1396/2536/2372 1008/2855/2691 1007/2856/2692
f 1007/2856/2692 1006/2857/2693 1396/2536/2372
f 1396/2536/2372 1006/2857/2693 1004/2858/2694
f 1396/2536/2372 1004/2858/2694 1002/2859/2695
f 1396/2536/2372 1002/2859/2695 1395/2626/2462
f 1395/2626/2462 1002/2859/2695 995/2860/2696
f 1395/2626/2462 995/2860/2696 994/2861/2697
f 994/2861/2697 993/2862/2698 1395/2626/2462
f 1395/2626/2462 993/2862/2698 992/2863/2699
f 1395/2626/2462 992/2863/2699 991/2864/2700
f 991/2864/2700 990/2663/2499 1395/2626/2462
f 729/2649/2485 979/2653/2489 974/2647/2483
f 974/2647/2483 979/2653/2489 978/2865/2701
f 974/2647/2483 978/2865/2701 977/2866/2702
f 977/2866/2702 976/2867/2703 974/2647/2483
f 950/2628/2464 949/2868/2704 1395/2626/2462
f 1395/2626/2462 949/2868/2704 948/2869/2705
f 1395/2626/2462 948/2869/2705 946/2870/2706
f 946/2870/2706 944/2871/2707 1395/2626/2462
f 1395/2626/2462 944/2871/2707 1394/2480/2316
f 1394/2480/2316 944/2871/2707 938/2872/2708
f 1394/2480/2316 938/2872/2708 937/2873/2709
f 937/2873/2709 936/2874/2710 1394/2480/2316
f 1394/2480/2316 936/2874/2710 935/2875/2711
f 1394/2480/2316 935/2875/2711 934/2876/2712
f 934/2876/2712 932/2482/2318 1394/2480/2316
f 1386/2616/2452 1387/2669/2505 1414/2618/2454
f 1414/2618/2454 1387/2669/2505 1413/2877/2713
f 1413/2877/2713 1387/2669/2505 1412/2878/2714
f 1412/2878/2714 1387/2669/2505 1411/2671/2507
f 1417/2879/2715 1418/2880/2716 1416/2590/2426
f 1416/2590/2426 1418/2880/2716 1419/2881/2717
f 1416/2590/2426 1419/2881/2717 1420/2882/2718
f 1420/2882/2718 1421/2883/2719 1416/2590/2426
f 1416/2590/2426 1421/2883/2719 1422/2594/2430
f 1435/2741/2577 1436/2884/2720 1254/2737/2573
f 1254/2737/2573 1436/2884/2720 1437/2735/2571
f 92/2885/2721 91/2886/2722 1375/2887/2723
f 1375/2887/2723 91/2886/2722 1411/2888/2724
f 1433/2889/2725 118/2890/2726 1455/2891/2727
f 1455/2891/2727 118/2890/2726 117/2892/2728
f 1455/2891/2727 117/2892/2728 1456/2893/2729
f 1456/2893/2729 117/2892/2728 116/2894/2730
f 1456/2893/2729 116/2894/2730 115/2895/2731
f 115/2895/2731 1436/2896/2732 1456/2893/2729
f 1456/2893/2729 1436/2896/2732 1435/2897/2733
f 1456/2893/2729 1435/2897/2733 1455/2891/2727
f 1455/2891/2727 1435/2897/2733 1434/2898/2734
f 1455/2891/2727 1434/2898/2734 1433/2889/2725
f 119/2899/2735 118/2900/2726 1432/2901/2736
f 1432/2901/2736 118/2900/2726 1433/2902/2725
f 1437/2903/2737 1436/2904/2732 114/2905/2738
f 114/2905/2738 1436/2904/2732 115/2906/2731
f 114/2907/2739 113/2908/2740 1437/2909/2741
f 1437/2909/2741 113/2908/2740 1438/2910/2742
f 106/2911/2743 105/2912/2744 1445/2913/2745
f 1445/2913/2745 105/2912/2744 1446/2914/2746
f 1439/2915/2747 112/2916/2748 1440/2917/2749
f 1440/2917/2749 112/2916/2748 111/2918/2750
f 1440/2917/2749 111/2918/2750 1441/2919/2751
f 1441/2919/2751 111/2918/2750 110/2920/2752
f 1441/2919/2751 110/2920/2752 1442/2921/2753
f 1442/2921/2753 110/2920/2752 109/2922/2754
f 1442/2921/2753 109/2922/2754 1443/2923/2755
f 1443/2923/2755 109/2922/2754 108/2924/2756
f 1443/2923/2755 108/2924/2756 1444/2925/2757
f 1444/2925/2757 108/2924/2756 107/2926/2758
f 1444/2925/2757 107/2926/2758 1445/2927/2745
f 1445/2927/2745 107/2926/2758 106/2928/2743
f 113/2929/2759 112/2930/2748 1438/2931/2760
f 1438/2931/2760 112/2930/2748 1439/2932/2747
f 99/2933/2761 98/2934/2762 1452/2935/2763
f 1452/2935/2763 98/2934/2762 1453/2936/2764
f 1446/2937/2746 105/2938/2744 1447/2939/2765
f 1447/2939/2765 105/2938/2744 104/2940/2766
f 1447/2939/2765 104/2940/2766 1448/2941/2767
f 1448/2941/2767 104/2940/2766 103/2942/2768
f 1448/2941/2767 103/2942/2768 1449/2943/2769
f 1449/2943/2769 103/2942/2768 102/2944/2770
f 1449/2943/2769 102/2944/2770 1450/2945/2771
f 1450/2945/2771 102/2944/2770 101/2946/2772
f 1450/2945/2771 101/2946/2772 1451/2947/2773
f 1451/2947/2773 101/2946/2772 100/2948/2774
f 1451/2947/2773 100/2948/2774 1452/2949/2763
f 1452/2949/2763 100/2948/2774 99/2950/2761
f 1373/2951/2775 1453/2952/2776 97/2953/2777
f 97/2953/2777 1453/2952/2776 98/2954/2778
f 121/2955/2779 120/2956/2780 1430/2957/2781
f 1430/2957/2781 120/2956/2780 1431/2958/2782
f 1424/2959/2783 127/2960/2784 1425/2961/2785
f 1425/2961/2785 127/2960/2784 126/2962/2786
f 1425/2961/2785 126/2962/2786 1426/2963/2787
f 1426/2963/2787 126/2962/2786 125/2964/2788
f 1426/2963/2787 125/2964/2788 1427/2965/2789
f 1427/2965/2789 125/2964/2788 124/2966/2790
f 1427/2965/2789 124/2966/2790 1428/2967/2791
f 1428/2967/2791 124/2966/2790 123/2968/2792
f 1428/2967/2791 123/2968/2792 1429/2969/2793
f 1429/2969/2793 123/2968/2792 122/2970/2794
f 1429/2969/2793 122/2970/2794 1430/2971/2781
f 1430/2971/2781 122/2970/2794 121/2972/2779
f 128/2973/2795 127/2974/2784 1372/2975/2796
f 1372/2975/2796 127/2974/2784 1424/2976/2783
f 1432/2977/2797 1431/2978/2798 119/2979/2799
f 119/2979/2799 1431/2978/2798 120/2980/2800
f 1370/2981/2801 1423/2982/2802 78/2983/2803
f 78/2983/2803 1423/2982/2802 79/2984/2804
f 88/2985/2805 87/2986/2806 1414/2987/2807
f 1414/2987/2807 87/2986/2806 1415/2988/2808
f 1423/2989/2809 1422/2990/2810 79/2991/2811
f 79/2991/2811 1422/2990/2810 80/2992/2812
f 87/2993/2813 86/2994/2814 1415/2995/2815
f 1415/2995/2815 86/2994/2814 1416/2996/2816
f 1416/2997/2816 86/2998/2814 1417/2999/2817
f 1417/2999/2817 86/2998/2814 85/3000/2818
f 1417/2999/2817 85/3000/2818 1418/3001/2819
f 1418/3001/2819 85/3000/2818 84/3002/2820
f 1418/3001/2819 84/3002/2820 1419/3003/2821
f 1419/3003/2821 84/3002/2820 83/3004/2822
f 1419/3003/2821 83/3004/2822 1420/3005/2823
f 1420/3005/2823 83/3004/2822 82/3006/2824
f 1420/3005/2823 82/3006/2824 1421/3007/2825
f 1421/3007/2825 82/3006/2824 81/3008/2826
f 1421/3007/2825 81/3008/2826 1422/3009/2810
f 1422/3009/2810 81/3008/2826 80/3010/2812
f 88/3011/2827 1414/3012/2828 89/3013/2829
f 89/3013/2829 1414/3012/2828 1413/3014/2830
f 89/3013/2829 1413/3014/2830 90/3015/2831
f 90/3015/2831 1413/3014/2830 1412/3016/2832
f 90/3015/2831 1412/3016/2832 91/3017/2722
f 91/3017/2722 1412/3016/2832 1411/3018/2724
f 1388/3019/2833 1387/3020/2834 830/3021/2835
f 830/3021/2835 1387/3020/2834 801/3022/2836
f 824/3023/2837 1394/3024/2838 825/3025/2839
f 825/3025/2839 1394/3024/2838 1393/3026/2840
f 825/3025/2839 1393/3026/2840 826/3027/2841
f 826/3027/2841 1393/3026/2840 1392/3028/2842
f 826/3027/2841 1392/3028/2842 827/3029/2843
f 827/3029/2843 1392/3028/2842 1391/3030/2844
f 827/3029/2843 1391/3030/2844 828/3031/2845
f 828/3031/2845 1391/3030/2844 1390/3032/2846
f 828/3031/2845 1390/3032/2846 829/3033/2847
f 829/3033/2847 1390/3032/2846 1389/3034/2848
f 829/3033/2847 1389/3034/2848 830/3035/2835
f 830/3035/2835 1389/3034/2848 1388/3036/2833
f 1396/3037/2849 1395/3038/2850 822/3039/2851
f 822/3039/2851 1395/3038/2850 823/3040/2852
f 823/3040/2852 1395/3038/2850 1394/3041/2838
f 823/3040/2852 1394/3041/2838 824/3042/2837
f 816/3043/2853 1402/3044/2854 817/3045/2855
f 817/3045/2855 1402/3044/2854 1401/3046/2856
f 817/3045/2855 1401/3046/2856 818/3047/2857
f 818/3047/2857 1401/3046/2856 1400/3048/2858
f 818/3047/2857 1400/3048/2858 819/3049/2859
f 819/3049/2859 1400/3048/2858 1399/3050/2860
f 819/3049/2859 1399/3050/2860 820/3051/2861
f 820/3051/2861 1399/3050/2860 1398/3052/2862
f 820/3051/2861 1398/3052/2862 821/3053/2863
f 821/3053/2863 1398/3052/2862 1397/3054/2864
f 821/3053/2863 1397/3054/2864 822/3055/2851
f 822/3055/2851 1397/3054/2864 1396/3056/2849
f 1403/3057/2865 1402/3058/2854 815/3059/2866
f 815/3059/2866 1402/3058/2854 816/3060/2853
f 809/3061/2867 1409/3062/2868 810/3063/2869
f 810/3063/2869 1409/3062/2868 1408/3064/2870
f 810/3063/2869 1408/3064/2870 811/3065/2871
f 811/3065/2871 1408/3064/2870 1407/3066/2872
f 811/3065/2871 1407/3066/2872 812/3067/2873
f 812/3067/2873 1407/3066/2872 1406/3068/2874
f 812/3067/2873 1406/3068/2874 813/3069/2875
f 813/3069/2875 1406/3068/2874 1405/3070/2876
f 813/3069/2875 1405/3070/2876 814/3071/2877
f 814/3071/2877 1405/3070/2876 1404/3072/2878
f 814/3071/2877 1404/3072/2878 815/3073/2866
f 815/3073/2866 1404/3072/2878 1403/3074/2865
f 1381/3075/2879 1410/3076/2880 807/3077/2881
f 807/3077/2881 1410/3076/2880 808/3078/2882
f 808/3078/2882 1410/3076/2880 1409/3079/2868
f 808/3078/2882 1409/3079/2868 809/3080/2867
f 801/3081/2836 1387/3082/2834 802/3083/2883
f 802/3083/2883 1387/3082/2834 1386/3084/2884
f 802/3083/2883 1386/3084/2884 803/3085/2885
f 803/3085/2885 1386/3084/2884 1385/3086/2886
f 803/3085/2885 1385/3086/2886 804/3087/2887
f 804/3087/2887 1385/3086/2886 1384/3088/2888
f 804/3087/2887 1384/3088/2888 805/3089/2889
f 805/3089/2889 1384/3088/2888 1383/3090/2890
f 805/3089/2889 1383/3090/2890 806/3091/2891
f 806/3091/2891 1383/3090/2890 1382/3092/2892
f 806/3091/2891 1382/3092/2892 807/3093/2881
f 807/3093/2881 1382/3092/2892 1381/3094/2879
# 1456 vertices
# 3094 texture params
# 2892 normals
# 2944 facets

# 1 groups
