# WaveFront *.obj file (generated by Autodesk ATF)

mtllib OBP40x2-DisplayBefestigungen.mtl

g Körper36

v 0.521371 -10.631847 -0.140000
v 0.516089 -10.591730 -0.140000
v 0.500605 -10.554347 -0.140000
v 0.475973 -10.522246 -0.140000
v 0.443871 -10.497613 -0.140000
v 0.406488 -10.482129 -0.140000
v 0.366371 -10.476847 -0.140000
v 0.326254 -10.482129 -0.140000
v 0.288871 -10.497613 -0.140000
v 0.256769 -10.522246 -0.140000
v 0.232137 -10.554347 -0.140000
v 0.216652 -10.591730 -0.140000
v 0.211371 -10.631847 -0.140000
v 0.216652 -10.671964 -0.140000
v 0.232137 -10.709347 -0.140000
v 0.256769 -10.741449 -0.140000
v 0.288871 -10.766081 -0.140000
v 0.326254 -10.781566 -0.140000
v 0.366371 -10.786847 -0.140000
v 0.406488 -10.781566 -0.140000
v 0.443871 -10.766081 -0.140000
v 0.475973 -10.741449 -0.140000
v 0.500605 -10.709347 -0.140000
v 0.516089 -10.671964 -0.140000
v 0.521371 -10.631847 -0.340000
v 0.516089 -10.671964 -0.340000
v 0.500605 -10.709347 -0.340000
v 0.475973 -10.741449 -0.340000
v 0.443871 -10.766081 -0.340000
v 0.406488 -10.781566 -0.340000
v 0.366371 -10.786847 -0.340000
v 0.326254 -10.781566 -0.340000
v 0.288871 -10.766081 -0.340000
v 0.256769 -10.741449 -0.340000
v 0.232137 -10.709347 -0.340000
v 0.216652 -10.671964 -0.340000
v 0.211371 -10.631847 -0.340000
v 0.216652 -10.591730 -0.340000
v 0.232137 -10.554347 -0.340000
v 0.256769 -10.522246 -0.340000
v 0.288871 -10.497613 -0.340000
v 0.326254 -10.482129 -0.340000
v 0.366371 -10.476847 -0.340000
v 0.406488 -10.482129 -0.340000
v 0.443871 -10.497613 -0.340000
v 0.475973 -10.522246 -0.340000
v 0.500605 -10.554347 -0.340000
v 0.516089 -10.591730 -0.340000
v 0.000000 -10.000000 -0.340000
v -0.300000 -10.000000 -0.340000
v -0.300000 -10.000000 -0.140000
v 0.000000 -10.000000 -0.140000
v 1.000000 -10.500000 -0.340000
v 1.000000 -10.500000 -0.140000
v 1.000000 -11.300000 -0.340000
v 1.000000 -11.300000 -0.140000
v -0.300000 -11.300000 -0.340000
v -0.300000 -11.300000 -0.140000
vt 0.200000 -0.446368 0.000000
vt -0.000000 -0.446368 0.000000
vt 0.200000 -0.486947 0.000000
vt -0.000000 -0.486947 0.000000
vt 0.200000 0.486947 0.000000
vt -0.000000 0.486947 0.000000
vt 0.200000 0.446368 0.000000
vt -0.000000 0.446368 0.000000
vt 0.200000 0.405789 0.000000
vt -0.000000 0.405789 0.000000
vt 0.200000 0.365210 0.000000
vt 0.000000 0.365210 0.000000
vt 0.200000 0.324631 0.000000
vt -0.000000 0.324631 0.000000
vt 0.200000 0.284052 0.000000
vt 0.000000 0.284052 0.000000
vt 0.200000 0.243473 0.000000
vt 0.000000 0.243473 0.000000
vt 0.200000 0.202895 0.000000
vt 0.000000 0.202895 0.000000
vt 0.200000 0.162316 0.000000
vt -0.000000 0.162316 0.000000
vt 0.200000 0.121737 0.000000
vt 0.000000 0.121737 0.000000
vt 0.200000 0.081158 0.000000
vt -0.000000 0.081158 0.000000
vt 0.200000 0.040579 0.000000
vt -0.000000 0.040579 0.000000
vt 0.200000 0.000000 0.000000
vt 0.000000 0.000000 0.000000
vt 0.200000 -0.040579 0.000000
vt -0.000000 -0.040579 0.000000
vt 0.200000 -0.081158 0.000000
vt -0.000000 -0.081158 0.000000
vt 0.200000 -0.121737 0.000000
vt 0.000000 -0.121737 0.000000
vt 0.200000 -0.162316 0.000000
vt -0.000000 -0.162316 0.000000
vt 0.200000 -0.202895 0.000000
vt 0.000000 -0.202895 0.000000
vt 0.200000 -0.243473 0.000000
vt 0.000000 -0.243473 0.000000
vt 0.200000 -0.284052 0.000000
vt 0.000000 -0.284052 0.000000
vt 0.200000 -0.324631 0.000000
vt -0.000000 -0.324631 0.000000
vt 0.200000 -0.365210 0.000000
vt 0.000000 -0.365210 0.000000
vt 0.200000 -0.405789 0.000000
vt -0.000000 -0.405789 0.000000
vt 0.000000 0.000000 0.000000
vt 0.300000 0.000000 0.000000
vt 0.000000 0.200000 0.000000
vt 0.300000 0.200000 0.000000
vt 0.000000 0.000000 0.000000
vt 1.118034 0.000000 0.000000
vt 0.000000 0.200000 0.000000
vt 1.118034 0.200000 0.000000
vt 0.000000 0.000000 0.000000
vt 0.800000 0.000000 0.000000
vt 0.000000 0.200000 0.000000
vt 0.800000 0.200000 0.000000
vt 0.000000 0.000000 0.000000
vt 1.300000 0.000000 0.000000
vt 0.000000 0.200000 0.000000
vt 1.300000 0.200000 0.000000
vt 0.000000 0.000000 0.000000
vt 1.300000 0.000000 0.000000
vt 0.000000 0.200000 0.000000
vt 1.300000 0.200000 0.000000
vt -0.166089 -0.058270 0.000000
vt -0.171371 -0.018153 0.000000
vt -0.650000 -0.150000 0.000000
vt -0.166089 0.021964 0.000000
vt -0.150605 0.059347 0.000000
vt -0.650000 0.650000 0.000000
vt -0.125973 0.091449 0.000000
vt -0.093871 0.116081 0.000000
vt -0.056488 0.131566 0.000000
vt -0.016371 0.136847 0.000000
vt 0.650000 0.650000 0.000000
vt 0.023746 0.131566 0.000000
vt 0.061129 0.116081 0.000000
vt 0.093231 0.091449 0.000000
vt 0.117863 0.059347 0.000000
vt 0.133348 0.021964 0.000000
vt 0.138629 -0.018153 0.000000
vt 0.650000 -0.650000 0.000000
vt 0.133348 -0.058270 0.000000
vt 0.117863 -0.095653 0.000000
vt 0.350000 -0.650000 0.000000
vt 0.093231 -0.127754 0.000000
vt 0.061129 -0.152387 0.000000
vt 0.023746 -0.167871 0.000000
vt -0.016371 -0.173153 0.000000
vt -0.056488 -0.167871 0.000000
vt -0.093871 -0.152387 0.000000
vt -0.125973 -0.127754 0.000000
vt -0.150605 -0.095653 0.000000
vt 0.166089 0.021964 0.000000
vt 0.171371 -0.018153 0.000000
vt 0.650000 -0.150000 0.000000
vt 0.166089 -0.058270 0.000000
vt 0.150605 -0.095653 0.000000
vt 0.125973 -0.127754 0.000000
vt 0.093871 -0.152387 0.000000
vt -0.350000 -0.650000 0.000000
vt 0.056488 -0.167871 0.000000
vt 0.016371 -0.173153 0.000000
vt -0.023746 -0.167871 0.000000
vt -0.061129 -0.152387 0.000000
vt -0.093231 -0.127754 0.000000
vt -0.117863 -0.095653 0.000000
vt -0.650000 -0.650000 0.000000
vt -0.133348 -0.058270 0.000000
vt -0.138629 -0.018153 0.000000
vt -0.650000 0.650000 0.000000
vt -0.133348 0.021964 0.000000
vt -0.117863 0.059347 0.000000
vt -0.093231 0.091449 0.000000
vt -0.061129 0.116081 0.000000
vt -0.023746 0.131566 0.000000
vt 0.016371 0.136847 0.000000
vt 0.650000 0.650000 0.000000
vt 0.056488 0.131566 0.000000
vt 0.093871 0.116081 0.000000
vt 0.125973 0.091449 0.000000
vt 0.150605 0.059347 0.000000
vn -0.965926 -0.258819 0.000000
vn -0.965926 -0.258819 0.000000
vn -1.000000 -0.000000 0.000000
vn -1.000000 -0.000000 0.000000
vn -0.965926 0.258819 0.000000
vn -0.965926 0.258819 0.000000
vn -0.866025 0.500000 0.000000
vn -0.866025 0.500000 0.000000
vn -0.707107 0.707107 0.000000
vn -0.707107 0.707107 0.000000
vn -0.500000 0.866025 0.000000
vn -0.500000 0.866025 0.000000
vn -0.258819 0.965926 0.000000
vn -0.258819 0.965926 0.000000
vn 0.000000 1.000000 -0.000000
vn 0.000000 1.000000 -0.000000
vn 0.258819 0.965926 -0.000000
vn 0.258819 0.965926 -0.000000
vn 0.500000 0.866025 -0.000000
vn 0.500000 0.866025 -0.000000
vn 0.707107 0.707107 -0.000000
vn 0.707107 0.707107 -0.000000
vn 0.866025 0.500000 -0.000000
vn 0.866025 0.500000 -0.000000
vn 0.965926 0.258819 -0.000000
vn 0.965926 0.258819 -0.000000
vn 1.000000 0.000000 -0.000000
vn 1.000000 0.000000 -0.000000
vn 0.965926 -0.258819 0.000000
vn 0.965926 -0.258819 0.000000
vn 0.866025 -0.500000 0.000000
vn 0.866025 -0.500000 0.000000
vn 0.707107 -0.707107 0.000000
vn 0.707107 -0.707107 0.000000
vn 0.500000 -0.866025 0.000000
vn 0.500000 -0.866025 0.000000
vn 0.258819 -0.965926 0.000000
vn 0.258819 -0.965926 0.000000
vn 0.000000 -1.000000 0.000000
vn 0.000000 -1.000000 0.000000
vn -0.258819 -0.965926 0.000000
vn -0.258819 -0.965926 0.000000
vn -0.500000 -0.866025 0.000000
vn -0.500000 -0.866025 0.000000
vn -0.707107 -0.707107 0.000000
vn -0.707107 -0.707107 0.000000
vn -0.866025 -0.500000 0.000000
vn -0.866025 -0.500000 0.000000
vn 0.000000 1.000000 -0.000000
vn 0.000000 1.000000 -0.000000
vn 0.000000 1.000000 -0.000000
vn 0.000000 1.000000 -0.000000
vn 0.447214 0.894427 -0.000000
vn 0.447214 0.894427 -0.000000
vn 0.447214 0.894427 -0.000000
vn 0.447214 0.894427 -0.000000
vn 1.000000 0.000000 0.000000
vn 1.000000 0.000000 0.000000
vn 1.000000 0.000000 0.000000
vn 1.000000 0.000000 0.000000
vn 0.000000 -1.000000 0.000000
vn 0.000000 -1.000000 0.000000
vn 0.000000 -1.000000 0.000000
vn 0.000000 -1.000000 0.000000
vn -1.000000 0.000000 0.000000
vn -1.000000 0.000000 0.000000
vn -1.000000 0.000000 0.000000
vn -1.000000 0.000000 0.000000
vn 0.000000 0.000000 1.000000
vn 0.000000 0.000000 1.000000
vn 0.000000 0.000000 1.000000
vn 0.000000 0.000000 1.000000
vn 0.000000 0.000000 1.000000
vn 0.000000 0.000000 1.000000
vn 0.000000 0.000000 1.000000
vn 0.000000 0.000000 1.000000
vn 0.000000 0.000000 1.000000
vn 0.000000 0.000000 1.000000
vn 0.000000 0.000000 1.000000
vn 0.000000 0.000000 1.000000
vn 0.000000 0.000000 1.000000
vn 0.000000 0.000000 1.000000
vn 0.000000 0.000000 1.000000
vn 0.000000 0.000000 1.000000
vn 0.000000 0.000000 1.000000
vn 0.000000 0.000000 1.000000
vn 0.000000 0.000000 1.000000
vn 0.000000 0.000000 1.000000
vn 0.000000 0.000000 1.000000
vn 0.000000 0.000000 1.000000
vn 0.000000 0.000000 1.000000
vn 0.000000 0.000000 1.000000
vn 0.000000 0.000000 1.000000
vn 0.000000 0.000000 1.000000
vn 0.000000 0.000000 1.000000
vn 0.000000 0.000000 1.000000
vn 0.000000 0.000000 1.000000
vn -0.000000 -0.000000 -1.000000
vn -0.000000 -0.000000 -1.000000
vn -0.000000 -0.000000 -1.000000
vn -0.000000 -0.000000 -1.000000
vn -0.000000 -0.000000 -1.000000
vn -0.000000 -0.000000 -1.000000
vn -0.000000 -0.000000 -1.000000
vn -0.000000 -0.000000 -1.000000
vn -0.000000 -0.000000 -1.000000
vn -0.000000 -0.000000 -1.000000
vn -0.000000 -0.000000 -1.000000
vn -0.000000 -0.000000 -1.000000
vn -0.000000 -0.000000 -1.000000
vn -0.000000 -0.000000 -1.000000
vn -0.000000 -0.000000 -1.000000
vn -0.000000 -0.000000 -1.000000
vn -0.000000 -0.000000 -1.000000
vn -0.000000 -0.000000 -1.000000
vn -0.000000 -0.000000 -1.000000
vn -0.000000 -0.000000 -1.000000
vn -0.000000 -0.000000 -1.000000
vn -0.000000 -0.000000 -1.000000
vn -0.000000 -0.000000 -1.000000
vn -0.000000 -0.000000 -1.000000
vn -0.000000 -0.000000 -1.000000
vn -0.000000 -0.000000 -1.000000
vn -0.000000 -0.000000 -1.000000
vn -0.000000 -0.000000 -1.000000
vn -0.000000 -0.000000 -1.000000
usemtl Stahl_-_satiniert
f 2/1/1 48/2/2 1/3/3
f 1/3/3 48/2/2 25/4/4
f 1/5/3 25/6/4 24/7/5
f 24/7/5 25/6/4 26/8/6
f 24/7/5 26/8/6 23/9/7
f 23/9/7 26/8/6 27/10/8
f 23/9/7 27/10/8 22/11/9
f 22/11/9 27/10/8 28/12/10
f 22/11/9 28/12/10 21/13/11
f 21/13/11 28/12/10 29/14/12
f 21/13/11 29/14/12 20/15/13
f 20/15/13 29/14/12 30/16/14
f 20/15/13 30/16/14 19/17/15
f 19/17/15 30/16/14 31/18/16
f 19/17/15 31/18/16 18/19/17
f 18/19/17 31/18/16 32/20/18
f 18/19/17 32/20/18 17/21/19
f 17/21/19 32/20/18 33/22/20
f 17/21/19 33/22/20 16/23/21
f 16/23/21 33/22/20 34/24/22
f 16/23/21 34/24/22 15/25/23
f 15/25/23 34/24/22 35/26/24
f 15/25/23 35/26/24 14/27/25
f 14/27/25 35/26/24 36/28/26
f 14/27/25 36/28/26 13/29/27
f 13/29/27 36/28/26 37/30/28
f 13/29/27 37/30/28 12/31/29
f 12/31/29 37/30/28 38/32/30
f 12/31/29 38/32/30 11/33/31
f 11/33/31 38/32/30 39/34/32
f 11/33/31 39/34/32 10/35/33
f 10/35/33 39/34/32 40/36/34
f 10/35/33 40/36/34 9/37/35
f 9/37/35 40/36/34 41/38/36
f 9/37/35 41/38/36 8/39/37
f 8/39/37 41/38/36 42/40/38
f 8/39/37 42/40/38 7/41/39
f 7/41/39 42/40/38 43/42/40
f 7/41/39 43/42/40 6/43/41
f 6/43/41 43/42/40 44/44/42
f 6/43/41 44/44/42 5/45/43
f 5/45/43 44/44/42 45/46/44
f 5/45/43 45/46/44 4/47/45
f 4/47/45 45/46/44 46/48/46
f 4/47/45 46/48/46 3/49/47
f 3/49/47 46/48/46 47/50/48
f 3/49/47 47/50/48 2/1/1
f 2/1/1 47/50/48 48/2/2
f 49/51/49 50/52/50 52/53/51
f 52/53/51 50/52/50 51/54/52
f 53/55/53 49/56/54 54/57/55
f 54/57/55 49/56/54 52/58/56
f 55/59/57 53/60/58 56/61/59
f 56/61/59 53/60/58 54/62/60
f 57/63/61 55/64/62 58/65/63
f 58/65/63 55/64/62 56/66/64
f 50/67/65 57/68/66 51/69/67
f 51/69/67 57/68/66 58/70/68
f 2/71/69 1/72/70 54/73/71
f 54/73/71 1/72/70 24/74/72
f 54/73/71 24/74/72 23/75/73
f 54/73/71 23/75/73 56/76/74
f 56/76/74 23/75/73 22/77/75
f 56/76/74 22/77/75 21/78/76
f 21/78/76 20/79/77 56/76/74
f 56/76/74 20/79/77 19/80/78
f 56/76/74 19/80/78 58/81/79
f 58/81/79 19/80/78 18/82/80
f 58/81/79 18/82/80 17/83/81
f 17/83/81 16/84/82 58/81/79
f 58/81/79 16/84/82 15/85/83
f 58/81/79 15/85/83 14/86/84
f 14/86/84 13/87/85 58/81/79
f 58/81/79 13/87/85 51/88/86
f 51/88/86 13/87/85 12/89/87
f 51/88/86 12/89/87 11/90/88
f 51/88/86 11/90/88 52/91/89
f 52/91/89 11/90/88 10/92/90
f 52/91/89 10/92/90 9/93/91
f 9/93/91 8/94/92 52/91/89
f 52/91/89 8/94/92 7/95/93
f 52/91/89 7/95/93 6/96/94
f 6/96/94 5/97/95 52/91/89
f 52/91/89 5/97/95 54/73/71
f 54/73/71 5/97/95 4/98/96
f 54/73/71 4/98/96 3/99/97
f 3/99/97 2/71/69 54/73/71
f 26/100/98 25/101/99 53/102/100
f 53/102/100 25/101/99 48/103/101
f 53/102/100 48/103/101 47/104/102
f 47/104/102 46/105/103 53/102/100
f 53/102/100 46/105/103 45/106/104
f 53/102/100 45/106/104 49/107/105
f 49/107/105 45/106/104 44/108/106
f 49/107/105 44/108/106 43/109/107
f 43/109/107 42/110/108 49/107/105
f 49/107/105 42/110/108 41/111/109
f 49/107/105 41/111/109 40/112/110
f 40/112/110 39/113/111 49/107/105
f 49/107/105 39/113/111 50/114/112
f 50/114/112 39/113/111 38/115/113
f 50/114/112 38/115/113 37/116/114
f 50/114/112 37/116/114 57/117/115
f 57/117/115 37/116/114 36/118/116
f 57/117/115 36/118/116 35/119/117
f 35/119/117 34/120/118 57/117/115
f 57/117/115 34/120/118 33/121/119
f 57/117/115 33/121/119 32/122/120
f 32/122/120 31/123/121 57/117/115
f 57/117/115 31/123/121 55/124/122
f 55/124/122 31/123/121 30/125/123
f 55/124/122 30/125/123 29/126/124
f 29/126/124 28/127/125 55/124/122
f 55/124/122 28/127/125 27/128/126
f 55/124/122 27/128/126 53/102/100
f 53/102/100 27/128/126 26/100/98
g Körper37

v 8.633104 -0.663858 -0.540000
v 8.622882 -0.586212 -0.540000
v 8.592912 -0.513858 -0.540000
v 8.545236 -0.451726 -0.540000
v 8.483104 -0.404050 -0.540000
v 8.410750 -0.374080 -0.540000
v 8.333104 -0.363858 -0.540000
v 8.255459 -0.374080 -0.540000
v 8.183104 -0.404050 -0.540000
v 8.120972 -0.451726 -0.540000
v 8.073297 -0.513858 -0.540000
v 8.043327 -0.586212 -0.540000
v 8.033104 -0.663858 -0.540000
v 8.043327 -0.741504 -0.540000
v 8.073297 -0.813858 -0.540000
v 8.120972 -0.875990 -0.540000
v 8.183104 -0.923665 -0.540000
v 8.255459 -0.953636 -0.540000
v 8.333104 -0.963858 -0.540000
v 8.410750 -0.953636 -0.540000
v 8.483104 -0.923665 -0.540000
v 8.545236 -0.875990 -0.540000
v 8.592912 -0.813858 -0.540000
v 8.622882 -0.741504 -0.540000
v 8.633104 -0.663858 -0.340000
v 8.622882 -0.741504 -0.340000
v 8.592912 -0.813858 -0.340000
v 8.545236 -0.875990 -0.340000
v 8.483104 -0.923665 -0.340000
v 8.410750 -0.953636 -0.340000
v 8.333104 -0.963858 -0.340000
v 8.255459 -0.953636 -0.340000
v 8.183104 -0.923665 -0.340000
v 8.120972 -0.875990 -0.340000
v 8.073297 -0.813858 -0.340000
v 8.043327 -0.741504 -0.340000
v 8.033104 -0.663858 -0.340000
v 8.043327 -0.586212 -0.340000
v 8.073297 -0.513858 -0.340000
v 8.120972 -0.451726 -0.340000
v 8.183104 -0.404050 -0.340000
v 8.255459 -0.374080 -0.340000
v 8.333104 -0.363858 -0.340000
v 8.410750 -0.374080 -0.340000
v 8.483104 -0.404050 -0.340000
v 8.545236 -0.451726 -0.340000
v 8.592912 -0.513858 -0.340000
v 8.622882 -0.586212 -0.340000
v 8.488104 -0.663858 -0.540000
v 8.482823 -0.623741 -0.540000
v 8.467338 -0.586358 -0.540000
v 8.442706 -0.554256 -0.540000
v 8.410604 -0.529624 -0.540000
v 8.373221 -0.514139 -0.540000
v 8.333104 -0.508858 -0.540000
v 8.292987 -0.514139 -0.540000
v 8.255604 -0.529624 -0.540000
v 8.223503 -0.554256 -0.540000
v 8.198870 -0.586358 -0.540000
v 8.183386 -0.623741 -0.540000
v 8.178104 -0.663858 -0.540000
v 8.183386 -0.703975 -0.540000
v 8.198870 -0.741358 -0.540000
v 8.223503 -0.773459 -0.540000
v 8.255604 -0.798092 -0.540000
v 8.292987 -0.813576 -0.540000
v 8.333104 -0.818858 -0.540000
v 8.373221 -0.813576 -0.540000
v 8.410604 -0.798092 -0.540000
v 8.442706 -0.773459 -0.540000
v 8.467338 -0.741358 -0.540000
v 8.482823 -0.703975 -0.540000
v 8.633104 0.663858 -0.540000
v 8.622882 0.741504 -0.540000
v 8.592912 0.813858 -0.540000
v 8.545236 0.875990 -0.540000
v 8.483104 0.923665 -0.540000
v 8.410750 0.953636 -0.540000
v 8.333104 0.963858 -0.540000
v 8.255459 0.953636 -0.540000
v 8.183104 0.923665 -0.540000
v 8.120972 0.875990 -0.540000
v 8.073297 0.813858 -0.540000
v 8.043327 0.741504 -0.540000
v 8.033104 0.663858 -0.540000
v 8.043327 0.586212 -0.540000
v 8.073297 0.513858 -0.540000
v 8.120972 0.451726 -0.540000
v 8.183104 0.404050 -0.540000
v 8.255459 0.374080 -0.540000
v 8.333104 0.363858 -0.540000
v 8.410750 0.374080 -0.540000
v 8.483104 0.404050 -0.540000
v 8.545236 0.451726 -0.540000
v 8.592912 0.513858 -0.540000
v 8.622882 0.586212 -0.540000
v 8.633104 0.663858 -0.340000
v 8.622882 0.586212 -0.340000
v 8.592912 0.513858 -0.340000
v 8.545236 0.451726 -0.340000
v 8.483104 0.404050 -0.340000
v 8.410750 0.374080 -0.340000
v 8.333104 0.363858 -0.340000
v 8.255459 0.374080 -0.340000
v 8.183104 0.404050 -0.340000
v 8.120972 0.451726 -0.340000
v 8.073297 0.513858 -0.340000
v 8.043327 0.586212 -0.340000
v 8.033104 0.663858 -0.340000
v 8.043327 0.741504 -0.340000
v 8.073297 0.813858 -0.340000
v 8.120972 0.875990 -0.340000
v 8.183104 0.923665 -0.340000
v 8.255459 0.953636 -0.340000
v 8.333104 0.963858 -0.340000
v 8.410750 0.953636 -0.340000
v 8.483104 0.923665 -0.340000
v 8.545236 0.875990 -0.340000
v 8.592912 0.813858 -0.340000
v 8.622882 0.741504 -0.340000
v 8.488104 0.663858 -0.540000
v 8.482823 0.703975 -0.540000
v 8.467338 0.741358 -0.540000
v 8.442706 0.773459 -0.540000
v 8.410604 0.798092 -0.540000
v 8.373221 0.813576 -0.540000
v 8.333104 0.818858 -0.540000
v 8.292987 0.813576 -0.540000
v 8.255604 0.798092 -0.540000
v 8.223503 0.773459 -0.540000
v 8.198870 0.741358 -0.540000
v 8.183386 0.703975 -0.540000
v 8.178104 0.663858 -0.540000
v 8.183386 0.623741 -0.540000
v 8.198870 0.586358 -0.540000
v 8.223503 0.554256 -0.540000
v 8.255604 0.529624 -0.540000
v 8.292987 0.514139 -0.540000
v 8.333104 0.508858 -0.540000
v 8.373221 0.514139 -0.540000
v 8.410604 0.529624 -0.540000
v 8.442706 0.554256 -0.540000
v 8.467338 0.586358 -0.540000
v 8.482823 0.623741 -0.540000
v 8.488104 0.663858 -0.140000
v 8.482823 0.703975 -0.140000
v 8.467338 0.741358 -0.140000
v 8.442706 0.773459 -0.140000
v 8.410604 0.798092 -0.140000
v 8.373221 0.813576 -0.140000
v 8.333104 0.818858 -0.140000
v 8.292987 0.813576 -0.140000
v 8.255604 0.798092 -0.140000
v 8.223503 0.773459 -0.140000
v 8.198870 0.741358 -0.140000
v 8.183386 0.703975 -0.140000
v 8.178104 0.663858 -0.140000
v 8.183386 0.623741 -0.140000
v 8.198870 0.586358 -0.140000
v 8.223503 0.554256 -0.140000
v 8.255604 0.529624 -0.140000
v 8.292987 0.514139 -0.140000
v 8.333104 0.508858 -0.140000
v 8.373221 0.514139 -0.140000
v 8.410604 0.529624 -0.140000
v 8.442706 0.554256 -0.140000
v 8.467338 0.586358 -0.140000
v 8.482823 0.623741 -0.140000
v 8.488104 -0.663858 -0.140000
v 8.482823 -0.623741 -0.140000
v 8.467338 -0.586358 -0.140000
v 8.442706 -0.554256 -0.140000
v 8.410604 -0.529624 -0.140000
v 8.373221 -0.514139 -0.140000
v 8.333104 -0.508858 -0.140000
v 8.292987 -0.514139 -0.140000
v 8.255604 -0.529624 -0.140000
v 8.223503 -0.554256 -0.140000
v 8.198870 -0.586358 -0.140000
v 8.183386 -0.623741 -0.140000
v 8.178104 -0.663858 -0.140000
v 8.183386 -0.703975 -0.140000
v 8.198870 -0.741358 -0.140000
v 8.223503 -0.773459 -0.140000
v 8.255604 -0.798092 -0.140000
v 8.292987 -0.813576 -0.140000
v 8.333104 -0.818858 -0.140000
v 8.373221 -0.813576 -0.140000
v 8.410604 -0.798092 -0.140000
v 8.442706 -0.773459 -0.140000
v 8.467338 -0.741358 -0.140000
v 8.482823 -0.703975 -0.140000
v 9.000000 -1.400000 -0.340000
v 9.000000 1.500000 -0.340000
v 9.000000 1.500000 -0.140000
v 9.000000 -1.400000 -0.140000
v 7.800000 -1.000000 -0.340000
v 7.800000 -1.000000 -0.140000
v 7.800000 1.100000 -0.340000
v 7.800000 1.100000 -0.140000
vt -0.200000 0.863938 0.000000
vt -0.000000 0.863938 0.000000
vt -0.200000 0.942478 0.000000
vt -0.000000 0.942478 0.000000
vt -0.200000 -0.942478 0.000000
vt -0.000000 -0.942478 0.000000
vt -0.200000 -0.863938 0.000000
vt -0.000000 -0.863938 0.000000
vt -0.200000 -0.785398 0.000000
vt -0.000000 -0.785398 0.000000
vt -0.200000 -0.706858 0.000000
vt -0.000000 -0.706858 0.000000
vt -0.200000 -0.628319 0.000000
vt -0.000000 -0.628319 0.000000
vt -0.200000 -0.549779 0.000000
vt -0.000000 -0.549779 0.000000
vt -0.200000 -0.471239 0.000000
vt -0.000000 -0.471239 0.000000
vt -0.200000 -0.392699 0.000000
vt -0.000000 -0.392699 0.000000
vt -0.200000 -0.314159 0.000000
vt 0.000000 -0.314159 0.000000
vt -0.200000 -0.235619 0.000000
vt -0.000000 -0.235619 0.000000
vt -0.200000 -0.157080 0.000000
vt 0.000000 -0.157080 0.000000
vt -0.200000 -0.078540 0.000000
vt 0.000000 -0.078540 0.000000
vt -0.200000 0.000000 0.000000
vt -0.000000 0.000000 0.000000
vt -0.200000 0.078540 0.000000
vt -0.000000 0.078540 0.000000
vt -0.200000 0.157080 0.000000
vt -0.000000 0.157080 0.000000
vt -0.200000 0.235619 0.000000
vt -0.000000 0.235619 0.000000
vt -0.200000 0.314159 0.000000
vt -0.000000 0.314159 0.000000
vt -0.200000 0.392699 0.000000
vt -0.000000 0.392699 0.000000
vt -0.200000 0.471239 0.000000
vt -0.000000 0.471239 0.000000
vt -0.200000 0.549779 0.000000
vt -0.000000 0.549779 0.000000
vt -0.200000 0.628319 0.000000
vt -0.000000 0.628319 0.000000
vt -0.200000 0.706858 0.000000
vt -0.000000 0.706858 0.000000
vt -0.200000 0.785398 0.000000
vt -0.000000 0.785398 0.000000
vt 0.149719 -0.040117 0.000000
vt 0.289778 -0.077646 0.000000
vt 0.155000 0.000000 0.000000
vt 0.300000 0.000000 0.000000
vt 0.149719 0.040117 0.000000
vt 0.289778 0.077646 0.000000
vt 0.134234 0.077500 0.000000
vt 0.259808 0.150000 0.000000
vt 0.109602 0.109602 0.000000
vt 0.212132 0.212132 0.000000
vt 0.077500 0.134234 0.000000
vt 0.150000 0.259808 0.000000
vt 0.040117 0.149719 0.000000
vt 0.077646 0.289778 0.000000
vt -0.000000 0.155000 0.000000
vt -0.000000 0.300000 0.000000
vt -0.077646 0.289778 0.000000
vt 0.134234 -0.077500 0.000000
vt 0.259808 -0.150000 0.000000
vt 0.109602 -0.109602 0.000000
vt 0.212132 -0.212132 0.000000
vt 0.077500 -0.134234 0.000000
vt 0.150000 -0.259808 0.000000
vt 0.040117 -0.149719 0.000000
vt 0.077646 -0.289778 0.000000
vt -0.000000 -0.155000 0.000000
vt -0.000000 -0.300000 0.000000
vt -0.077646 -0.289778 0.000000
vt -0.040117 -0.149719 0.000000
vt -0.150000 -0.259808 0.000000
vt -0.077500 -0.134234 0.000000
vt -0.212132 -0.212132 0.000000
vt -0.109602 -0.109602 0.000000
vt -0.259808 -0.150000 0.000000
vt -0.134234 -0.077500 0.000000
vt -0.289778 -0.077646 0.000000
vt -0.149719 -0.040117 0.000000
vt -0.300000 0.000000 0.000000
vt -0.155000 0.000000 0.000000
vt -0.149719 0.040117 0.000000
vt -0.289778 0.077646 0.000000
vt -0.134234 0.077500 0.000000
vt -0.259808 0.150000 0.000000
vt -0.109602 0.109602 0.000000
vt -0.212132 0.212132 0.000000
vt -0.077500 0.134234 0.000000
vt -0.150000 0.259808 0.000000
vt -0.040117 0.149719 0.000000
vt -0.200000 0.863938 0.000000
vt -0.000000 0.863938 0.000000
vt -0.200000 0.942478 0.000000
vt -0.000000 0.942478 0.000000
vt -0.200000 -0.942478 0.000000
vt -0.000000 -0.942478 0.000000
vt -0.200000 -0.863938 0.000000
vt -0.000000 -0.863938 0.000000
vt -0.200000 -0.785398 0.000000
vt -0.000000 -0.785398 0.000000
vt -0.200000 -0.706858 0.000000
vt -0.000000 -0.706858 0.000000
vt -0.200000 -0.628319 0.000000
vt -0.000000 -0.628319 0.000000
vt -0.200000 -0.549779 0.000000
vt -0.000000 -0.549779 0.000000
vt -0.200000 -0.471239 0.000000
vt -0.000000 -0.471239 0.000000
vt -0.200000 -0.392699 0.000000
vt 0.000000 -0.392699 0.000000
vt -0.200000 -0.314159 0.000000
vt 0.000000 -0.314159 0.000000
vt -0.200000 -0.235619 0.000000
vt -0.000000 -0.235619 0.000000
vt -0.200000 -0.157080 0.000000
vt 0.000000 -0.157080 0.000000
vt -0.200000 -0.078540 0.000000
vt 0.000000 -0.078540 0.000000
vt -0.200000 0.000000 0.000000
vt -0.000000 0.000000 0.000000
vt -0.200000 0.078540 0.000000
vt -0.000000 0.078540 0.000000
vt -0.200000 0.157080 0.000000
vt -0.000000 0.157080 0.000000
vt -0.200000 0.235619 0.000000
vt -0.000000 0.235619 0.000000
vt -0.200000 0.314159 0.000000
vt -0.000000 0.314159 0.000000
vt -0.200000 0.392699 0.000000
vt -0.000000 0.392699 0.000000
vt -0.200000 0.471239 0.000000
vt -0.000000 0.471239 0.000000
vt -0.200000 0.549779 0.000000
vt -0.000000 0.549779 0.000000
vt -0.200000 0.628319 0.000000
vt -0.000000 0.628319 0.000000
vt -0.200000 0.706858 0.000000
vt -0.000000 0.706858 0.000000
vt -0.200000 0.785398 0.000000
vt -0.000000 0.785398 0.000000
vt 0.149719 -0.040117 0.000000
vt 0.289778 -0.077646 0.000000
vt 0.155000 0.000000 0.000000
vt 0.300000 0.000000 0.000000
vt 0.149719 0.040117 0.000000
vt 0.289778 0.077646 0.000000
vt 0.134234 0.077500 0.000000
vt 0.259808 0.150000 0.000000
vt 0.109602 0.109602 0.000000
vt 0.212132 0.212132 0.000000
vt 0.077500 0.134234 0.000000
vt 0.150000 0.259808 0.000000
vt 0.040117 0.149719 0.000000
vt 0.077646 0.289778 0.000000
vt -0.000000 0.155000 0.000000
vt -0.000000 0.300000 0.000000
vt -0.077646 0.289778 0.000000
vt 0.134234 -0.077500 0.000000
vt 0.259808 -0.150000 0.000000
vt 0.109602 -0.109602 0.000000
vt 0.212132 -0.212132 0.000000
vt 0.077500 -0.134234 0.000000
vt 0.150000 -0.259808 0.000000
vt 0.040117 -0.149719 0.000000
vt 0.077646 -0.289778 0.000000
vt -0.000000 -0.155000 0.000000
vt -0.000000 -0.300000 0.000000
vt -0.077646 -0.289778 0.000000
vt -0.040117 -0.149719 0.000000
vt -0.150000 -0.259808 0.000000
vt -0.077500 -0.134234 0.000000
vt -0.212132 -0.212132 0.000000
vt -0.109602 -0.109602 0.000000
vt -0.259808 -0.150000 0.000000
vt -0.134234 -0.077500 0.000000
vt -0.289778 -0.077646 0.000000
vt -0.149719 -0.040117 0.000000
vt -0.300000 0.000000 0.000000
vt -0.155000 0.000000 0.000000
vt -0.149719 0.040117 0.000000
vt -0.289778 0.077646 0.000000
vt -0.134234 0.077500 0.000000
vt -0.259808 0.150000 0.000000
vt -0.109602 0.109602 0.000000
vt -0.212132 0.212132 0.000000
vt -0.077500 0.134234 0.000000
vt -0.150000 0.259808 0.000000
vt -0.040117 0.149719 0.000000
vt -0.200000 0.446368 0.000000
vt 0.200000 0.446368 0.000000
vt -0.200000 0.486947 0.000000
vt 0.200000 0.486947 0.000000
vt -0.200000 -0.486947 0.000000
vt 0.200000 -0.486947 0.000000
vt -0.200000 -0.446368 0.000000
vt 0.200000 -0.446368 0.000000
vt -0.200000 -0.405789 0.000000
vt 0.200000 -0.405789 0.000000
vt -0.200000 -0.365210 0.000000
vt 0.200000 -0.365210 0.000000
vt -0.200000 -0.324631 0.000000
vt 0.200000 -0.324631 0.000000
vt -0.200000 -0.284052 0.000000
vt 0.200000 -0.284052 0.000000
vt -0.200000 -0.243473 0.000000
vt 0.200000 -0.243473 0.000000
vt -0.200000 -0.202895 0.000000
vt 0.200000 -0.202895 0.000000
vt -0.200000 -0.162316 0.000000
vt 0.200000 -0.162316 0.000000
vt -0.200000 -0.121737 0.000000
vt 0.200000 -0.121737 0.000000
vt -0.200000 -0.081158 0.000000
vt 0.200000 -0.081158 0.000000
vt -0.200000 -0.040579 0.000000
vt 0.200000 -0.040579 0.000000
vt -0.200000 -0.000000 0.000000
vt 0.200000 0.000000 0.000000
vt -0.200000 0.040579 0.000000
vt 0.200000 0.040579 0.000000
vt -0.200000 0.081158 0.000000
vt 0.200000 0.081158 0.000000
vt -0.200000 0.121737 0.000000
vt 0.200000 0.121737 0.000000
vt -0.200000 0.162316 0.000000
vt 0.200000 0.162316 0.000000
vt -0.200000 0.202895 0.000000
vt 0.200000 0.202895 0.000000
vt -0.200000 0.243473 0.000000
vt 0.200000 0.243473 0.000000
vt -0.200000 0.284052 0.000000
vt 0.200000 0.284052 0.000000
vt -0.200000 0.324631 0.000000
vt 0.200000 0.324631 0.000000
vt -0.200000 0.365210 0.000000
vt 0.200000 0.365210 0.000000
vt -0.200000 0.405789 0.000000
vt 0.200000 0.405789 0.000000
vt -0.200000 0.446368 0.000000
vt 0.200000 0.446368 0.000000
vt -0.200000 0.486947 0.000000
vt 0.200000 0.486947 0.000000
vt -0.200000 -0.486947 0.000000
vt 0.200000 -0.486947 0.000000
vt -0.200000 -0.446368 0.000000
vt 0.200000 -0.446368 0.000000
vt -0.200000 -0.405789 0.000000
vt 0.200000 -0.405789 0.000000
vt -0.200000 -0.365210 0.000000
vt 0.200000 -0.365210 0.000000
vt -0.200000 -0.324631 0.000000
vt 0.200000 -0.324631 0.000000
vt -0.200000 -0.284052 0.000000
vt 0.200000 -0.284052 0.000000
vt -0.200000 -0.243473 0.000000
vt 0.200000 -0.243473 0.000000
vt -0.200000 -0.202895 0.000000
vt 0.200000 -0.202895 0.000000
vt -0.200000 -0.162316 0.000000
vt 0.200000 -0.162316 0.000000
vt -0.200000 -0.121737 0.000000
vt 0.200000 -0.121737 0.000000
vt -0.200000 -0.081158 0.000000
vt 0.200000 -0.081158 0.000000
vt -0.200000 -0.040579 0.000000
vt 0.200000 -0.040579 0.000000
vt -0.200000 -0.000000 0.000000
vt 0.200000 0.000000 0.000000
vt -0.200000 0.040579 0.000000
vt 0.200000 0.040579 0.000000
vt -0.200000 0.081158 0.000000
vt 0.200000 0.081158 0.000000
vt -0.200000 0.121737 0.000000
vt 0.200000 0.121737 0.000000
vt -0.200000 0.162316 0.000000
vt 0.200000 0.162316 0.000000
vt -0.200000 0.202895 0.000000
vt 0.200000 0.202895 0.000000
vt -0.200000 0.243473 0.000000
vt 0.200000 0.243473 0.000000
vt -0.200000 0.284052 0.000000
vt 0.200000 0.284052 0.000000
vt -0.200000 0.324631 0.000000
vt 0.200000 0.324631 0.000000
vt -0.200000 0.365210 0.000000
vt 0.200000 0.365210 0.000000
vt -0.200000 0.405789 0.000000
vt 0.200000 0.405789 0.000000
vt 0.000000 0.000000 0.000000
vt 2.900000 0.000000 0.000000
vt 0.000000 0.200000 0.000000
vt 2.900000 0.200000 0.000000
vt 0.000000 0.000000 0.000000
vt 1.264911 0.000000 0.000000
vt 0.000000 0.200000 0.000000
vt 1.264911 0.200000 0.000000
vt -0.000000 0.000000 0.000000
vt 2.100000 0.000000 0.000000
vt -0.000000 0.200000 0.000000
vt 2.100000 0.200000 0.000000
vt -0.000000 0.000000 0.000000
vt 1.264911 0.000000 0.000000
vt -0.000000 0.200000 0.000000
vt 1.264911 0.200000 0.000000
vt -0.082823 0.673741 0.000000
vt -0.088104 0.713858 0.000000
vt -0.600000 1.450000 0.000000
vt -0.082823 0.753975 0.000000
vt -0.067338 0.791358 0.000000
vt -0.042706 0.823459 0.000000
vt -0.010604 0.848092 0.000000
vt 0.026779 0.863576 0.000000
vt 0.066896 0.868858 0.000000
vt 0.600000 1.050000 0.000000
vt 0.107013 0.863576 0.000000
vt 0.144396 0.848092 0.000000
vt 0.176497 0.823459 0.000000
vt 0.201130 0.791358 0.000000
vt 0.216614 0.753975 0.000000
vt 0.221896 0.713858 0.000000
vt 0.216614 0.673741 0.000000
vt 0.216614 -0.573741 0.000000
vt 0.201130 -0.536358 0.000000
vt 0.201130 0.636358 0.000000
vt 0.176497 -0.504256 0.000000
vt 0.176497 0.604256 0.000000
vt 0.144396 0.579624 0.000000
vt 0.144396 -0.479624 0.000000
vt 0.107013 0.564139 0.000000
vt 0.107013 -0.464139 0.000000
vt 0.066896 0.558858 0.000000
vt 0.066896 -0.458858 0.000000
vt 0.026779 -0.464139 0.000000
vt 0.026779 0.564139 0.000000
vt -0.010604 -0.479624 0.000000
vt -0.010604 0.579624 0.000000
vt -0.042706 -0.504256 0.000000
vt -0.042706 0.604256 0.000000
vt -0.067338 -0.536358 0.000000
vt -0.067338 0.636358 0.000000
vt -0.082823 -0.653975 0.000000
vt -0.088104 -0.613858 0.000000
vt -0.600000 -1.450000 0.000000
vt -0.082823 -0.573741 0.000000
vt 0.600000 -1.050000 0.000000
vt 0.221896 -0.613858 0.000000
vt 0.216614 -0.653975 0.000000
vt 0.201130 -0.691358 0.000000
vt 0.176497 -0.723459 0.000000
vt 0.144396 -0.748092 0.000000
vt 0.107013 -0.763576 0.000000
vt 0.066896 -0.768858 0.000000
vt 0.026779 -0.763576 0.000000
vt -0.010604 -0.748092 0.000000
vt -0.042706 -0.723459 0.000000
vt -0.067338 -0.691358 0.000000
vt 0.222882 0.791504 0.000000
vt 0.233104 0.713858 0.000000
vt 0.600000 1.450000 0.000000
vt 0.222882 0.636212 0.000000
vt 0.222882 -0.536212 0.000000
vt 0.192912 0.563858 0.000000
vt 0.192912 -0.463858 0.000000
vt 0.145236 0.501726 0.000000
vt 0.145236 -0.401726 0.000000
vt 0.083104 0.454050 0.000000
vt 0.083104 -0.354050 0.000000
vt 0.010750 0.424080 0.000000
vt 0.010750 -0.324080 0.000000
vt -0.066896 0.413858 0.000000
vt -0.066896 -0.313858 0.000000
vt -0.144541 -0.324080 0.000000
vt -0.144541 0.424080 0.000000
vt -0.216896 -0.354050 0.000000
vt -0.216896 0.454050 0.000000
vt -0.279028 -0.401726 0.000000
vt -0.279028 0.501726 0.000000
vt -0.326703 -0.463858 0.000000
vt -0.326703 0.563858 0.000000
vt -0.356674 0.636212 0.000000
vt -0.366896 0.713858 0.000000
vt -0.600000 1.050000 0.000000
vt -0.356674 -0.536212 0.000000
vt -0.356674 0.791504 0.000000
vt -0.326703 0.863858 0.000000
vt -0.279028 0.925990 0.000000
vt -0.216896 0.973665 0.000000
vt -0.144541 1.003636 0.000000
vt -0.066896 1.013858 0.000000
vt 0.010750 1.003636 0.000000
vt 0.083104 0.973665 0.000000
vt 0.145236 0.925990 0.000000
vt 0.192912 0.863858 0.000000
vt 0.233104 -0.613858 0.000000
vt 0.600000 -1.450000 0.000000
vt 0.222882 -0.691504 0.000000
vt 0.192912 -0.763858 0.000000
vt 0.145236 -0.825990 0.000000
vt 0.083104 -0.873665 0.000000
vt 0.010750 -0.903636 0.000000
vt -0.066896 -0.913858 0.000000
vt -0.600000 -1.050000 0.000000
vt -0.144541 -0.903636 0.000000
vt -0.216896 -0.873665 0.000000
vt -0.279028 -0.825990 0.000000
vt -0.326703 -0.763858 0.000000
vt -0.356674 -0.691504 0.000000
vt -0.366896 -0.613858 0.000000
vn 0.965926 0.258819 0.000000
vn 0.965926 0.258819 0.000000
vn 1.000000 0.000000 0.000000
vn 1.000000 0.000000 0.000000
vn 0.965926 -0.258819 -0.000000
vn 0.965926 -0.258819 -0.000000
vn 0.866025 -0.500000 -0.000000
vn 0.866025 -0.500000 -0.000000
vn 0.707107 -0.707107 -0.000000
vn 0.707107 -0.707107 -0.000000
vn 0.500000 -0.866025 -0.000000
vn 0.500000 -0.866025 -0.000000
vn 0.258819 -0.965926 -0.000000
vn 0.258819 -0.965926 -0.000000
vn -0.000000 -1.000000 -0.000000
vn -0.000000 -1.000000 -0.000000
vn -0.258819 -0.965926 -0.000000
vn -0.258819 -0.965926 -0.000000
vn -0.500000 -0.866025 -0.000000
vn -0.500000 -0.866025 -0.000000
vn -0.707107 -0.707107 -0.000000
vn -0.707107 -0.707107 -0.000000
vn -0.866025 -0.500000 -0.000000
vn -0.866025 -0.500000 -0.000000
vn -0.965926 -0.258819 -0.000000
vn -0.965926 -0.258819 -0.000000
vn -1.000000 0.000000 -0.000000
vn -1.000000 0.000000 -0.000000
vn -0.965926 0.258819 -0.000000
vn -0.965926 0.258819 -0.000000
vn -0.866025 0.500000 -0.000000
vn -0.866025 0.500000 -0.000000
vn -0.707107 0.707107 -0.000000
vn -0.707107 0.707107 -0.000000
vn -0.500000 0.866025 -0.000000
vn -0.500000 0.866025 -0.000000
vn -0.258819 0.965926 -0.000000
vn -0.258819 0.965926 -0.000000
vn -0.000000 1.000000 -0.000000
vn -0.000000 1.000000 -0.000000
vn 0.258819 0.965926 0.000000
vn 0.258819 0.965926 0.000000
vn 0.500000 0.866025 0.000000
vn 0.500000 0.866025 0.000000
vn 0.707107 0.707107 0.000000
vn 0.707107 0.707107 0.000000
vn 0.866025 0.500000 0.000000
vn 0.866025 0.500000 0.000000
vn -0.000000 -0.000000 -1.000000
vn -0.000000 -0.000000 -1.000000
vn -0.000000 -0.000000 -1.000000
vn -0.000000 -0.000000 -1.000000
vn -0.000000 -0.000000 -1.000000
vn -0.000000 -0.000000 -1.000000
vn -0.000000 -0.000000 -1.000000
vn -0.000000 -0.000000 -1.000000
vn -0.000000 -0.000000 -1.000000
vn -0.000000 -0.000000 -1.000000
vn -0.000000 -0.000000 -1.000000
vn -0.000000 -0.000000 -1.000000
vn -0.000000 -0.000000 -1.000000
vn -0.000000 -0.000000 -1.000000
vn -0.000000 -0.000000 -1.000000
vn -0.000000 -0.000000 -1.000000
vn -0.000000 -0.000000 -1.000000
vn -0.000000 -0.000000 -1.000000
vn -0.000000 -0.000000 -1.000000
vn -0.000000 -0.000000 -1.000000
vn -0.000000 -0.000000 -1.000000
vn -0.000000 -0.000000 -1.000000
vn -0.000000 -0.000000 -1.000000
vn -0.000000 -0.000000 -1.000000
vn -0.000000 -0.000000 -1.000000
vn -0.000000 -0.000000 -1.000000
vn -0.000000 -0.000000 -1.000000
vn -0.000000 -0.000000 -1.000000
vn -0.000000 -0.000000 -1.000000
vn -0.000000 -0.000000 -1.000000
vn -0.000000 -0.000000 -1.000000
vn -0.000000 -0.000000 -1.000000
vn -0.000000 -0.000000 -1.000000
vn -0.000000 -0.000000 -1.000000
vn -0.000000 -0.000000 -1.000000
vn -0.000000 -0.000000 -1.000000
vn -0.000000 -0.000000 -1.000000
vn -0.000000 -0.000000 -1.000000
vn -0.000000 -0.000000 -1.000000
vn -0.000000 -0.000000 -1.000000
vn -0.000000 -0.000000 -1.000000
vn -0.000000 -0.000000 -1.000000
vn -0.000000 -0.000000 -1.000000
vn -0.000000 -0.000000 -1.000000
vn -0.000000 -0.000000 -1.000000
vn -0.000000 -0.000000 -1.000000
vn -0.000000 -0.000000 -1.000000
vn -0.000000 -0.000000 -1.000000
vn 0.965926 0.258819 0.000000
vn 0.965926 0.258819 0.000000
vn 1.000000 0.000000 0.000000
vn 1.000000 0.000000 0.000000
vn 0.965926 -0.258819 -0.000000
vn 0.965926 -0.258819 -0.000000
vn 0.866025 -0.500000 -0.000000
vn 0.866025 -0.500000 -0.000000
vn 0.707107 -0.707107 -0.000000
vn 0.707107 -0.707107 -0.000000
vn 0.500000 -0.866025 -0.000000
vn 0.500000 -0.866025 -0.000000
vn 0.258819 -0.965926 -0.000000
vn 0.258819 -0.965926 -0.000000
vn -0.000000 -1.000000 -0.000000
vn -0.000000 -1.000000 -0.000000
vn -0.258819 -0.965926 -0.000000
vn -0.258819 -0.965926 -0.000000
vn -0.500000 -0.866025 -0.000000
vn -0.500000 -0.866025 -0.000000
vn -0.707107 -0.707107 -0.000000
vn -0.707107 -0.707107 -0.000000
vn -0.866025 -0.500000 -0.000000
vn -0.866025 -0.500000 -0.000000
vn -0.965926 -0.258819 -0.000000
vn -0.965926 -0.258819 -0.000000
vn -1.000000 0.000000 -0.000000
vn -1.000000 0.000000 -0.000000
vn -0.965926 0.258819 -0.000000
vn -0.965926 0.258819 -0.000000
vn -0.866025 0.500000 -0.000000
vn -0.866025 0.500000 -0.000000
vn -0.707107 0.707107 -0.000000
vn -0.707107 0.707107 -0.000000
vn -0.500000 0.866025 -0.000000
vn -0.500000 0.866025 -0.000000
vn -0.258819 0.965926 -0.000000
vn -0.258819 0.965926 -0.000000
vn -0.000000 1.000000 -0.000000
vn -0.000000 1.000000 -0.000000
vn 0.258819 0.965926 0.000000
vn 0.258819 0.965926 0.000000
vn 0.500000 0.866025 0.000000
vn 0.500000 0.866025 0.000000
vn 0.707107 0.707107 0.000000
vn 0.707107 0.707107 0.000000
vn 0.866025 0.500000 0.000000
vn 0.866025 0.500000 0.000000
vn -0.000000 -0.000000 -1.000000
vn -0.000000 -0.000000 -1.000000
vn -0.000000 -0.000000 -1.000000
vn -0.000000 -0.000000 -1.000000
vn -0.000000 -0.000000 -1.000000
vn -0.000000 -0.000000 -1.000000
vn -0.000000 -0.000000 -1.000000
vn -0.000000 -0.000000 -1.000000
vn -0.000000 -0.000000 -1.000000
vn -0.000000 -0.000000 -1.000000
vn -0.000000 -0.000000 -1.000000
vn -0.000000 -0.000000 -1.000000
vn -0.000000 -0.000000 -1.000000
vn -0.000000 -0.000000 -1.000000
vn -0.000000 -0.000000 -1.000000
vn -0.000000 -0.000000 -1.000000
vn -0.000000 -0.000000 -1.000000
vn -0.000000 -0.000000 -1.000000
vn -0.000000 -0.000000 -1.000000
vn -0.000000 -0.000000 -1.000000
vn -0.000000 -0.000000 -1.000000
vn -0.000000 -0.000000 -1.000000
vn -0.000000 -0.000000 -1.000000
vn -0.000000 -0.000000 -1.000000
vn -0.000000 -0.000000 -1.000000
vn -0.000000 -0.000000 -1.000000
vn -0.000000 -0.000000 -1.000000
vn -0.000000 -0.000000 -1.000000
vn -0.000000 -0.000000 -1.000000
vn -0.000000 -0.000000 -1.000000
vn -0.000000 -0.000000 -1.000000
vn -0.000000 -0.000000 -1.000000
vn -0.000000 -0.000000 -1.000000
vn -0.000000 -0.000000 -1.000000
vn -0.000000 -0.000000 -1.000000
vn -0.000000 -0.000000 -1.000000
vn -0.000000 -0.000000 -1.000000
vn -0.000000 -0.000000 -1.000000
vn -0.000000 -0.000000 -1.000000
vn -0.000000 -0.000000 -1.000000
vn -0.000000 -0.000000 -1.000000
vn -0.000000 -0.000000 -1.000000
vn -0.000000 -0.000000 -1.000000
vn -0.000000 -0.000000 -1.000000
vn -0.000000 -0.000000 -1.000000
vn -0.000000 -0.000000 -1.000000
vn -0.000000 -0.000000 -1.000000
vn -0.000000 -0.000000 -1.000000
vn -0.965926 0.258819 0.000000
vn -0.965926 0.258819 0.000000
vn -1.000000 0.000000 0.000000
vn -1.000000 0.000000 0.000000
vn -0.965926 -0.258819 0.000000
vn -0.965926 -0.258819 0.000000
vn -0.866025 -0.500000 0.000000
vn -0.866025 -0.500000 0.000000
vn -0.707107 -0.707107 0.000000
vn -0.707107 -0.707107 0.000000
vn -0.500000 -0.866025 0.000000
vn -0.500000 -0.866025 0.000000
vn -0.258819 -0.965926 0.000000
vn -0.258819 -0.965926 0.000000
vn 0.000000 -1.000000 0.000000
vn 0.000000 -1.000000 0.000000
vn 0.258819 -0.965926 0.000000
vn 0.258819 -0.965926 0.000000
vn 0.500000 -0.866025 0.000000
vn 0.500000 -0.866025 0.000000
vn 0.707107 -0.707107 0.000000
vn 0.707107 -0.707107 0.000000
vn 0.866025 -0.500000 0.000000
vn 0.866025 -0.500000 0.000000
vn 0.965926 -0.258819 0.000000
vn 0.965926 -0.258819 0.000000
vn 1.000000 0.000000 -0.000000
vn 1.000000 0.000000 -0.000000
vn 0.965926 0.258819 -0.000000
vn 0.965926 0.258819 -0.000000
vn 0.866025 0.500000 -0.000000
vn 0.866025 0.500000 -0.000000
vn 0.707107 0.707107 -0.000000
vn 0.707107 0.707107 -0.000000
vn 0.500000 0.866025 -0.000000
vn 0.500000 0.866025 -0.000000
vn 0.258819 0.965926 -0.000000
vn 0.258819 0.965926 -0.000000
vn 0.000000 1.000000 -0.000000
vn 0.000000 1.000000 -0.000000
vn -0.258819 0.965926 0.000000
vn -0.258819 0.965926 0.000000
vn -0.500000 0.866025 0.000000
vn -0.500000 0.866025 0.000000
vn -0.707107 0.707107 0.000000
vn -0.707107 0.707107 0.000000
vn -0.866025 0.500000 0.000000
vn -0.866025 0.500000 0.000000
vn -0.965926 0.258819 0.000000
vn -0.965926 0.258819 0.000000
vn -1.000000 0.000000 0.000000
vn -1.000000 0.000000 0.000000
vn -0.965926 -0.258819 0.000000
vn -0.965926 -0.258819 0.000000
vn -0.866025 -0.500000 0.000000
vn -0.866025 -0.500000 0.000000
vn -0.707107 -0.707107 0.000000
vn -0.707107 -0.707107 0.000000
vn -0.500000 -0.866025 0.000000
vn -0.500000 -0.866025 0.000000
vn -0.258819 -0.965926 0.000000
vn -0.258819 -0.965926 0.000000
vn 0.000000 -1.000000 0.000000
vn 0.000000 -1.000000 0.000000
vn 0.258819 -0.965926 0.000000
vn 0.258819 -0.965926 0.000000
vn 0.500000 -0.866025 0.000000
vn 0.500000 -0.866025 0.000000
vn 0.707107 -0.707107 0.000000
vn 0.707107 -0.707107 0.000000
vn 0.866025 -0.500000 0.000000
vn 0.866025 -0.500000 0.000000
vn 0.965926 -0.258819 0.000000
vn 0.965926 -0.258819 0.000000
vn 1.000000 0.000000 -0.000000
vn 1.000000 0.000000 -0.000000
vn 0.965926 0.258819 -0.000000
vn 0.965926 0.258819 -0.000000
vn 0.866025 0.500000 -0.000000
vn 0.866025 0.500000 -0.000000
vn 0.707107 0.707107 -0.000000
vn 0.707107 0.707107 -0.000000
vn 0.500000 0.866025 -0.000000
vn 0.500000 0.866025 -0.000000
vn 0.258819 0.965926 -0.000000
vn 0.258819 0.965926 -0.000000
vn 0.000000 1.000000 -0.000000
vn 0.000000 1.000000 -0.000000
vn -0.258819 0.965926 0.000000
vn -0.258819 0.965926 0.000000
vn -0.500000 0.866025 0.000000
vn -0.500000 0.866025 0.000000
vn -0.707107 0.707107 0.000000
vn -0.707107 0.707107 0.000000
vn -0.866025 0.500000 0.000000
vn -0.866025 0.500000 0.000000
vn 1.000000 0.000000 -0.000000
vn 1.000000 0.000000 -0.000000
vn 1.000000 0.000000 -0.000000
vn 1.000000 0.000000 -0.000000
vn -0.316228 -0.948683 0.000000
vn -0.316228 -0.948683 0.000000
vn -0.316228 -0.948683 0.000000
vn -0.316228 -0.948683 0.000000
vn -1.000000 0.000000 0.000000
vn -1.000000 0.000000 0.000000
vn -1.000000 0.000000 0.000000
vn -1.000000 0.000000 0.000000
vn -0.316228 0.948683 0.000000
vn -0.316228 0.948683 0.000000
vn -0.316228 0.948683 0.000000
vn -0.316228 0.948683 0.000000
vn 0.000000 0.000000 1.000000
vn 0.000000 0.000000 1.000000
vn 0.000000 0.000000 1.000000
vn 0.000000 0.000000 1.000000
vn 0.000000 0.000000 1.000000
vn 0.000000 0.000000 1.000000
vn 0.000000 0.000000 1.000000
vn 0.000000 0.000000 1.000000
vn 0.000000 0.000000 1.000000
vn 0.000000 0.000000 1.000000
vn 0.000000 0.000000 1.000000
vn 0.000000 0.000000 1.000000
vn 0.000000 0.000000 1.000000
vn 0.000000 0.000000 1.000000
vn 0.000000 0.000000 1.000000
vn 0.000000 0.000000 1.000000
vn 0.000000 0.000000 1.000000
vn 0.000000 0.000000 1.000000
vn 0.000000 0.000000 1.000000
vn 0.000000 0.000000 1.000000
vn 0.000000 0.000000 1.000000
vn 0.000000 0.000000 1.000000
vn 0.000000 0.000000 1.000000
vn 0.000000 0.000000 1.000000
vn 0.000000 0.000000 1.000000
vn 0.000000 0.000000 1.000000
vn 0.000000 0.000000 1.000000
vn 0.000000 0.000000 1.000000
vn 0.000000 0.000000 1.000000
vn 0.000000 0.000000 1.000000
vn 0.000000 0.000000 1.000000
vn 0.000000 0.000000 1.000000
vn 0.000000 0.000000 1.000000
vn 0.000000 0.000000 1.000000
vn 0.000000 0.000000 1.000000
vn 0.000000 0.000000 1.000000
vn 0.000000 0.000000 1.000000
vn 0.000000 0.000000 1.000000
vn 0.000000 0.000000 1.000000
vn 0.000000 0.000000 1.000000
vn 0.000000 0.000000 1.000000
vn 0.000000 0.000000 1.000000
vn 0.000000 0.000000 1.000000
vn 0.000000 0.000000 1.000000
vn 0.000000 0.000000 1.000000
vn 0.000000 0.000000 1.000000
vn 0.000000 0.000000 1.000000
vn 0.000000 0.000000 1.000000
vn 0.000000 0.000000 1.000000
vn 0.000000 0.000000 1.000000
vn 0.000000 0.000000 1.000000
vn 0.000000 0.000000 1.000000
vn -0.000000 -0.000000 -1.000000
vn -0.000000 -0.000000 -1.000000
vn -0.000000 -0.000000 -1.000000
vn -0.000000 -0.000000 -1.000000
vn -0.000000 -0.000000 -1.000000
vn -0.000000 -0.000000 -1.000000
vn -0.000000 -0.000000 -1.000000
vn -0.000000 -0.000000 -1.000000
vn -0.000000 -0.000000 -1.000000
vn -0.000000 -0.000000 -1.000000
vn -0.000000 -0.000000 -1.000000
vn -0.000000 -0.000000 -1.000000
vn -0.000000 -0.000000 -1.000000
vn -0.000000 -0.000000 -1.000000
vn -0.000000 -0.000000 -1.000000
vn -0.000000 -0.000000 -1.000000
vn -0.000000 -0.000000 -1.000000
vn -0.000000 -0.000000 -1.000000
vn -0.000000 -0.000000 -1.000000
vn -0.000000 -0.000000 -1.000000
vn -0.000000 -0.000000 -1.000000
vn -0.000000 -0.000000 -1.000000
vn -0.000000 -0.000000 -1.000000
vn -0.000000 -0.000000 -1.000000
vn -0.000000 -0.000000 -1.000000
vn -0.000000 -0.000000 -1.000000
vn -0.000000 -0.000000 -1.000000
vn -0.000000 -0.000000 -1.000000
vn -0.000000 -0.000000 -1.000000
vn -0.000000 -0.000000 -1.000000
vn -0.000000 -0.000000 -1.000000
vn -0.000000 -0.000000 -1.000000
vn -0.000000 -0.000000 -1.000000
vn -0.000000 -0.000000 -1.000000
vn -0.000000 -0.000000 -1.000000
vn -0.000000 -0.000000 -1.000000
vn -0.000000 -0.000000 -1.000000
vn -0.000000 -0.000000 -1.000000
vn -0.000000 -0.000000 -1.000000
vn -0.000000 -0.000000 -1.000000
vn -0.000000 -0.000000 -1.000000
vn -0.000000 -0.000000 -1.000000
vn -0.000000 -0.000000 -1.000000
vn -0.000000 -0.000000 -1.000000
vn -0.000000 -0.000000 -1.000000
vn -0.000000 -0.000000 -1.000000
vn -0.000000 -0.000000 -1.000000
vn -0.000000 -0.000000 -1.000000
vn -0.000000 -0.000000 -1.000000
vn -0.000000 -0.000000 -1.000000
vn -0.000000 -0.000000 -1.000000
vn -0.000000 -0.000000 -1.000000
f 60/129/127 106/130/128 59/131/129
f 59/131/129 106/130/128 83/132/130
f 59/133/129 83/134/130 82/135/131
f 82/135/131 83/134/130 84/136/132
f 82/135/131 84/136/132 81/137/133
f 81/137/133 84/136/132 85/138/134
f 81/137/133 85/138/134 80/139/135
f 80/139/135 85/138/134 86/140/136
f 80/139/135 86/140/136 79/141/137
f 79/141/137 86/140/136 87/142/138
f 79/141/137 87/142/138 78/143/139
f 78/143/139 87/142/138 88/144/140
f 78/143/139 88/144/140 77/145/141
f 77/145/141 88/144/140 89/146/142
f 77/145/141 89/146/142 76/147/143
f 76/147/143 89/146/142 90/148/144
f 76/147/143 90/148/144 75/149/145
f 75/149/145 90/148/144 91/150/146
f 75/149/145 91/150/146 74/151/147
f 74/151/147 91/150/146 92/152/148
f 74/151/147 92/152/148 73/153/149
f 73/153/149 92/152/148 93/154/150
f 73/153/149 93/154/150 72/155/151
f 72/155/151 93/154/150 94/156/152
f 72/155/151 94/156/152 71/157/153
f 71/157/153 94/156/152 95/158/154
f 71/157/153 95/158/154 70/159/155
f 70/159/155 95/158/154 96/160/156
f 70/159/155 96/160/156 69/161/157
f 69/161/157 96/160/156 97/162/158
f 69/161/157 97/162/158 68/163/159
f 68/163/159 97/162/158 98/164/160
f 68/163/159 98/164/160 67/165/161
f 67/165/161 98/164/160 99/166/162
f 67/165/161 99/166/162 66/167/163
f 66/167/163 99/166/162 100/168/164
f 66/167/163 100/168/164 65/169/165
f 65/169/165 100/168/164 101/170/166
f 65/169/165 101/170/166 64/171/167
f 64/171/167 101/170/166 102/172/168
f 64/171/167 102/172/168 63/173/169
f 63/173/169 102/172/168 103/174/170
f 63/173/169 103/174/170 62/175/171
f 62/175/171 103/174/170 104/176/172
f 62/175/171 104/176/172 61/177/173
f 61/177/173 104/176/172 105/178/174
f 61/177/173 105/178/174 60/129/127
f 60/129/127 105/178/174 106/130/128
f 108/179/175 60/180/176 107/181/177
f 107/181/177 60/180/176 59/182/178
f 107/181/177 59/182/178 130/183/179
f 130/183/179 59/182/178 82/184/180
f 130/183/179 82/184/180 129/185/181
f 129/185/181 82/184/180 81/186/182
f 129/185/181 81/186/182 128/187/183
f 128/187/183 81/186/182 80/188/184
f 128/187/183 80/188/184 127/189/185
f 127/189/185 80/188/184 79/190/186
f 127/189/185 79/190/186 126/191/187
f 126/191/187 79/190/186 78/192/188
f 126/191/187 78/192/188 125/193/189
f 125/193/189 78/192/188 77/194/190
f 125/193/189 77/194/190 76/195/191
f 108/179/175 109/196/192 60/180/176
f 60/180/176 109/196/192 61/197/193
f 61/197/193 109/196/192 110/198/194
f 61/197/193 110/198/194 62/199/195
f 62/199/195 110/198/194 111/200/196
f 62/199/195 111/200/196 63/201/197
f 63/201/197 111/200/196 112/202/198
f 63/201/197 112/202/198 64/203/199
f 64/203/199 112/202/198 113/204/200
f 64/203/199 113/204/200 65/205/201
f 65/205/201 113/204/200 66/206/202
f 66/206/202 113/204/200 114/207/203
f 66/206/202 114/207/203 67/208/204
f 67/208/204 114/207/203 115/209/205
f 67/208/204 115/209/205 68/210/206
f 68/210/206 115/209/205 116/211/207
f 68/210/206 116/211/207 69/212/208
f 69/212/208 116/211/207 117/213/209
f 69/212/208 117/213/209 70/214/210
f 70/214/210 117/213/209 118/215/211
f 70/214/210 118/215/211 71/216/212
f 71/216/212 118/215/211 119/217/213
f 71/216/212 119/217/213 120/218/214
f 71/216/212 120/218/214 72/219/215
f 72/219/215 120/218/214 121/220/216
f 72/219/215 121/220/216 73/221/217
f 73/221/217 121/220/216 122/222/218
f 73/221/217 122/222/218 74/223/219
f 74/223/219 122/222/218 123/224/220
f 74/223/219 123/224/220 75/225/221
f 75/225/221 123/224/220 124/226/222
f 75/225/221 124/226/222 76/195/191
f 76/195/191 124/226/222 125/193/189
f 132/227/223 178/228/224 131/229/225
f 131/229/225 178/228/224 155/230/226
f 131/231/225 155/232/226 154/233/227
f 154/233/227 155/232/226 156/234/228
f 154/233/227 156/234/228 153/235/229
f 153/235/229 156/234/228 157/236/230
f 153/235/229 157/236/230 152/237/231
f 152/237/231 157/236/230 158/238/232
f 152/237/231 158/238/232 151/239/233
f 151/239/233 158/238/232 159/240/234
f 151/239/233 159/240/234 150/241/235
f 150/241/235 159/240/234 160/242/236
f 150/241/235 160/242/236 149/243/237
f 149/243/237 160/242/236 161/244/238
f 149/243/237 161/244/238 148/245/239
f 148/245/239 161/244/238 162/246/240
f 148/245/239 162/246/240 147/247/241
f 147/247/241 162/246/240 163/248/242
f 147/247/241 163/248/242 146/249/243
f 146/249/243 163/248/242 164/250/244
f 146/249/243 164/250/244 145/251/245
f 145/251/245 164/250/244 165/252/246
f 145/251/245 165/252/246 144/253/247
f 144/253/247 165/252/246 166/254/248
f 144/253/247 166/254/248 143/255/249
f 143/255/249 166/254/248 167/256/250
f 143/255/249 167/256/250 142/257/251
f 142/257/251 167/256/250 168/258/252
f 142/257/251 168/258/252 141/259/253
f 141/259/253 168/258/252 169/260/254
f 141/259/253 169/260/254 140/261/255
f 140/261/255 169/260/254 170/262/256
f 140/261/255 170/262/256 139/263/257
f 139/263/257 170/262/256 171/264/258
f 139/263/257 171/264/258 138/265/259
f 138/265/259 171/264/258 172/266/260
f 138/265/259 172/266/260 137/267/261
f 137/267/261 172/266/260 173/268/262
f 137/267/261 173/268/262 136/269/263
f 136/269/263 173/268/262 174/270/264
f 136/269/263 174/270/264 135/271/265
f 135/271/265 174/270/264 175/272/266
f 135/271/265 175/272/266 134/273/267
f 134/273/267 175/272/266 176/274/268
f 134/273/267 176/274/268 133/275/269
f 133/275/269 176/274/268 177/276/270
f 133/275/269 177/276/270 132/227/223
f 132/227/223 177/276/270 178/228/224
f 180/277/271 132/278/272 179/279/273
f 179/279/273 132/278/272 131/280/274
f 179/279/273 131/280/274 202/281/275
f 202/281/275 131/280/274 154/282/276
f 202/281/275 154/282/276 201/283/277
f 201/283/277 154/282/276 153/284/278
f 201/283/277 153/284/278 200/285/279
f 200/285/279 153/284/278 152/286/280
f 200/285/279 152/286/280 199/287/281
f 199/287/281 152/286/280 151/288/282
f 199/287/281 151/288/282 198/289/283
f 198/289/283 151/288/282 150/290/284
f 198/289/283 150/290/284 197/291/285
f 197/291/285 150/290/284 149/292/286
f 197/291/285 149/292/286 148/293/287
f 180/277/271 181/294/288 132/278/272
f 132/278/272 181/294/288 133/295/289
f 133/295/289 181/294/288 182/296/290
f 133/295/289 182/296/290 134/297/291
f 134/297/291 182/296/290 183/298/292
f 134/297/291 183/298/292 135/299/293
f 135/299/293 183/298/292 184/300/294
f 135/299/293 184/300/294 136/301/295
f 136/301/295 184/300/294 185/302/296
f 136/301/295 185/302/296 137/303/297
f 137/303/297 185/302/296 138/304/298
f 138/304/298 185/302/296 186/305/299
f 138/304/298 186/305/299 139/306/300
f 139/306/300 186/305/299 187/307/301
f 139/306/300 187/307/301 140/308/302
f 140/308/302 187/307/301 188/309/303
f 140/308/302 188/309/303 141/310/304
f 141/310/304 188/309/303 189/311/305
f 141/310/304 189/311/305 142/312/306
f 142/312/306 189/311/305 190/313/307
f 142/312/306 190/313/307 143/314/308
f 143/314/308 190/313/307 191/315/309
f 143/314/308 191/315/309 192/316/310
f 143/314/308 192/316/310 144/317/311
f 144/317/311 192/316/310 193/318/312
f 144/317/311 193/318/312 145/319/313
f 145/319/313 193/318/312 194/320/314
f 145/319/313 194/320/314 146/321/315
f 146/321/315 194/320/314 195/322/316
f 146/321/315 195/322/316 147/323/317
f 147/323/317 195/322/316 196/324/318
f 147/323/317 196/324/318 148/293/287
f 148/293/287 196/324/318 197/291/285
f 202/325/319 226/326/320 179/327/321
f 179/327/321 226/326/320 203/328/322
f 179/329/321 203/330/322 180/331/323
f 180/331/323 203/330/322 204/332/324
f 180/331/323 204/332/324 181/333/325
f 181/333/325 204/332/324 205/334/326
f 181/333/325 205/334/326 182/335/327
f 182/335/327 205/334/326 206/336/328
f 182/335/327 206/336/328 183/337/329
f 183/337/329 206/336/328 207/338/330
f 183/337/329 207/338/330 184/339/331
f 184/339/331 207/338/330 208/340/332
f 184/339/331 208/340/332 185/341/333
f 185/341/333 208/340/332 209/342/334
f 185/341/333 209/342/334 186/343/335
f 186/343/335 209/342/334 210/344/336
f 186/343/335 210/344/336 187/345/337
f 187/345/337 210/344/336 211/346/338
f 187/345/337 211/346/338 188/347/339
f 188/347/339 211/346/338 212/348/340
f 188/347/339 212/348/340 189/349/341
f 189/349/341 212/348/340 213/350/342
f 189/349/341 213/350/342 190/351/343
f 190/351/343 213/350/342 214/352/344
f 190/351/343 214/352/344 191/353/345
f 191/353/345 214/352/344 215/354/346
f 191/353/345 215/354/346 192/355/347
f 192/355/347 215/354/346 216/356/348
f 192/355/347 216/356/348 193/357/349
f 193/357/349 216/356/348 217/358/350
f 193/357/349 217/358/350 194/359/351
f 194/359/351 217/358/350 218/360/352
f 194/359/351 218/360/352 195/361/353
f 195/361/353 218/360/352 219/362/354
f 195/361/353 219/362/354 196/363/355
f 196/363/355 219/362/354 220/364/356
f 196/363/355 220/364/356 197/365/357
f 197/365/357 220/364/356 221/366/358
f 197/365/357 221/366/358 198/367/359
f 198/367/359 221/366/358 222/368/360
f 198/367/359 222/368/360 199/369/361
f 199/369/361 222/368/360 223/370/362
f 199/369/361 223/370/362 200/371/363
f 200/371/363 223/370/362 224/372/364
f 200/371/363 224/372/364 201/373/365
f 201/373/365 224/372/364 225/374/366
f 201/373/365 225/374/366 202/325/319
f 202/325/319 225/374/366 226/326/320
f 130/375/367 250/376/368 107/377/369
f 107/377/369 250/376/368 227/378/370
f 107/379/369 227/380/370 108/381/371
f 108/381/371 227/380/370 228/382/372
f 108/381/371 228/382/372 109/383/373
f 109/383/373 228/382/372 229/384/374
f 109/383/373 229/384/374 110/385/375
f 110/385/375 229/384/374 230/386/376
f 110/385/375 230/386/376 111/387/377
f 111/387/377 230/386/376 231/388/378
f 111/387/377 231/388/378 112/389/379
f 112/389/379 231/388/378 232/390/380
f 112/389/379 232/390/380 113/391/381
f 113/391/381 232/390/380 233/392/382
f 113/391/381 233/392/382 114/393/383
f 114/393/383 233/392/382 234/394/384
f 114/393/383 234/394/384 115/395/385
f 115/395/385 234/394/384 235/396/386
f 115/395/385 235/396/386 116/397/387
f 116/397/387 235/396/386 236/398/388
f 116/397/387 236/398/388 117/399/389
f 117/399/389 236/398/388 237/400/390
f 117/399/389 237/400/390 118/401/391
f 118/401/391 237/400/390 238/402/392
f 118/401/391 238/402/392 119/403/393
f 119/403/393 238/402/392 239/404/394
f 119/403/393 239/404/394 120/405/395
f 120/405/395 239/404/394 240/406/396
f 120/405/395 240/406/396 121/407/397
f 121/407/397 240/406/396 241/408/398
f 121/407/397 241/408/398 122/409/399
f 122/409/399 241/408/398 242/410/400
f 122/409/399 242/410/400 123/411/401
f 123/411/401 242/410/400 243/412/402
f 123/411/401 243/412/402 124/413/403
f 124/413/403 243/412/402 244/414/404
f 124/413/403 244/414/404 125/415/405
f 125/415/405 244/414/404 245/416/406
f 125/415/405 245/416/406 126/417/407
f 126/417/407 245/416/406 246/418/408
f 126/417/407 246/418/408 127/419/409
f 127/419/409 246/418/408 247/420/410
f 127/419/409 247/420/410 128/421/411
f 128/421/411 247/420/410 248/422/412
f 128/421/411 248/422/412 129/423/413
f 129/423/413 248/422/412 249/424/414
f 129/423/413 249/424/414 130/375/367
f 130/375/367 249/424/414 250/376/368
f 251/425/415 252/426/416 254/427/417
f 254/427/417 252/426/416 253/428/418
f 255/429/419 251/430/420 256/431/421
f 256/431/421 251/430/420 254/432/422
f 257/433/423 255/434/424 258/435/425
f 258/435/425 255/434/424 256/436/426
f 252/437/427 257/438/428 253/439/429
f 253/439/429 257/438/428 258/440/430
f 228/441/431 227/442/432 254/443/433
f 254/443/433 227/442/432 250/444/434
f 254/443/433 250/444/434 249/445/435
f 249/445/435 248/446/436 254/443/433
f 254/443/433 248/446/436 247/447/437
f 254/443/433 247/447/437 246/448/438
f 246/448/438 245/449/439 254/443/433
f 254/443/433 245/449/439 256/450/440
f 256/450/440 245/449/439 244/451/441
f 256/450/440 244/451/441 243/452/442
f 243/452/442 242/453/443 256/450/440
f 256/450/440 242/453/443 241/454/444
f 256/450/440 241/454/444 240/455/445
f 240/455/445 239/456/446 256/450/440
f 256/450/440 239/456/446 238/457/447
f 256/450/440 238/457/447 216/458/448
f 216/458/448 238/457/447 217/459/449
f 217/459/449 238/457/447 237/460/450
f 217/459/449 237/460/450 218/461/451
f 218/461/451 237/460/450 236/462/452
f 218/461/451 236/462/452 235/463/453
f 218/461/451 235/463/453 219/464/454
f 219/464/454 235/463/453 234/465/455
f 219/464/454 234/465/455 220/466/456
f 220/466/456 234/465/455 233/467/457
f 220/466/456 233/467/457 221/468/458
f 221/468/458 233/467/457 222/469/459
f 222/469/459 233/467/457 232/470/460
f 222/469/459 232/470/460 223/471/461
f 223/471/461 232/470/460 231/472/462
f 223/471/461 231/472/462 224/473/463
f 224/473/463 231/472/462 230/474/464
f 224/473/463 230/474/464 225/475/465
f 225/475/465 230/474/464 229/476/466
f 225/475/465 229/476/466 228/441/431
f 204/477/467 203/478/468 253/479/469
f 253/479/469 203/478/468 226/480/470
f 253/479/469 226/480/470 254/443/433
f 254/443/433 226/480/470 228/441/431
f 226/480/470 225/475/465 228/441/431
f 256/450/440 216/458/448 258/481/471
f 258/481/471 216/458/448 215/482/472
f 258/481/471 215/482/472 214/483/473
f 214/483/473 213/484/474 258/481/471
f 258/481/471 213/484/474 212/485/475
f 258/481/471 212/485/475 211/486/476
f 211/486/476 210/487/477 258/481/471
f 258/481/471 210/487/477 209/488/478
f 258/481/471 209/488/478 253/479/469
f 253/479/469 209/488/478 208/489/479
f 253/479/469 208/489/479 207/490/480
f 207/490/480 206/491/481 253/479/469
f 253/479/469 206/491/481 205/492/482
f 253/479/469 205/492/482 204/477/467
f 84/493/483 83/494/484 251/495/485
f 251/495/485 83/494/484 106/496/486
f 251/495/485 106/496/486 156/497/487
f 156/497/487 106/496/486 105/498/488
f 156/497/487 105/498/488 157/499/489
f 157/499/489 105/498/488 104/500/490
f 157/499/489 104/500/490 158/501/491
f 158/501/491 104/500/490 103/502/492
f 158/501/491 103/502/492 159/503/493
f 159/503/493 103/502/492 102/504/494
f 159/503/493 102/504/494 160/505/495
f 160/505/495 102/504/494 101/506/496
f 160/505/495 101/506/496 161/507/497
f 161/507/497 101/506/496 162/508/498
f 162/508/498 101/506/496 100/509/499
f 162/508/498 100/509/499 163/510/500
f 163/510/500 100/509/499 99/511/501
f 163/510/500 99/511/501 164/512/502
f 164/512/502 99/511/501 98/513/503
f 164/512/502 98/513/503 165/514/504
f 165/514/504 98/513/503 97/515/505
f 165/514/504 97/515/505 96/516/506
f 95/517/507 255/518/508 96/516/506
f 96/516/506 255/518/508 166/519/509
f 96/516/506 166/519/509 165/514/504
f 95/517/507 94/520/510 255/518/508
f 255/518/508 94/520/510 93/521/511
f 255/518/508 93/521/511 92/522/512
f 92/522/512 91/523/513 255/518/508
f 255/518/508 91/523/513 90/524/514
f 255/518/508 90/524/514 251/495/485
f 251/495/485 90/524/514 89/525/515
f 251/495/485 89/525/515 88/526/516
f 88/526/516 87/527/517 251/495/485
f 251/495/485 87/527/517 86/528/518
f 251/495/485 86/528/518 85/529/519
f 85/529/519 84/493/483 251/495/485
f 156/497/487 155/530/520 252/531/521
f 252/531/521 155/530/520 178/532/522
f 252/531/521 178/532/522 177/533/523
f 177/533/523 176/534/524 252/531/521
f 252/531/521 176/534/524 175/535/525
f 252/531/521 175/535/525 174/536/526
f 174/536/526 173/537/527 252/531/521
f 252/531/521 173/537/527 257/538/528
f 257/538/528 173/537/527 172/539/529
f 257/538/528 172/539/529 171/540/530
f 171/540/530 170/541/531 257/538/528
f 257/538/528 170/541/531 169/542/532
f 257/538/528 169/542/532 168/543/533
f 168/543/533 167/544/534 257/538/528
f 257/538/528 167/544/534 166/519/509
f 257/538/528 166/519/509 255/518/508
f 251/495/485 156/497/487 252/531/521
g Körper38

v 8.872893 10.100000 -0.340000
v 8.872893 10.597082 -0.340000
v 8.872893 10.597082 -0.465000
v 8.872893 10.100000 -0.465000
v 9.072893 10.597082 -0.340000
v 9.072893 10.597082 -0.465000
v 9.445785 10.594163 -0.465000
v 9.445785 10.100000 -0.465000
v 8.487761 10.632882 -0.340000
v 8.482479 10.672999 -0.340000
v 8.466994 10.710382 -0.340000
v 8.442362 10.742484 -0.340000
v 8.410261 10.767116 -0.340000
v 8.372877 10.782601 -0.340000
v 8.332761 10.787882 -0.340000
v 8.292644 10.782601 -0.340000
v 8.255261 10.767116 -0.340000
v 8.223159 10.742484 -0.340000
v 8.198527 10.710382 -0.340000
v 8.183042 10.672999 -0.340000
v 8.177761 10.632882 -0.340000
v 8.183042 10.592765 -0.340000
v 8.198527 10.555382 -0.340000
v 8.223159 10.523281 -0.340000
v 8.255261 10.498648 -0.340000
v 8.292644 10.483164 -0.340000
v 8.332761 10.477882 -0.340000
v 8.372877 10.483164 -0.340000
v 8.410261 10.498648 -0.340000
v 8.442362 10.523281 -0.340000
v 8.466994 10.555382 -0.340000
v 8.482479 10.592765 -0.340000
v 8.300000 10.100000 -0.340000
v 7.500000 11.000000 -0.340000
v 7.500000 11.200000 -0.340000
v 8.000000 11.200000 -0.340000
v 8.000000 11.000000 -0.340000
v 8.700000 11.000000 -0.340000
v 8.700000 10.600000 -0.340000
v 7.500000 11.200000 -0.465000
v 8.000000 11.200000 -0.465000
v 8.000000 11.700000 -0.465000
v 7.500000 11.700000 -0.465000
v 8.487761 10.632882 -0.140000
v 8.482479 10.672999 -0.140000
v 8.466994 10.710382 -0.140000
v 8.442362 10.742484 -0.140000
v 8.410261 10.767116 -0.140000
v 8.372877 10.782601 -0.140000
v 8.332761 10.787882 -0.140000
v 8.292644 10.782601 -0.140000
v 8.255261 10.767116 -0.140000
v 8.223159 10.742484 -0.140000
v 8.198527 10.710382 -0.140000
v 8.183042 10.672999 -0.140000
v 8.177761 10.632882 -0.140000
v 8.183042 10.592765 -0.140000
v 8.198527 10.555382 -0.140000
v 8.223159 10.523281 -0.140000
v 8.255261 10.498648 -0.140000
v 8.292644 10.483164 -0.140000
v 8.332761 10.477882 -0.140000
v 8.372877 10.483164 -0.140000
v 8.410261 10.498648 -0.140000
v 8.442362 10.523281 -0.140000
v 8.466994 10.555382 -0.140000
v 8.482479 10.592765 -0.140000
v 8.700000 11.000000 -0.140000
v 8.700000 10.600000 -0.140000
v 9.445785 10.594163 -0.140000
v 9.445785 10.100000 -0.140000
v 8.300000 10.100000 -0.140000
v 7.500000 11.000000 -0.140000
v 7.500000 11.700000 -0.140000
v 8.000000 11.700000 -0.140000
v 8.000000 11.000000 -0.140000
vt 0.000000 0.000000 0.000000
vt 0.497082 0.000000 0.000000
vt 0.000000 0.125000 0.000000
vt 0.497082 0.125000 0.000000
vt 0.000000 0.000000 0.000000
vt 0.200000 0.000000 0.000000
vt 0.000000 0.125000 0.000000
vt 0.200000 0.125000 0.000000
vt 0.286446 0.248541 0.000000
vt 0.086446 0.248541 0.000000
vt 0.286446 -0.248541 0.000000
vt -0.286446 -0.248541 0.000000
vt -0.286446 0.245622 0.000000
vt 0.009587 0.307235 0.000000
vt 0.014868 0.267118 0.000000
vt 0.227108 0.300000 0.000000
vt 0.009587 0.227001 0.000000
vt -0.005898 0.189618 0.000000
vt 0.227108 -0.100000 0.000000
vt -0.030530 0.157516 0.000000
vt -0.062632 0.132884 0.000000
vt -0.100015 0.117399 0.000000
vt -0.140132 0.112118 0.000000
vt -0.472892 -0.100000 0.000000
vt -0.180249 0.117399 0.000000
vt -0.217632 0.132884 0.000000
vt -0.249734 0.157516 0.000000
vt -0.274366 0.189618 0.000000
vt -0.289850 0.227001 0.000000
vt -0.972892 -0.100000 0.000000
vt -0.295132 0.267118 0.000000
vt -0.289850 0.307235 0.000000
vt -0.274366 0.344618 0.000000
vt -0.172892 0.800000 0.000000
vt -0.249734 0.376719 0.000000
vt -0.217632 0.401352 0.000000
vt -0.180249 0.416836 0.000000
vt -0.140132 0.422118 0.000000
vt -0.100015 0.416836 0.000000
vt -0.062632 0.401352 0.000000
vt 0.400000 0.800000 0.000000
vt -0.030530 0.376719 0.000000
vt -0.005898 0.344618 0.000000
vt 0.600000 0.302918 0.000000
vt 0.400000 0.302918 0.000000
vt -0.972892 -0.300000 0.000000
vt -0.472892 -0.300000 0.000000
vt -0.000000 0.000000 0.000000
vt 0.500000 0.000000 0.000000
vt 0.000000 0.125000 0.000000
vt 0.500000 0.125000 0.000000
vt -0.250000 -0.250000 0.000000
vt 0.250000 -0.250000 0.000000
vt -0.250000 0.250000 0.000000
vt 0.250000 0.250000 0.000000
vt 0.200000 -0.446368 0.000000
vt 0.000000 -0.446368 0.000000
vt 0.200000 -0.486947 0.000000
vt 0.000000 -0.486947 0.000000
vt 0.200000 0.486947 0.000000
vt 0.000000 0.486947 0.000000
vt 0.200000 0.446368 0.000000
vt 0.000000 0.446368 0.000000
vt 0.200000 0.405789 0.000000
vt -0.000000 0.405789 0.000000
vt 0.200000 0.365210 0.000000
vt -0.000000 0.365210 0.000000
vt 0.200000 0.324631 0.000000
vt -0.000000 0.324631 0.000000
vt 0.200000 0.284052 0.000000
vt 0.000000 0.284052 0.000000
vt 0.200000 0.243473 0.000000
vt 0.000000 0.243473 0.000000
vt 0.200000 0.202895 0.000000
vt 0.000000 0.202895 0.000000
vt 0.200000 0.162316 0.000000
vt -0.000000 0.162316 0.000000
vt 0.200000 0.121737 0.000000
vt -0.000000 0.121737 0.000000
vt 0.200000 0.081158 0.000000
vt -0.000000 0.081158 0.000000
vt 0.200000 0.040579 0.000000
vt 0.000000 0.040579 0.000000
vt 0.200000 0.000000 0.000000
vt 0.000000 0.000000 0.000000
vt 0.200000 -0.040579 0.000000
vt 0.000000 -0.040579 0.000000
vt 0.200000 -0.081158 0.000000
vt -0.000000 -0.081158 0.000000
vt 0.200000 -0.121737 0.000000
vt -0.000000 -0.121737 0.000000
vt 0.200000 -0.162316 0.000000
vt -0.000000 -0.162316 0.000000
vt 0.200000 -0.202895 0.000000
vt 0.000000 -0.202895 0.000000
vt 0.200000 -0.243473 0.000000
vt 0.000000 -0.243473 0.000000
vt 0.200000 -0.284052 0.000000
vt 0.000000 -0.284052 0.000000
vt 0.200000 -0.324631 0.000000
vt -0.000000 -0.324631 0.000000
vt 0.200000 -0.365210 0.000000
vt -0.000000 -0.365210 0.000000
vt 0.200000 -0.405789 0.000000
vt -0.000000 -0.405789 0.000000
vt 0.000000 0.000000 0.000000
vt 0.400000 0.000000 0.000000
vt 0.000000 0.200000 0.000000
vt 0.400000 0.200000 0.000000
vt 0.745808 0.000000 0.000000
vt 0.745808 0.200000 0.000000
vt 0.372904 0.000000 0.000000
vt 0.000000 0.200000 0.000000
vt 0.000000 -0.125000 0.000000
vt 0.372904 -0.125000 0.000000
vt 0.494163 0.200000 0.000000
vt 0.000000 0.200000 0.000000
vt 0.494163 -0.125000 0.000000
vt 0.000000 -0.125000 0.000000
vt 0.572892 -0.125000 0.000000
vt 1.145785 -0.125000 0.000000
vt 0.572892 0.000000 0.000000
vt 1.145785 0.200000 0.000000
vt 0.000000 0.200000 0.000000
vt 0.000000 0.000000 0.000000
vt 0.000000 0.000000 0.000000
vt 1.204159 0.000000 0.000000
vt 0.000000 0.200000 0.000000
vt 1.204159 0.200000 0.000000
vt 0.700000 0.000000 0.000000
vt 0.700000 0.200000 0.000000
vt 0.500000 0.000000 0.000000
vt -0.000000 0.200000 0.000000
vt 0.000000 -0.125000 0.000000
vt 0.500000 -0.125000 0.000000
vt 0.500000 0.200000 0.000000
vt -0.000000 0.200000 0.000000
vt 0.500000 -0.125000 0.000000
vt 0.000000 -0.125000 0.000000
vt 0.200000 -0.125000 0.000000
vt 0.700000 -0.125000 0.000000
vt 0.200000 0.000000 0.000000
vt 0.700000 0.200000 0.000000
vt 0.000000 0.200000 0.000000
vt 0.000000 0.000000 0.000000
vt 0.000000 0.000000 0.000000
vt 0.700000 0.000000 0.000000
vt 0.000000 0.200000 0.000000
vt 0.700000 0.200000 0.000000
vt -0.009587 0.227001 0.000000
vt -0.014868 0.267118 0.000000
vt -0.227108 0.300000 0.000000
vt -0.009587 0.307235 0.000000
vt 0.005898 0.344618 0.000000
vt 0.030530 0.376719 0.000000
vt 0.062632 0.401352 0.000000
vt 0.172892 0.800000 0.000000
vt 0.100015 0.416836 0.000000
vt 0.140132 0.422118 0.000000
vt 0.180249 0.416836 0.000000
vt 0.217632 0.401352 0.000000
vt 0.249734 0.376719 0.000000
vt 0.274366 0.344618 0.000000
vt 0.972892 -0.100000 0.000000
vt 0.289850 0.307235 0.000000
vt 0.295132 0.267118 0.000000
vt 0.289850 0.227001 0.000000
vt 0.472892 -0.100000 0.000000
vt 0.972892 -0.800000 0.000000
vt 0.472892 -0.800000 0.000000
vt 0.274366 0.189618 0.000000
vt 0.249734 0.157516 0.000000
vt 0.217632 0.132884 0.000000
vt 0.180249 0.117399 0.000000
vt 0.140132 0.112118 0.000000
vt -0.227108 -0.100000 0.000000
vt 0.100015 0.117399 0.000000
vt 0.062632 0.132884 0.000000
vt 0.030530 0.157516 0.000000
vt 0.005898 0.189618 0.000000
vt -0.972892 0.800000 0.000000
vt -0.972892 0.305837 0.000000
vn -1.000000 0.000000 0.000000
vn -1.000000 0.000000 0.000000
vn -1.000000 0.000000 0.000000
vn -1.000000 0.000000 0.000000
vn -0.000000 1.000000 0.000000
vn -0.000000 1.000000 0.000000
vn -0.000000 1.000000 0.000000
vn -0.000000 1.000000 0.000000
vn 0.000000 0.000000 -1.000000
vn 0.000000 0.000000 -1.000000
vn 0.000000 0.000000 -1.000000
vn 0.000000 0.000000 -1.000000
vn 0.000000 0.000000 -1.000000
vn -0.000000 -0.000000 -1.000000
vn -0.000000 -0.000000 -1.000000
vn -0.000000 -0.000000 -1.000000
vn -0.000000 -0.000000 -1.000000
vn -0.000000 -0.000000 -1.000000
vn -0.000000 -0.000000 -1.000000
vn -0.000000 -0.000000 -1.000000
vn -0.000000 -0.000000 -1.000000
vn -0.000000 -0.000000 -1.000000
vn -0.000000 -0.000000 -1.000000
vn -0.000000 -0.000000 -1.000000
vn -0.000000 -0.000000 -1.000000
vn -0.000000 -0.000000 -1.000000
vn -0.000000 -0.000000 -1.000000
vn -0.000000 -0.000000 -1.000000
vn -0.000000 -0.000000 -1.000000
vn -0.000000 -0.000000 -1.000000
vn -0.000000 -0.000000 -1.000000
vn -0.000000 -0.000000 -1.000000
vn -0.000000 -0.000000 -1.000000
vn -0.000000 -0.000000 -1.000000
vn -0.000000 -0.000000 -1.000000
vn -0.000000 -0.000000 -1.000000
vn -0.000000 -0.000000 -1.000000
vn -0.000000 -0.000000 -1.000000
vn -0.000000 -0.000000 -1.000000
vn -0.000000 -0.000000 -1.000000
vn -0.000000 -0.000000 -1.000000
vn -0.000000 -0.000000 -1.000000
vn -0.000000 -0.000000 -1.000000
vn -0.000000 -0.000000 -1.000000
vn -0.000000 -0.000000 -1.000000
vn -0.000000 -0.000000 -1.000000
vn -0.000000 -0.000000 -1.000000
vn 0.000000 -1.000000 0.000000
vn 0.000000 -1.000000 0.000000
vn 0.000000 -1.000000 0.000000
vn 0.000000 -1.000000 0.000000
vn 0.000000 0.000000 -1.000000
vn 0.000000 0.000000 -1.000000
vn 0.000000 0.000000 -1.000000
vn 0.000000 0.000000 -1.000000
vn -0.965926 -0.258819 0.000000
vn -0.965926 -0.258819 0.000000
vn -1.000000 -0.000000 0.000000
vn -1.000000 -0.000000 0.000000
vn -0.965926 0.258819 0.000000
vn -0.965926 0.258819 0.000000
vn -0.866025 0.500000 0.000000
vn -0.866025 0.500000 0.000000
vn -0.707107 0.707107 0.000000
vn -0.707107 0.707107 0.000000
vn -0.500000 0.866025 0.000000
vn -0.500000 0.866025 0.000000
vn -0.258819 0.965926 0.000000
vn -0.258819 0.965926 0.000000
vn 0.000000 1.000000 -0.000000
vn 0.000000 1.000000 -0.000000
vn 0.258819 0.965926 -0.000000
vn 0.258819 0.965926 -0.000000
vn 0.500000 0.866025 -0.000000
vn 0.500000 0.866025 -0.000000
vn 0.707107 0.707107 -0.000000
vn 0.707107 0.707107 -0.000000
vn 0.866025 0.500000 -0.000000
vn 0.866025 0.500000 -0.000000
vn 0.965926 0.258819 -0.000000
vn 0.965926 0.258819 -0.000000
vn 1.000000 0.000000 -0.000000
vn 1.000000 0.000000 -0.000000
vn 0.965926 -0.258819 0.000000
vn 0.965926 -0.258819 0.000000
vn 0.866025 -0.500000 0.000000
vn 0.866025 -0.500000 0.000000
vn 0.707107 -0.707107 0.000000
vn 0.707107 -0.707107 0.000000
vn 0.500000 -0.866025 0.000000
vn 0.500000 -0.866025 0.000000
vn 0.258819 -0.965926 0.000000
vn 0.258819 -0.965926 0.000000
vn 0.000000 -1.000000 0.000000
vn 0.000000 -1.000000 0.000000
vn -0.258819 -0.965926 0.000000
vn -0.258819 -0.965926 0.000000
vn -0.500000 -0.866025 0.000000
vn -0.500000 -0.866025 0.000000
vn -0.707107 -0.707107 0.000000
vn -0.707107 -0.707107 0.000000
vn -0.866025 -0.500000 0.000000
vn -0.866025 -0.500000 0.000000
vn 1.000000 0.000000 -0.000000
vn 1.000000 0.000000 -0.000000
vn 1.000000 0.000000 -0.000000
vn 1.000000 0.000000 -0.000000
vn 0.007826 0.999969 -0.000000
vn 0.007826 0.999969 -0.000000
vn 0.007826 0.999969 -0.000000
vn 0.007826 0.999969 -0.000000
vn 0.007826 0.999969 -0.000000
vn 0.007826 0.999969 -0.000000
vn 1.000000 0.000000 -0.000000
vn 1.000000 0.000000 -0.000000
vn 1.000000 0.000000 -0.000000
vn 1.000000 0.000000 -0.000000
vn 0.000000 -1.000000 0.000000
vn 0.000000 -1.000000 0.000000
vn 0.000000 -1.000000 0.000000
vn 0.000000 -1.000000 0.000000
vn 0.000000 -1.000000 0.000000
vn 0.000000 -1.000000 0.000000
vn -0.747409 -0.664364 0.000000
vn -0.747409 -0.664364 0.000000
vn -0.747409 -0.664364 0.000000
vn -0.747409 -0.664364 0.000000
vn -1.000000 0.000000 0.000000
vn -1.000000 0.000000 0.000000
vn -1.000000 0.000000 0.000000
vn -1.000000 0.000000 0.000000
vn -1.000000 0.000000 0.000000
vn -1.000000 0.000000 0.000000
vn 0.000000 1.000000 0.000000
vn 0.000000 1.000000 0.000000
vn 0.000000 1.000000 0.000000
vn 0.000000 1.000000 0.000000
vn 1.000000 0.000000 -0.000000
vn 1.000000 0.000000 -0.000000
vn 1.000000 0.000000 -0.000000
vn 1.000000 0.000000 -0.000000
vn 1.000000 0.000000 -0.000000
vn 1.000000 0.000000 -0.000000
vn 0.000000 1.000000 -0.000000
vn 0.000000 1.000000 -0.000000
vn 0.000000 1.000000 -0.000000
vn 0.000000 1.000000 -0.000000
vn 0.000000 0.000000 1.000000
vn 0.000000 0.000000 1.000000
vn 0.000000 0.000000 1.000000
vn 0.000000 0.000000 1.000000
vn 0.000000 0.000000 1.000000
vn 0.000000 0.000000 1.000000
vn 0.000000 0.000000 1.000000
vn 0.000000 0.000000 1.000000
vn 0.000000 0.000000 1.000000
vn 0.000000 0.000000 1.000000
vn 0.000000 0.000000 1.000000
vn 0.000000 0.000000 1.000000
vn 0.000000 0.000000 1.000000
vn 0.000000 0.000000 1.000000
vn 0.000000 0.000000 1.000000
vn 0.000000 0.000000 1.000000
vn 0.000000 0.000000 1.000000
vn 0.000000 0.000000 1.000000
vn 0.000000 0.000000 1.000000
vn 0.000000 0.000000 1.000000
vn 0.000000 0.000000 1.000000
vn 0.000000 0.000000 1.000000
vn 0.000000 0.000000 1.000000
vn 0.000000 0.000000 1.000000
vn 0.000000 0.000000 1.000000
vn 0.000000 0.000000 1.000000
vn 0.000000 0.000000 1.000000
vn 0.000000 0.000000 1.000000
vn 0.000000 0.000000 1.000000
vn 0.000000 0.000000 1.000000
vn 0.000000 0.000000 1.000000
vn 0.000000 0.000000 1.000000
vn 0.000000 0.000000 1.000000
f 259/545/535 260/546/536 262/547/537
f 262/547/537 260/546/536 261/548/538
f 260/549/539 263/550/540 261/551/541
f 261/551/541 263/550/540 264/552/542
f 261/553/543 264/554/544 262/555/545
f 262/555/545 264/554/544 266/556/546
f 266/556/546 264/554/544 265/557/547
f 290/558/548 267/559/549 297/560/550
f 297/560/550 267/559/549 268/561/551
f 297/560/550 268/561/551 269/562/552
f 297/560/550 269/562/552 296/563/553
f 296/563/553 269/562/552 270/564/554
f 296/563/553 270/564/554 271/565/555
f 271/565/555 272/566/556 296/563/553
f 296/563/553 272/566/556 273/567/557
f 296/563/553 273/567/557 295/568/558
f 295/568/558 273/567/557 274/569/559
f 295/568/558 274/569/559 275/570/560
f 275/570/560 276/571/561 295/568/558
f 295/568/558 276/571/561 277/572/562
f 295/568/558 277/572/562 278/573/563
f 295/568/558 278/573/563 292/574/564
f 292/574/564 278/573/563 279/575/565
f 292/574/564 279/575/565 280/576/566
f 280/576/566 281/577/567 292/574/564
f 292/574/564 281/577/567 291/578/568
f 291/578/568 281/577/567 282/579/569
f 291/578/568 282/579/569 283/580/570
f 283/580/570 284/581/571 291/578/568
f 291/578/568 284/581/571 285/582/572
f 291/578/568 285/582/572 286/583/573
f 286/583/573 287/584/574 291/578/568
f 291/578/568 287/584/574 259/585/575
f 259/585/575 287/584/574 288/586/576
f 259/585/575 288/586/576 297/560/550
f 297/560/550 288/586/576 289/587/577
f 297/560/550 289/587/577 290/558/548
f 263/588/578 260/589/579 297/560/550
f 297/560/550 260/589/579 259/585/575
f 293/590/580 294/591/581 292/574/564
f 292/574/564 294/591/581 295/568/558
f 294/592/582 293/593/583 299/594/584
f 299/594/584 293/593/583 298/595/585
f 299/596/586 298/597/587 300/598/588
f 300/598/588 298/597/587 301/599/589
f 303/600/590 268/601/591 302/602/592
f 302/602/592 268/601/591 267/603/593
f 302/604/592 267/605/593 325/606/594
f 325/606/594 267/605/593 290/607/595
f 325/606/594 290/607/595 324/608/596
f 324/608/596 290/607/595 289/609/597
f 324/608/596 289/609/597 323/610/598
f 323/610/598 289/609/597 288/611/599
f 323/610/598 288/611/599 322/612/600
f 322/612/600 288/611/599 287/613/601
f 322/612/600 287/613/601 321/614/602
f 321/614/602 287/613/601 286/615/603
f 321/614/602 286/615/603 320/616/604
f 320/616/604 286/615/603 285/617/605
f 320/616/604 285/617/605 319/618/606
f 319/618/606 285/617/605 284/619/607
f 319/618/606 284/619/607 318/620/608
f 318/620/608 284/619/607 283/621/609
f 318/620/608 283/621/609 317/622/610
f 317/622/610 283/621/609 282/623/611
f 317/622/610 282/623/611 316/624/612
f 316/624/612 282/623/611 281/625/613
f 316/624/612 281/625/613 315/626/614
f 315/626/614 281/625/613 280/627/615
f 315/626/614 280/627/615 314/628/616
f 314/628/616 280/627/615 279/629/617
f 314/628/616 279/629/617 313/630/618
f 313/630/618 279/629/617 278/631/619
f 313/630/618 278/631/619 312/632/620
f 312/632/620 278/631/619 277/633/621
f 312/632/620 277/633/621 311/634/622
f 311/634/622 277/633/621 276/635/623
f 311/634/622 276/635/623 310/636/624
f 310/636/624 276/635/623 275/637/625
f 310/636/624 275/637/625 309/638/626
f 309/638/626 275/637/625 274/639/627
f 309/638/626 274/639/627 308/640/628
f 308/640/628 274/639/627 273/641/629
f 308/640/628 273/641/629 307/642/630
f 307/642/630 273/641/629 272/643/631
f 307/642/630 272/643/631 306/644/632
f 306/644/632 272/643/631 271/645/633
f 306/644/632 271/645/633 305/646/634
f 305/646/634 271/645/633 270/647/635
f 305/646/634 270/647/635 304/648/636
f 304/648/636 270/647/635 269/649/637
f 304/648/636 269/649/637 303/600/590
f 303/600/590 269/649/637 268/601/591
f 297/650/638 296/651/639 327/652/640
f 327/652/640 296/651/639 326/653/641
f 297/654/642 327/655/643 263/656/644
f 263/656/644 327/655/643 328/657/645
f 263/656/644 328/657/645 265/658/646
f 265/658/646 264/659/647 263/656/644
f 328/660/648 329/661/649 265/662/650
f 265/662/650 329/661/649 266/663/651
f 262/664/652 266/665/653 259/666/654
f 259/666/654 266/665/653 329/667/655
f 259/666/654 329/667/655 330/668/656
f 330/668/656 291/669/657 259/666/654
f 292/670/658 291/671/659 331/672/660
f 331/672/660 291/671/659 330/673/661
f 292/674/662 331/675/663 293/676/664
f 293/676/664 331/675/663 332/677/665
f 293/676/664 332/677/665 301/678/666
f 301/678/666 298/679/667 293/676/664
f 332/680/668 333/681/669 301/682/670
f 301/682/670 333/681/669 300/683/671
f 299/684/672 300/685/673 294/686/674
f 294/686/674 300/685/673 333/687/675
f 294/686/674 333/687/675 334/688/676
f 334/688/676 295/689/677 294/686/674
f 296/690/678 295/691/679 326/692/680
f 326/692/680 295/691/679 334/693/681
f 303/694/682 302/695/683 327/696/684
f 327/696/684 302/695/683 325/697/685
f 327/696/684 325/697/685 324/698/686
f 324/698/686 323/699/687 327/696/684
f 327/696/684 323/699/687 322/700/688
f 327/696/684 322/700/688 330/701/689
f 330/701/689 322/700/688 321/702/690
f 330/701/689 321/702/690 320/703/691
f 320/703/691 319/704/692 330/701/689
f 330/701/689 319/704/692 318/705/693
f 330/701/689 318/705/693 317/706/694
f 317/706/694 316/707/695 330/701/689
f 330/701/689 316/707/695 331/708/696
f 331/708/696 316/707/695 315/709/697
f 331/708/696 315/709/697 314/710/698
f 314/710/698 313/711/699 331/708/696
f 331/708/696 313/711/699 334/712/700
f 331/708/696 334/712/700 332/713/701
f 332/713/701 334/712/700 333/714/702
f 313/711/699 312/715/703 334/712/700
f 334/712/700 312/715/703 311/716/704
f 334/712/700 311/716/704 310/717/705
f 310/717/705 309/718/706 334/712/700
f 334/712/700 309/718/706 308/719/707
f 334/712/700 308/719/707 326/720/708
f 326/720/708 308/719/707 307/721/709
f 326/720/708 307/721/709 306/722/710
f 306/722/710 305/723/711 326/720/708
f 326/720/708 305/723/711 304/724/712
f 326/720/708 304/724/712 327/696/684
f 327/696/684 304/724/712 303/694/682
f 330/701/689 329/725/713 327/696/684
f 327/696/684 329/725/713 328/726/714
g Befestigung oben

v 7.500000 -11.150000 -0.340000
v 8.000000 -11.150000 -0.340000
v 8.000000 -11.150000 -0.465000
v 7.500000 -11.150000 -0.465000
v 7.500000 -11.700000 -0.465000
v 8.000000 -11.700000 -0.465000
v 8.487761 -10.632882 -0.340000
v 8.482479 -10.592765 -0.340000
v 8.466994 -10.555382 -0.340000
v 8.442362 -10.523281 -0.340000
v 8.410261 -10.498648 -0.340000
v 8.372877 -10.483164 -0.340000
v 8.332761 -10.477882 -0.340000
v 8.292644 -10.483164 -0.340000
v 8.255261 -10.498648 -0.340000
v 8.223159 -10.523281 -0.340000
v 8.198527 -10.555382 -0.340000
v 8.183042 -10.592765 -0.340000
v 8.177761 -10.632882 -0.340000
v 8.183042 -10.672999 -0.340000
v 8.198527 -10.710382 -0.340000
v 8.223159 -10.742484 -0.340000
v 8.255261 -10.767116 -0.340000
v 8.292644 -10.782601 -0.340000
v 8.332761 -10.787882 -0.340000
v 8.372877 -10.782601 -0.340000
v 8.410261 -10.767116 -0.340000
v 8.442362 -10.742484 -0.340000
v 8.466994 -10.710382 -0.340000
v 8.482479 -10.672999 -0.340000
v 7.500000 -11.000000 -0.340000
v 8.300000 -10.100000 -0.340000
v 8.872893 -10.100000 -0.340000
v 8.872893 -10.594163 -0.340000
v 9.445785 -10.594163 -0.340000
v 8.700000 -10.600000 -0.340000
v 8.700000 -11.000000 -0.340000
v 8.000000 -11.000000 -0.340000
v 8.872893 -10.100000 -0.465000
v 8.872893 -10.594163 -0.465000
v 9.445785 -10.594163 -0.465000
v 9.445785 -10.100000 -0.465000
v 8.487761 -10.632882 -0.140000
v 8.482479 -10.592765 -0.140000
v 8.466994 -10.555382 -0.140000
v 8.442362 -10.523281 -0.140000
v 8.410261 -10.498648 -0.140000
v 8.372877 -10.483164 -0.140000
v 8.332761 -10.477882 -0.140000
v 8.292644 -10.483164 -0.140000
v 8.255261 -10.498648 -0.140000
v 8.223159 -10.523281 -0.140000
v 8.198527 -10.555382 -0.140000
v 8.183042 -10.592765 -0.140000
v 8.177761 -10.632882 -0.140000
v 8.183042 -10.672999 -0.140000
v 8.198527 -10.710382 -0.140000
v 8.223159 -10.742484 -0.140000
v 8.255261 -10.767116 -0.140000
v 8.292644 -10.782601 -0.140000
v 8.332761 -10.787882 -0.140000
v 8.372877 -10.782601 -0.140000
v 8.410261 -10.767116 -0.140000
v 8.442362 -10.742484 -0.140000
v 8.466994 -10.710382 -0.140000
v 8.482479 -10.672999 -0.140000
v 8.700000 -10.600000 -0.140000
v 8.700000 -11.000000 -0.140000
v 8.000000 -11.000000 -0.140000
v 8.000000 -11.700000 -0.140000
v 7.500000 -11.700000 -0.140000
v 7.500000 -11.000000 -0.140000
v 8.300000 -10.100000 -0.140000
v 9.445785 -10.100000 -0.140000
v 9.445785 -10.594163 -0.140000
vt 0.000000 0.000000 0.000000
vt 0.500000 0.000000 0.000000
vt 0.000000 0.125000 0.000000
vt 0.500000 0.125000 0.000000
vt 0.250000 0.275000 0.000000
vt -0.250000 0.275000 0.000000
vt 0.250000 -0.275000 0.000000
vt -0.250000 -0.275000 0.000000
vt 0.009587 -0.227001 0.000000
vt 0.014868 -0.267118 0.000000
vt 0.227108 -0.300000 0.000000
vt 0.009587 -0.307235 0.000000
vt -0.005898 -0.344618 0.000000
vt -0.030530 -0.376719 0.000000
vt -0.062632 -0.401352 0.000000
vt 0.400000 -0.305837 0.000000
vt 0.400000 -0.800000 0.000000
vt -0.100015 -0.416836 0.000000
vt -0.172892 -0.800000 0.000000
vt -0.140132 -0.422118 0.000000
vt -0.180249 -0.416836 0.000000
vt -0.217632 -0.401352 0.000000
vt -0.249734 -0.376719 0.000000
vt -0.274366 -0.344618 0.000000
vt -0.972892 0.100000 0.000000
vt -0.289850 -0.307235 0.000000
vt -0.295132 -0.267118 0.000000
vt -0.289850 -0.227001 0.000000
vt -0.274366 -0.189618 0.000000
vt -0.472892 0.100000 0.000000
vt -0.249734 -0.157516 0.000000
vt -0.217632 -0.132884 0.000000
vt -0.180249 -0.117399 0.000000
vt -0.140132 -0.112118 0.000000
vt 0.227108 0.100000 0.000000
vt -0.100015 -0.117399 0.000000
vt -0.062632 -0.132884 0.000000
vt -0.030530 -0.157516 0.000000
vt -0.005898 -0.189618 0.000000
vt -0.472892 0.250000 0.000000
vt -0.972892 0.250000 0.000000
vt 0.972892 -0.305837 0.000000
vt 0.000000 0.000000 0.000000
vt 0.494163 0.000000 0.000000
vt 0.000000 0.125000 0.000000
vt 0.494163 0.125000 0.000000
vt 0.000000 0.000000 0.000000
vt 0.572892 0.000000 0.000000
vt 0.000000 0.125000 0.000000
vt 0.572892 0.125000 0.000000
vt 0.286446 0.247082 0.000000
vt -0.286446 0.247082 0.000000
vt 0.286446 -0.247082 0.000000
vt -0.286446 -0.247082 0.000000
vt 0.200000 -0.446368 0.000000
vt 0.000000 -0.446368 0.000000
vt 0.200000 -0.486947 0.000000
vt 0.000000 -0.486947 0.000000
vt 0.200000 0.486947 0.000000
vt 0.000000 0.486947 0.000000
vt 0.200000 0.446368 0.000000
vt 0.000000 0.446368 0.000000
vt 0.200000 0.405789 0.000000
vt -0.000000 0.405789 0.000000
vt 0.200000 0.365210 0.000000
vt -0.000000 0.365210 0.000000
vt 0.200000 0.324631 0.000000
vt -0.000000 0.324631 0.000000
vt 0.200000 0.284052 0.000000
vt 0.000000 0.284052 0.000000
vt 0.200000 0.243473 0.000000
vt 0.000000 0.243473 0.000000
vt 0.200000 0.202895 0.000000
vt 0.000000 0.202895 0.000000
vt 0.200000 0.162316 0.000000
vt -0.000000 0.162316 0.000000
vt 0.200000 0.121737 0.000000
vt -0.000000 0.121737 0.000000
vt 0.200000 0.081158 0.000000
vt -0.000000 0.081158 0.000000
vt 0.200000 0.040579 0.000000
vt 0.000000 0.040579 0.000000
vt 0.200000 0.000000 0.000000
vt 0.000000 0.000000 0.000000
vt 0.200000 -0.040579 0.000000
vt 0.000000 -0.040579 0.000000
vt 0.200000 -0.081158 0.000000
vt -0.000000 -0.081158 0.000000
vt 0.200000 -0.121737 0.000000
vt -0.000000 -0.121737 0.000000
vt 0.200000 -0.162316 0.000000
vt -0.000000 -0.162316 0.000000
vt 0.200000 -0.202895 0.000000
vt 0.000000 -0.202895 0.000000
vt 0.200000 -0.243473 0.000000
vt 0.000000 -0.243473 0.000000
vt 0.200000 -0.284052 0.000000
vt 0.000000 -0.284052 0.000000
vt 0.200000 -0.324631 0.000000
vt -0.000000 -0.324631 0.000000
vt 0.200000 -0.365210 0.000000
vt -0.000000 -0.365210 0.000000
vt 0.200000 -0.405789 0.000000
vt -0.000000 -0.405789 0.000000
vt 0.000000 0.000000 0.000000
vt 0.400000 0.000000 0.000000
vt 0.000000 0.200000 0.000000
vt 0.400000 0.200000 0.000000
vt 0.000000 0.000000 0.000000
vt 0.700000 0.000000 0.000000
vt 0.000000 0.200000 0.000000
vt 0.700000 0.200000 0.000000
vt 0.700000 0.000000 0.000000
vt 0.700000 0.200000 0.000000
vt 0.550000 0.000000 0.000000
vt 0.000000 0.200000 0.000000
vt 0.000000 -0.125000 0.000000
vt 0.550000 -0.125000 0.000000
vt 0.500000 0.200000 0.000000
vt 0.000000 0.200000 0.000000
vt 0.500000 -0.125000 0.000000
vt 0.000000 -0.125000 0.000000
vt 0.000000 0.000000 0.000000
vt 0.150000 0.000000 0.000000
vt 0.000000 0.200000 0.000000
vt 0.700000 0.200000 0.000000
vt 0.700000 -0.125000 0.000000
vt 0.150000 -0.125000 0.000000
vt 0.000000 0.000000 0.000000
vt 1.204159 0.000000 0.000000
vt 0.000000 0.200000 0.000000
vt 1.204159 0.200000 0.000000
vt 1.145785 0.000000 0.000000
vt 1.145785 0.200000 0.000000
vt 0.572892 0.000000 0.000000
vt 0.000000 0.200000 0.000000
vt 0.000000 -0.125000 0.000000
vt 0.572892 -0.125000 0.000000
vt 0.000000 -0.125000 0.000000
vt 0.494163 -0.125000 0.000000
vt 0.000000 0.000000 0.000000
vt 0.494163 0.200000 0.000000
vt 0.000000 0.200000 0.000000
vt 0.000000 0.000000 0.000000
vt 0.745808 0.000000 0.000000
vt 0.000000 0.200000 0.000000
vt 0.745808 0.200000 0.000000
vt -0.009587 -0.307235 0.000000
vt -0.014868 -0.267118 0.000000
vt -0.227108 -0.300000 0.000000
vt -0.009587 -0.227001 0.000000
vt 0.005898 -0.189618 0.000000
vt -0.227108 0.100000 0.000000
vt 0.030530 -0.157516 0.000000
vt 0.062632 -0.132884 0.000000
vt 0.100015 -0.117399 0.000000
vt 0.140132 -0.112118 0.000000
vt 0.472892 0.100000 0.000000
vt 0.180249 -0.117399 0.000000
vt 0.217632 -0.132884 0.000000
vt 0.249734 -0.157516 0.000000
vt 0.274366 -0.189618 0.000000
vt 0.289850 -0.227001 0.000000
vt 0.972892 0.100000 0.000000
vt 0.295132 -0.267118 0.000000
vt 0.289850 -0.307235 0.000000
vt 0.274366 -0.344618 0.000000
vt 0.172892 -0.800000 0.000000
vt 0.249734 -0.376719 0.000000
vt 0.217632 -0.401352 0.000000
vt 0.180249 -0.416836 0.000000
vt 0.140132 -0.422118 0.000000
vt 0.100015 -0.416836 0.000000
vt 0.062632 -0.401352 0.000000
vt -0.972892 -0.800000 0.000000
vt -0.972892 -0.305837 0.000000
vt 0.030530 -0.376719 0.000000
vt 0.005898 -0.344618 0.000000
vt 0.972892 0.800000 0.000000
vt 0.472892 0.800000 0.000000
vn 0.000000 1.000000 0.000000
vn 0.000000 1.000000 0.000000
vn 0.000000 1.000000 0.000000
vn 0.000000 1.000000 0.000000
vn 0.000000 0.000000 -1.000000
vn 0.000000 0.000000 -1.000000
vn 0.000000 0.000000 -1.000000
vn 0.000000 0.000000 -1.000000
vn -0.000000 -0.000000 -1.000000
vn -0.000000 -0.000000 -1.000000
vn -0.000000 -0.000000 -1.000000
vn -0.000000 -0.000000 -1.000000
vn -0.000000 -0.000000 -1.000000
vn -0.000000 -0.000000 -1.000000
vn -0.000000 -0.000000 -1.000000
vn -0.000000 -0.000000 -1.000000
vn -0.000000 -0.000000 -1.000000
vn -0.000000 -0.000000 -1.000000
vn -0.000000 -0.000000 -1.000000
vn -0.000000 -0.000000 -1.000000
vn -0.000000 -0.000000 -1.000000
vn -0.000000 -0.000000 -1.000000
vn -0.000000 -0.000000 -1.000000
vn -0.000000 -0.000000 -1.000000
vn -0.000000 -0.000000 -1.000000
vn -0.000000 -0.000000 -1.000000
vn -0.000000 -0.000000 -1.000000
vn -0.000000 -0.000000 -1.000000
vn -0.000000 -0.000000 -1.000000
vn -0.000000 -0.000000 -1.000000
vn -0.000000 -0.000000 -1.000000
vn -0.000000 -0.000000 -1.000000
vn -0.000000 -0.000000 -1.000000
vn -0.000000 -0.000000 -1.000000
vn -0.000000 -0.000000 -1.000000
vn -0.000000 -0.000000 -1.000000
vn -0.000000 -0.000000 -1.000000
vn -0.000000 -0.000000 -1.000000
vn -0.000000 -0.000000 -1.000000
vn -0.000000 -0.000000 -1.000000
vn -0.000000 -0.000000 -1.000000
vn -0.000000 -0.000000 -1.000000
vn -1.000000 0.000000 0.000000
vn -1.000000 0.000000 0.000000
vn -1.000000 0.000000 0.000000
vn -1.000000 0.000000 0.000000
vn -0.000000 -1.000000 -0.000000
vn -0.000000 -1.000000 -0.000000
vn -0.000000 -1.000000 -0.000000
vn -0.000000 -1.000000 -0.000000
vn 0.000000 0.000000 -1.000000
vn 0.000000 0.000000 -1.000000
vn 0.000000 0.000000 -1.000000
vn 0.000000 0.000000 -1.000000
vn -0.965926 -0.258819 0.000000
vn -0.965926 -0.258819 0.000000
vn -1.000000 -0.000000 0.000000
vn -1.000000 -0.000000 0.000000
vn -0.965926 0.258819 0.000000
vn -0.965926 0.258819 0.000000
vn -0.866025 0.500000 0.000000
vn -0.866025 0.500000 0.000000
vn -0.707107 0.707107 0.000000
vn -0.707107 0.707107 0.000000
vn -0.500000 0.866025 0.000000
vn -0.500000 0.866025 0.000000
vn -0.258819 0.965926 0.000000
vn -0.258819 0.965926 0.000000
vn 0.000000 1.000000 -0.000000
vn 0.000000 1.000000 -0.000000
vn 0.258819 0.965926 -0.000000
vn 0.258819 0.965926 -0.000000
vn 0.500000 0.866025 -0.000000
vn 0.500000 0.866025 -0.000000
vn 0.707107 0.707107 -0.000000
vn 0.707107 0.707107 -0.000000
vn 0.866025 0.500000 -0.000000
vn 0.866025 0.500000 -0.000000
vn 0.965926 0.258819 -0.000000
vn 0.965926 0.258819 -0.000000
vn 1.000000 0.000000 -0.000000
vn 1.000000 0.000000 -0.000000
vn 0.965926 -0.258819 0.000000
vn 0.965926 -0.258819 0.000000
vn 0.866025 -0.500000 0.000000
vn 0.866025 -0.500000 0.000000
vn 0.707107 -0.707107 0.000000
vn 0.707107 -0.707107 0.000000
vn 0.500000 -0.866025 0.000000
vn 0.500000 -0.866025 0.000000
vn 0.258819 -0.965926 0.000000
vn 0.258819 -0.965926 0.000000
vn 0.000000 -1.000000 0.000000
vn 0.000000 -1.000000 0.000000
vn -0.258819 -0.965926 0.000000
vn -0.258819 -0.965926 0.000000
vn -0.500000 -0.866025 0.000000
vn -0.500000 -0.866025 0.000000
vn -0.707107 -0.707107 0.000000
vn -0.707107 -0.707107 0.000000
vn -0.866025 -0.500000 0.000000
vn -0.866025 -0.500000 0.000000
vn 1.000000 0.000000 0.000000
vn 1.000000 0.000000 0.000000
vn 1.000000 0.000000 0.000000
vn 1.000000 0.000000 0.000000
vn 0.000000 -1.000000 0.000000
vn 0.000000 -1.000000 0.000000
vn 0.000000 -1.000000 0.000000
vn 0.000000 -1.000000 0.000000
vn 1.000000 0.000000 0.000000
vn 1.000000 0.000000 0.000000
vn 1.000000 0.000000 0.000000
vn 1.000000 0.000000 0.000000
vn 1.000000 0.000000 0.000000
vn 1.000000 0.000000 0.000000
vn 0.000000 -1.000000 0.000000
vn 0.000000 -1.000000 0.000000
vn 0.000000 -1.000000 0.000000
vn 0.000000 -1.000000 0.000000
vn -1.000000 0.000000 0.000000
vn -1.000000 0.000000 0.000000
vn -1.000000 0.000000 0.000000
vn -1.000000 0.000000 0.000000
vn -1.000000 0.000000 0.000000
vn -1.000000 0.000000 0.000000
vn -0.747409 0.664364 0.000000
vn -0.747409 0.664364 0.000000
vn -0.747409 0.664364 0.000000
vn -0.747409 0.664364 0.000000
vn 0.000000 1.000000 -0.000000
vn 0.000000 1.000000 -0.000000
vn 0.000000 1.000000 -0.000000
vn 0.000000 1.000000 -0.000000
vn 0.000000 1.000000 -0.000000
vn 0.000000 1.000000 -0.000000
vn 1.000000 0.000000 0.000000
vn 1.000000 0.000000 0.000000
vn 1.000000 0.000000 0.000000
vn 1.000000 0.000000 0.000000
vn 1.000000 0.000000 0.000000
vn 0.007826 -0.999969 0.000000
vn 0.007826 -0.999969 0.000000
vn 0.007826 -0.999969 0.000000
vn 0.007826 -0.999969 0.000000
vn 0.000000 0.000000 1.000000
vn 0.000000 0.000000 1.000000
vn 0.000000 0.000000 1.000000
vn 0.000000 0.000000 1.000000
vn 0.000000 0.000000 1.000000
vn 0.000000 0.000000 1.000000
vn 0.000000 0.000000 1.000000
vn 0.000000 0.000000 1.000000
vn 0.000000 0.000000 1.000000
vn 0.000000 0.000000 1.000000
vn 0.000000 0.000000 1.000000
vn 0.000000 0.000000 1.000000
vn 0.000000 0.000000 1.000000
vn 0.000000 0.000000 1.000000
vn 0.000000 0.000000 1.000000
vn 0.000000 0.000000 1.000000
vn 0.000000 0.000000 1.000000
vn 0.000000 0.000000 1.000000
vn 0.000000 0.000000 1.000000
vn 0.000000 0.000000 1.000000
vn 0.000000 0.000000 1.000000
vn 0.000000 0.000000 1.000000
vn 0.000000 0.000000 1.000000
vn 0.000000 0.000000 1.000000
vn 0.000000 0.000000 1.000000
vn 0.000000 0.000000 1.000000
vn 0.000000 0.000000 1.000000
vn 0.000000 0.000000 1.000000
vn 0.000000 0.000000 1.000000
vn 0.000000 0.000000 1.000000
vn 0.000000 0.000000 1.000000
vn 0.000000 0.000000 1.000000
vn 0.000000 0.000000 1.000000
f 335/727/715 336/728/716 338/729/717
f 338/729/717 336/728/716 337/730/718
f 338/731/719 337/732/720 339/733/721
f 339/733/721 337/732/720 340/734/722
f 364/735/723 341/736/724 370/737/725
f 370/737/725 341/736/724 342/738/726
f 370/737/725 342/738/726 343/739/727
f 343/739/727 344/740/728 370/737/725
f 370/737/725 344/740/728 345/741/729
f 370/737/725 345/741/729 368/742/730
f 368/742/730 345/741/729 367/743/731
f 367/743/731 345/741/729 346/744/732
f 367/743/731 346/744/732 366/745/733
f 366/745/733 346/744/732 347/746/734
f 366/745/733 347/746/734 348/747/735
f 348/747/735 349/748/736 366/745/733
f 366/745/733 349/748/736 350/749/737
f 366/745/733 350/749/737 351/750/738
f 366/745/733 351/750/738 365/751/739
f 365/751/739 351/750/738 352/752/740
f 365/751/739 352/752/740 353/753/741
f 353/753/741 354/754/742 365/751/739
f 365/751/739 354/754/742 355/755/743
f 365/751/739 355/755/743 372/756/744
f 372/756/744 355/755/743 356/757/745
f 372/756/744 356/757/745 357/758/746
f 357/758/746 358/759/747 372/756/744
f 372/756/744 358/759/747 359/760/748
f 372/756/744 359/760/748 371/761/749
f 371/761/749 359/760/748 360/762/750
f 371/761/749 360/762/750 361/763/751
f 361/763/751 362/764/752 371/761/749
f 371/761/749 362/764/752 363/765/753
f 371/761/749 363/765/753 370/737/725
f 370/737/725 363/765/753 364/735/723
f 336/766/754 335/767/755 372/756/744
f 372/756/744 335/767/755 365/751/739
f 368/742/730 369/768/756 370/737/725
f 368/769/757 367/770/758 374/771/759
f 374/771/759 367/770/758 373/772/760
f 369/773/761 368/774/762 375/775/763
f 375/775/763 368/774/762 374/776/764
f 373/777/765 376/778/766 374/779/767
f 374/779/767 376/778/766 375/780/768
f 378/781/769 342/782/770 377/783/771
f 377/783/771 342/782/770 341/784/772
f 377/785/771 341/786/772 400/787/773
f 400/787/773 341/786/772 364/788/774
f 400/787/773 364/788/774 399/789/775
f 399/789/775 364/788/774 363/790/776
f 399/789/775 363/790/776 398/791/777
f 398/791/777 363/790/776 362/792/778
f 398/791/777 362/792/778 397/793/779
f 397/793/779 362/792/778 361/794/780
f 397/793/779 361/794/780 396/795/781
f 396/795/781 361/794/780 360/796/782
f 396/795/781 360/796/782 395/797/783
f 395/797/783 360/796/782 359/798/784
f 395/797/783 359/798/784 394/799/785
f 394/799/785 359/798/784 358/800/786
f 394/799/785 358/800/786 393/801/787
f 393/801/787 358/800/786 357/802/788
f 393/801/787 357/802/788 392/803/789
f 392/803/789 357/802/788 356/804/790
f 392/803/789 356/804/790 391/805/791
f 391/805/791 356/804/790 355/806/792
f 391/805/791 355/806/792 390/807/793
f 390/807/793 355/806/792 354/808/794
f 390/807/793 354/808/794 389/809/795
f 389/809/795 354/808/794 353/810/796
f 389/809/795 353/810/796 388/811/797
f 388/811/797 353/810/796 352/812/798
f 388/811/797 352/812/798 387/813/799
f 387/813/799 352/812/798 351/814/800
f 387/813/799 351/814/800 386/815/801
f 386/815/801 351/814/800 350/816/802
f 386/815/801 350/816/802 385/817/803
f 385/817/803 350/816/802 349/818/804
f 385/817/803 349/818/804 384/819/805
f 384/819/805 349/818/804 348/820/806
f 384/819/805 348/820/806 383/821/807
f 383/821/807 348/820/806 347/822/808
f 383/821/807 347/822/808 382/823/809
f 382/823/809 347/822/808 346/824/810
f 382/823/809 346/824/810 381/825/811
f 381/825/811 346/824/810 345/826/812
f 381/825/811 345/826/812 380/827/813
f 380/827/813 345/826/812 344/828/814
f 380/827/813 344/828/814 379/829/815
f 379/829/815 344/828/814 343/830/816
f 379/829/815 343/830/816 378/781/769
f 378/781/769 343/830/816 342/782/770
f 371/831/817 370/832/818 402/833/819
f 402/833/819 370/832/818 401/834/820
f 372/835/821 371/836/822 403/837/823
f 403/837/823 371/836/822 402/838/824
f 372/839/825 403/840/826 336/841/827
f 336/841/827 403/840/826 404/842/828
f 336/841/827 404/842/828 340/843/829
f 340/843/829 337/844/830 336/841/827
f 404/845/831 405/846/832 340/847/833
f 340/847/833 405/846/832 339/848/834
f 365/849/835 335/850/836 406/851/837
f 406/851/837 335/850/836 405/852/838
f 405/852/838 335/850/836 339/853/839
f 339/853/839 335/850/836 338/854/840
f 366/855/841 365/856/842 407/857/843
f 407/857/843 365/856/842 406/858/844
f 366/859/845 407/860/846 367/861/847
f 367/861/847 407/860/846 408/862/848
f 367/861/847 408/862/848 376/863/849
f 376/863/849 373/864/850 367/861/847
f 375/865/851 376/866/852 369/867/853
f 369/867/853 376/866/852 408/868/854
f 369/867/853 408/868/854 409/869/855
f 370/870/856 369/871/857 401/872/858
f 401/872/858 369/871/857 409/873/859
f 378/874/860 377/875/861 401/876/862
f 401/876/862 377/875/861 400/877/863
f 401/876/862 400/877/863 399/878/864
f 401/876/862 399/878/864 402/879/865
f 402/879/865 399/878/864 398/880/866
f 402/879/865 398/880/866 397/881/867
f 397/881/867 396/882/868 402/879/865
f 402/879/865 396/882/868 395/883/869
f 402/879/865 395/883/869 403/884/870
f 403/884/870 395/883/869 394/885/871
f 403/884/870 394/885/871 393/886/872
f 393/886/872 392/887/873 403/884/870
f 403/884/870 392/887/873 391/888/874
f 403/884/870 391/888/874 390/889/875
f 403/884/870 390/889/875 406/890/876
f 406/890/876 390/889/875 389/891/877
f 406/890/876 389/891/877 388/892/878
f 388/892/878 387/893/879 406/890/876
f 406/890/876 387/893/879 407/894/880
f 407/894/880 387/893/879 386/895/881
f 407/894/880 386/895/881 385/896/882
f 385/896/882 384/897/883 407/894/880
f 407/894/880 384/897/883 383/898/884
f 407/894/880 383/898/884 382/899/885
f 382/899/885 381/900/886 407/894/880
f 407/894/880 381/900/886 401/876/862
f 407/894/880 401/876/862 408/901/887
f 408/901/887 401/876/862 409/902/888
f 381/900/886 380/903/889 401/876/862
f 401/876/862 380/903/889 379/904/890
f 401/876/862 379/904/890 378/874/860
f 405/905/891 404/906/892 406/890/876
f 406/890/876 404/906/892 403/884/870
g Befestigung Mitte

v 0.666681 0.663622 -0.540000
v 0.656458 0.741268 -0.540000
v 0.626488 0.813622 -0.540000
v 0.578813 0.875754 -0.540000
v 0.516681 0.923429 -0.540000
v 0.444326 0.953400 -0.540000
v 0.366681 0.963622 -0.540000
v 0.289035 0.953400 -0.540000
v 0.216681 0.923429 -0.540000
v 0.154549 0.875754 -0.540000
v 0.106873 0.813622 -0.540000
v 0.076903 0.741268 -0.540000
v 0.066681 0.663622 -0.540000
v 0.076903 0.585976 -0.540000
v 0.106873 0.513622 -0.540000
v 0.154549 0.451490 -0.540000
v 0.216681 0.403814 -0.540000
v 0.289035 0.373844 -0.540000
v 0.366681 0.363622 -0.540000
v 0.444326 0.373844 -0.540000
v 0.516681 0.403814 -0.540000
v 0.578813 0.451490 -0.540000
v 0.626488 0.513622 -0.540000
v 0.656458 0.585976 -0.540000
v 0.666681 0.663622 -0.340000
v 0.656458 0.585976 -0.340000
v 0.626488 0.513622 -0.340000
v 0.578813 0.451490 -0.340000
v 0.516681 0.403814 -0.340000
v 0.444326 0.373844 -0.340000
v 0.366681 0.363622 -0.340000
v 0.289035 0.373844 -0.340000
v 0.216681 0.403814 -0.340000
v 0.154549 0.451490 -0.340000
v 0.106873 0.513622 -0.340000
v 0.076903 0.585976 -0.340000
v 0.066681 0.663622 -0.340000
v 0.076903 0.741268 -0.340000
v 0.106873 0.813622 -0.340000
v 0.154549 0.875754 -0.340000
v 0.216681 0.923429 -0.340000
v 0.289035 0.953400 -0.340000
v 0.366681 0.963622 -0.340000
v 0.444326 0.953400 -0.340000
v 0.516681 0.923429 -0.340000
v 0.578813 0.875754 -0.340000
v 0.626488 0.813622 -0.340000
v 0.656458 0.741268 -0.340000
v 0.521681 0.663622 -0.540000
v 0.516399 0.703739 -0.540000
v 0.500915 0.741122 -0.540000
v 0.476282 0.773223 -0.540000
v 0.444181 0.797856 -0.540000
v 0.406798 0.813340 -0.540000
v 0.366681 0.818622 -0.540000
v 0.326564 0.813340 -0.540000
v 0.289181 0.797856 -0.540000
v 0.257079 0.773223 -0.540000
v 0.232447 0.741122 -0.540000
v 0.216962 0.703739 -0.540000
v 0.211681 0.663622 -0.540000
v 0.216962 0.623505 -0.540000
v 0.232447 0.586122 -0.540000
v 0.257079 0.554020 -0.540000
v 0.289181 0.529388 -0.540000
v 0.326564 0.513903 -0.540000
v 0.366681 0.508622 -0.540000
v 0.406798 0.513903 -0.540000
v 0.444181 0.529388 -0.540000
v 0.476282 0.554020 -0.540000
v 0.500915 0.586122 -0.540000
v 0.516399 0.623505 -0.540000
v 0.666681 -0.663622 -0.540000
v 0.656458 -0.585976 -0.540000
v 0.626488 -0.513622 -0.540000
v 0.578813 -0.451490 -0.540000
v 0.516681 -0.403814 -0.540000
v 0.444326 -0.373844 -0.540000
v 0.366681 -0.363622 -0.540000
v 0.289035 -0.373844 -0.540000
v 0.216681 -0.403814 -0.540000
v 0.154549 -0.451490 -0.540000
v 0.106873 -0.513622 -0.540000
v 0.076903 -0.585976 -0.540000
v 0.066681 -0.663622 -0.540000
v 0.076903 -0.741268 -0.540000
v 0.106873 -0.813622 -0.540000
v 0.154549 -0.875754 -0.540000
v 0.216681 -0.923429 -0.540000
v 0.289035 -0.953400 -0.540000
v 0.366681 -0.963622 -0.540000
v 0.444326 -0.953400 -0.540000
v 0.516681 -0.923429 -0.540000
v 0.578813 -0.875754 -0.540000
v 0.626488 -0.813622 -0.540000
v 0.656458 -0.741268 -0.540000
v 0.666681 -0.663622 -0.340000
v 0.656458 -0.741268 -0.340000
v 0.626488 -0.813622 -0.340000
v 0.578813 -0.875754 -0.340000
v 0.516681 -0.923429 -0.340000
v 0.444326 -0.953400 -0.340000
v 0.366681 -0.963622 -0.340000
v 0.289035 -0.953400 -0.340000
v 0.216681 -0.923429 -0.340000
v 0.154549 -0.875754 -0.340000
v 0.106873 -0.813622 -0.340000
v 0.076903 -0.741268 -0.340000
v 0.066681 -0.663622 -0.340000
v 0.076903 -0.585976 -0.340000
v 0.106873 -0.513622 -0.340000
v 0.154549 -0.451490 -0.340000
v 0.216681 -0.403814 -0.340000
v 0.289035 -0.373844 -0.340000
v 0.366681 -0.363622 -0.340000
v 0.444326 -0.373844 -0.340000
v 0.516681 -0.403814 -0.340000
v 0.578813 -0.451490 -0.340000
v 0.626488 -0.513622 -0.340000
v 0.656458 -0.585976 -0.340000
v 0.521681 -0.663622 -0.540000
v 0.516399 -0.623505 -0.540000
v 0.500915 -0.586122 -0.540000
v 0.476282 -0.554020 -0.540000
v 0.444181 -0.529388 -0.540000
v 0.406798 -0.513903 -0.540000
v 0.366681 -0.508622 -0.540000
v 0.326564 -0.513903 -0.540000
v 0.289181 -0.529388 -0.540000
v 0.257079 -0.554020 -0.540000
v 0.232447 -0.586122 -0.540000
v 0.216962 -0.623505 -0.540000
v 0.211681 -0.663622 -0.540000
v 0.216962 -0.703739 -0.540000
v 0.232447 -0.741122 -0.540000
v 0.257079 -0.773223 -0.540000
v 0.289181 -0.797856 -0.540000
v 0.326564 -0.813340 -0.540000
v 0.366681 -0.818622 -0.540000
v 0.406798 -0.813340 -0.540000
v 0.444181 -0.797856 -0.540000
v 0.476282 -0.773223 -0.540000
v 0.500915 -0.741122 -0.540000
v 0.516399 -0.703739 -0.540000
v 0.521681 0.663622 -0.140000
v 0.516399 0.703739 -0.140000
v 0.500915 0.741122 -0.140000
v 0.476282 0.773223 -0.140000
v 0.444181 0.797856 -0.140000
v 0.406798 0.813340 -0.140000
v 0.366681 0.818622 -0.140000
v 0.326564 0.813340 -0.140000
v 0.289181 0.797856 -0.140000
v 0.257079 0.773223 -0.140000
v 0.232447 0.741122 -0.140000
v 0.216962 0.703739 -0.140000
v 0.211681 0.663622 -0.140000
v 0.216962 0.623505 -0.140000
v 0.232447 0.586122 -0.140000
v 0.257079 0.554020 -0.140000
v 0.289181 0.529388 -0.140000
v 0.326564 0.513903 -0.140000
v 0.366681 0.508622 -0.140000
v 0.406798 0.513903 -0.140000
v 0.444181 0.529388 -0.140000
v 0.476282 0.554020 -0.140000
v 0.500915 0.586122 -0.140000
v 0.516399 0.623505 -0.140000
v 0.521681 -0.663622 -0.140000
v 0.516399 -0.623505 -0.140000
v 0.500915 -0.586122 -0.140000
v 0.476282 -0.554020 -0.140000
v 0.444181 -0.529388 -0.140000
v 0.406798 -0.513903 -0.140000
v 0.366681 -0.508622 -0.140000
v 0.326564 -0.513903 -0.140000
v 0.289181 -0.529388 -0.140000
v 0.257079 -0.554020 -0.140000
v 0.232447 -0.586122 -0.140000
v 0.216962 -0.623505 -0.140000
v 0.211681 -0.663622 -0.140000
v 0.216962 -0.703739 -0.140000
v 0.232447 -0.741122 -0.140000
v 0.257079 -0.773223 -0.140000
v 0.289181 -0.797856 -0.140000
v 0.326564 -0.813340 -0.140000
v 0.366681 -0.818622 -0.140000
v 0.406798 -0.813340 -0.140000
v 0.444181 -0.797856 -0.140000
v 0.476282 -0.773223 -0.140000
v 0.500915 -0.741122 -0.140000
v 0.516399 -0.703739 -0.140000
v 0.800000 -1.100000 -0.340000
v 0.800000 1.100000 -0.340000
v 0.800000 1.100000 -0.140000
v 0.800000 -1.100000 -0.140000
v -0.310000 -1.500000 -0.340000
v -0.310000 -1.500000 -0.140000
v -0.310000 1.500000 -0.340000
v -0.310000 1.500000 -0.140000
vt -0.200000 0.863938 0.000000
vt -0.000000 0.863938 0.000000
vt -0.200000 0.942478 0.000000
vt -0.000000 0.942478 0.000000
vt -0.200000 -0.942478 0.000000
vt -0.000000 -0.942478 0.000000
vt -0.200000 -0.863938 0.000000
vt -0.000000 -0.863938 0.000000
vt -0.200000 -0.785398 0.000000
vt -0.000000 -0.785398 0.000000
vt -0.200000 -0.706858 0.000000
vt -0.000000 -0.706858 0.000000
vt -0.200000 -0.628319 0.000000
vt -0.000000 -0.628319 0.000000
vt -0.200000 -0.549779 0.000000
vt -0.000000 -0.549779 0.000000
vt -0.200000 -0.471239 0.000000
vt -0.000000 -0.471239 0.000000
vt -0.200000 -0.392699 0.000000
vt 0.000000 -0.392699 0.000000
vt -0.200000 -0.314159 0.000000
vt 0.000000 -0.314159 0.000000
vt -0.200000 -0.235619 0.000000
vt 0.000000 -0.235619 0.000000
vt -0.200000 -0.157080 0.000000
vt 0.000000 -0.157080 0.000000
vt -0.200000 -0.078540 0.000000
vt 0.000000 -0.078540 0.000000
vt -0.200000 0.000000 0.000000
vt -0.000000 0.000000 0.000000
vt -0.200000 0.078540 0.000000
vt -0.000000 0.078540 0.000000
vt -0.200000 0.157080 0.000000
vt -0.000000 0.157080 0.000000
vt -0.200000 0.235619 0.000000
vt -0.000000 0.235619 0.000000
vt -0.200000 0.314159 0.000000
vt -0.000000 0.314159 0.000000
vt -0.200000 0.392699 0.000000
vt -0.000000 0.392699 0.000000
vt -0.200000 0.471239 0.000000
vt -0.000000 0.471239 0.000000
vt -0.200000 0.549779 0.000000
vt -0.000000 0.549779 0.000000
vt -0.200000 0.628319 0.000000
vt -0.000000 0.628319 0.000000
vt -0.200000 0.706858 0.000000
vt -0.000000 0.706858 0.000000
vt -0.200000 0.785398 0.000000
vt -0.000000 0.785398 0.000000
vt 0.149719 -0.040117 0.000000
vt 0.289778 -0.077646 0.000000
vt 0.155000 0.000000 0.000000
vt 0.300000 0.000000 0.000000
vt 0.149719 0.040117 0.000000
vt 0.289778 0.077646 0.000000
vt 0.134234 0.077500 0.000000
vt 0.259808 0.150000 0.000000
vt 0.109602 0.109602 0.000000
vt 0.212132 0.212132 0.000000
vt 0.077500 0.134234 0.000000
vt 0.150000 0.259808 0.000000
vt 0.040117 0.149719 0.000000
vt 0.077646 0.289778 0.000000
vt -0.000000 0.155000 0.000000
vt -0.000000 0.300000 0.000000
vt -0.077646 0.289778 0.000000
vt 0.134234 -0.077500 0.000000
vt 0.259808 -0.150000 0.000000
vt 0.109602 -0.109602 0.000000
vt 0.212132 -0.212132 0.000000
vt 0.077500 -0.134234 0.000000
vt 0.150000 -0.259808 0.000000
vt 0.040117 -0.149719 0.000000
vt 0.077646 -0.289778 0.000000
vt -0.000000 -0.155000 0.000000
vt -0.000000 -0.300000 0.000000
vt -0.077646 -0.289778 0.000000
vt -0.040117 -0.149719 0.000000
vt -0.150000 -0.259808 0.000000
vt -0.077500 -0.134234 0.000000
vt -0.212132 -0.212132 0.000000
vt -0.109602 -0.109602 0.000000
vt -0.259808 -0.150000 0.000000
vt -0.134234 -0.077500 0.000000
vt -0.289778 -0.077646 0.000000
vt -0.149719 -0.040117 0.000000
vt -0.300000 0.000000 0.000000
vt -0.155000 0.000000 0.000000
vt -0.149719 0.040117 0.000000
vt -0.289778 0.077646 0.000000
vt -0.134234 0.077500 0.000000
vt -0.259808 0.150000 0.000000
vt -0.109602 0.109602 0.000000
vt -0.212132 0.212132 0.000000
vt -0.077500 0.134234 0.000000
vt -0.150000 0.259808 0.000000
vt -0.040117 0.149719 0.000000
vt -0.200000 0.863938 0.000000
vt -0.000000 0.863938 0.000000
vt -0.200000 0.942478 0.000000
vt -0.000000 0.942478 0.000000
vt -0.200000 -0.942478 0.000000
vt -0.000000 -0.942478 0.000000
vt -0.200000 -0.863938 0.000000
vt -0.000000 -0.863938 0.000000
vt -0.200000 -0.785398 0.000000
vt -0.000000 -0.785398 0.000000
vt -0.200000 -0.706858 0.000000
vt -0.000000 -0.706858 0.000000
vt -0.200000 -0.628319 0.000000
vt -0.000000 -0.628319 0.000000
vt -0.200000 -0.549779 0.000000
vt -0.000000 -0.549779 0.000000
vt -0.200000 -0.471239 0.000000
vt -0.000000 -0.471239 0.000000
vt -0.200000 -0.392699 0.000000
vt 0.000000 -0.392699 0.000000
vt -0.200000 -0.314159 0.000000
vt 0.000000 -0.314159 0.000000
vt -0.200000 -0.235619 0.000000
vt 0.000000 -0.235619 0.000000
vt -0.200000 -0.157080 0.000000
vt 0.000000 -0.157080 0.000000
vt -0.200000 -0.078540 0.000000
vt 0.000000 -0.078540 0.000000
vt -0.200000 0.000000 0.000000
vt -0.000000 0.000000 0.000000
vt -0.200000 0.078540 0.000000
vt -0.000000 0.078540 0.000000
vt -0.200000 0.157080 0.000000
vt -0.000000 0.157080 0.000000
vt -0.200000 0.235619 0.000000
vt -0.000000 0.235619 0.000000
vt -0.200000 0.314159 0.000000
vt -0.000000 0.314159 0.000000
vt -0.200000 0.392699 0.000000
vt -0.000000 0.392699 0.000000
vt -0.200000 0.471239 0.000000
vt -0.000000 0.471239 0.000000
vt -0.200000 0.549779 0.000000
vt -0.000000 0.549779 0.000000
vt -0.200000 0.628319 0.000000
vt -0.000000 0.628319 0.000000
vt -0.200000 0.706858 0.000000
vt -0.000000 0.706858 0.000000
vt -0.200000 0.785398 0.000000
vt -0.000000 0.785398 0.000000
vt 0.149719 -0.040117 0.000000
vt 0.289778 -0.077646 0.000000
vt 0.155000 0.000000 0.000000
vt 0.300000 0.000000 0.000000
vt 0.149719 0.040117 0.000000
vt 0.289778 0.077646 0.000000
vt 0.134234 0.077500 0.000000
vt 0.259808 0.150000 0.000000
vt 0.109602 0.109602 0.000000
vt 0.212132 0.212132 0.000000
vt 0.077500 0.134234 0.000000
vt 0.150000 0.259808 0.000000
vt 0.040117 0.149719 0.000000
vt 0.077646 0.289778 0.000000
vt -0.000000 0.155000 0.000000
vt -0.000000 0.300000 0.000000
vt -0.077646 0.289778 0.000000
vt 0.134234 -0.077500 0.000000
vt 0.259808 -0.150000 0.000000
vt 0.109602 -0.109602 0.000000
vt 0.212132 -0.212132 0.000000
vt 0.077500 -0.134234 0.000000
vt 0.150000 -0.259808 0.000000
vt 0.040117 -0.149719 0.000000
vt 0.077646 -0.289778 0.000000
vt -0.000000 -0.155000 0.000000
vt -0.000000 -0.300000 0.000000
vt -0.077646 -0.289778 0.000000
vt -0.040117 -0.149719 0.000000
vt -0.150000 -0.259808 0.000000
vt -0.077500 -0.134234 0.000000
vt -0.212132 -0.212132 0.000000
vt -0.109602 -0.109602 0.000000
vt -0.259808 -0.150000 0.000000
vt -0.134234 -0.077500 0.000000
vt -0.289778 -0.077646 0.000000
vt -0.149719 -0.040117 0.000000
vt -0.300000 0.000000 0.000000
vt -0.155000 0.000000 0.000000
vt -0.149719 0.040117 0.000000
vt -0.289778 0.077646 0.000000
vt -0.134234 0.077500 0.000000
vt -0.259808 0.150000 0.000000
vt -0.109602 0.109602 0.000000
vt -0.212132 0.212132 0.000000
vt -0.077500 0.134234 0.000000
vt -0.150000 0.259808 0.000000
vt -0.040117 0.149719 0.000000
vt -0.200000 0.446368 0.000000
vt 0.200000 0.446368 0.000000
vt -0.200000 0.486947 0.000000
vt 0.200000 0.486947 0.000000
vt -0.200000 -0.486947 0.000000
vt 0.200000 -0.486947 0.000000
vt -0.200000 -0.446368 0.000000
vt 0.200000 -0.446368 0.000000
vt -0.200000 -0.405789 0.000000
vt 0.200000 -0.405789 0.000000
vt -0.200000 -0.365210 0.000000
vt 0.200000 -0.365210 0.000000
vt -0.200000 -0.324631 0.000000
vt 0.200000 -0.324631 0.000000
vt -0.200000 -0.284052 0.000000
vt 0.200000 -0.284052 0.000000
vt -0.200000 -0.243473 0.000000
vt 0.200000 -0.243473 0.000000
vt -0.200000 -0.202895 0.000000
vt 0.200000 -0.202895 0.000000
vt -0.200000 -0.162316 0.000000
vt 0.200000 -0.162316 0.000000
vt -0.200000 -0.121737 0.000000
vt 0.200000 -0.121737 0.000000
vt -0.200000 -0.081158 0.000000
vt 0.200000 -0.081158 0.000000
vt -0.200000 -0.040579 0.000000
vt 0.200000 -0.040579 0.000000
vt -0.200000 -0.000000 0.000000
vt 0.200000 0.000000 0.000000
vt -0.200000 0.040579 0.000000
vt 0.200000 0.040579 0.000000
vt -0.200000 0.081158 0.000000
vt 0.200000 0.081158 0.000000
vt -0.200000 0.121737 0.000000
vt 0.200000 0.121737 0.000000
vt -0.200000 0.162316 0.000000
vt 0.200000 0.162316 0.000000
vt -0.200000 0.202895 0.000000
vt 0.200000 0.202895 0.000000
vt -0.200000 0.243473 0.000000
vt 0.200000 0.243473 0.000000
vt -0.200000 0.284052 0.000000
vt 0.200000 0.284052 0.000000
vt -0.200000 0.324631 0.000000
vt 0.200000 0.324631 0.000000
vt -0.200000 0.365210 0.000000
vt 0.200000 0.365210 0.000000
vt -0.200000 0.405789 0.000000
vt 0.200000 0.405789 0.000000
vt -0.200000 0.446368 0.000000
vt 0.200000 0.446368 0.000000
vt -0.200000 0.486947 0.000000
vt 0.200000 0.486947 0.000000
vt -0.200000 -0.486947 0.000000
vt 0.200000 -0.486947 0.000000
vt -0.200000 -0.446368 0.000000
vt 0.200000 -0.446368 0.000000
vt -0.200000 -0.405789 0.000000
vt 0.200000 -0.405789 0.000000
vt -0.200000 -0.365210 0.000000
vt 0.200000 -0.365210 0.000000
vt -0.200000 -0.324631 0.000000
vt 0.200000 -0.324631 0.000000
vt -0.200000 -0.284052 0.000000
vt 0.200000 -0.284052 0.000000
vt -0.200000 -0.243473 0.000000
vt 0.200000 -0.243473 0.000000
vt -0.200000 -0.202895 0.000000
vt 0.200000 -0.202895 0.000000
vt -0.200000 -0.162316 0.000000
vt 0.200000 -0.162316 0.000000
vt -0.200000 -0.121737 0.000000
vt 0.200000 -0.121737 0.000000
vt -0.200000 -0.081158 0.000000
vt 0.200000 -0.081158 0.000000
vt -0.200000 -0.040579 0.000000
vt 0.200000 -0.040579 0.000000
vt -0.200000 -0.000000 0.000000
vt 0.200000 0.000000 0.000000
vt -0.200000 0.040579 0.000000
vt 0.200000 0.040579 0.000000
vt -0.200000 0.081158 0.000000
vt 0.200000 0.081158 0.000000
vt -0.200000 0.121737 0.000000
vt 0.200000 0.121737 0.000000
vt -0.200000 0.162316 0.000000
vt 0.200000 0.162316 0.000000
vt -0.200000 0.202895 0.000000
vt 0.200000 0.202895 0.000000
vt -0.200000 0.243473 0.000000
vt 0.200000 0.243473 0.000000
vt -0.200000 0.284052 0.000000
vt 0.200000 0.284052 0.000000
vt -0.200000 0.324631 0.000000
vt 0.200000 0.324631 0.000000
vt -0.200000 0.365210 0.000000
vt 0.200000 0.365210 0.000000
vt -0.200000 0.405789 0.000000
vt 0.200000 0.405789 0.000000
vt 0.000000 0.000000 0.000000
vt 2.200000 0.000000 0.000000
vt 0.000000 0.200000 0.000000
vt 2.200000 0.200000 0.000000
vt 0.000000 0.000000 0.000000
vt 1.179873 0.000000 0.000000
vt 0.000000 0.200000 0.000000
vt 1.179873 0.200000 0.000000
vt 0.000000 0.000000 0.000000
vt 3.000000 0.000000 0.000000
vt 0.000000 0.200000 0.000000
vt 3.000000 0.200000 0.000000
vt 0.000000 0.000000 0.000000
vt 1.179873 0.000000 0.000000
vt 0.000000 0.200000 0.000000
vt 1.179873 0.200000 0.000000
vt -0.271399 0.623505 0.000000
vt -0.276681 0.663622 0.000000
vt -0.555000 1.100000 0.000000
vt -0.271399 0.703739 0.000000
vt -0.255915 0.741122 0.000000
vt -0.231282 0.773223 0.000000
vt -0.199181 0.797856 0.000000
vt -0.161798 0.813340 0.000000
vt -0.121681 0.818622 0.000000
vt 0.555000 1.500000 0.000000
vt -0.081564 0.813340 0.000000
vt -0.044181 0.797856 0.000000
vt -0.012079 0.773223 0.000000
vt 0.012553 0.741122 0.000000
vt 0.028038 0.703739 0.000000
vt 0.033319 0.663622 0.000000
vt 0.028038 0.623505 0.000000
vt 0.555000 -1.500000 0.000000
vt 0.028038 -0.623505 0.000000
vt 0.033319 -0.663622 0.000000
vt 0.012553 -0.586122 0.000000
vt 0.012553 0.586122 0.000000
vt -0.012079 0.554020 0.000000
vt -0.012079 -0.554020 0.000000
vt -0.044181 0.529388 0.000000
vt -0.044181 -0.529388 0.000000
vt -0.081564 0.513903 0.000000
vt -0.081564 -0.513903 0.000000
vt -0.121681 0.508622 0.000000
vt -0.121681 -0.508622 0.000000
vt -0.161798 -0.513903 0.000000
vt -0.161798 0.513903 0.000000
vt -0.199181 -0.529388 0.000000
vt -0.199181 0.529388 0.000000
vt -0.231282 -0.554020 0.000000
vt -0.231282 0.554020 0.000000
vt -0.255915 -0.586122 0.000000
vt -0.255915 0.586122 0.000000
vt -0.271399 -0.703739 0.000000
vt -0.276681 -0.663622 0.000000
vt -0.555000 -1.100000 0.000000
vt -0.271399 -0.623505 0.000000
vt 0.028038 -0.703739 0.000000
vt 0.012553 -0.741122 0.000000
vt -0.012079 -0.773223 0.000000
vt -0.044181 -0.797856 0.000000
vt -0.081564 -0.813340 0.000000
vt -0.121681 -0.818622 0.000000
vt -0.161798 -0.813340 0.000000
vt -0.199181 -0.797856 0.000000
vt -0.231282 -0.773223 0.000000
vt -0.255915 -0.741122 0.000000
vt 0.411458 -0.585976 0.000000
vt 0.421681 -0.663622 0.000000
vt 0.555000 -1.100000 0.000000
vt 0.411458 -0.741268 0.000000
vt 0.381488 -0.813622 0.000000
vt 0.333813 -0.875754 0.000000
vt 0.271681 -0.923429 0.000000
vt 0.199326 -0.953400 0.000000
vt 0.121681 -0.963622 0.000000
vt -0.555000 -1.500000 0.000000
vt 0.044035 -0.953400 0.000000
vt -0.028319 -0.923429 0.000000
vt -0.090451 -0.875754 0.000000
vt -0.138127 -0.813622 0.000000
vt -0.168097 -0.741268 0.000000
vt -0.178319 -0.663622 0.000000
vt -0.168097 -0.585976 0.000000
vt -0.168097 0.585976 0.000000
vt -0.138127 -0.513622 0.000000
vt -0.138127 0.513622 0.000000
vt -0.090451 0.451490 0.000000
vt -0.090451 -0.451490 0.000000
vt -0.028319 0.403814 0.000000
vt -0.028319 -0.403814 0.000000
vt 0.044035 0.373844 0.000000
vt 0.044035 -0.373844 0.000000
vt 0.121681 0.363622 0.000000
vt 0.121681 -0.363622 0.000000
vt 0.199326 -0.373844 0.000000
vt 0.199326 0.373844 0.000000
vt 0.271681 -0.403814 0.000000
vt 0.271681 0.403814 0.000000
vt 0.333813 -0.451490 0.000000
vt 0.333813 0.451490 0.000000
vt 0.381488 -0.513622 0.000000
vt 0.381488 0.513622 0.000000
vt 0.411458 0.585976 0.000000
vt 0.555000 1.100000 0.000000
vt 0.411458 0.741268 0.000000
vt 0.421681 0.663622 0.000000
vt -0.555000 1.500000 0.000000
vt -0.178319 0.663622 0.000000
vt -0.168097 0.741268 0.000000
vt -0.138127 0.813622 0.000000
vt -0.090451 0.875754 0.000000
vt -0.028319 0.923429 0.000000
vt 0.044035 0.953400 0.000000
vt 0.121681 0.963622 0.000000
vt 0.199326 0.953400 0.000000
vt 0.271681 0.923429 0.000000
vt 0.333813 0.875754 0.000000
vt 0.381488 0.813622 0.000000
vn 0.965926 0.258819 0.000000
vn 0.965926 0.258819 0.000000
vn 1.000000 0.000000 0.000000
vn 1.000000 0.000000 0.000000
vn 0.965926 -0.258819 -0.000000
vn 0.965926 -0.258819 -0.000000
vn 0.866025 -0.500000 -0.000000
vn 0.866025 -0.500000 -0.000000
vn 0.707107 -0.707107 -0.000000
vn 0.707107 -0.707107 -0.000000
vn 0.500000 -0.866025 -0.000000
vn 0.500000 -0.866025 -0.000000
vn 0.258819 -0.965926 -0.000000
vn 0.258819 -0.965926 -0.000000
vn -0.000000 -1.000000 -0.000000
vn -0.000000 -1.000000 -0.000000
vn -0.258819 -0.965926 -0.000000
vn -0.258819 -0.965926 -0.000000
vn -0.500000 -0.866025 -0.000000
vn -0.500000 -0.866025 -0.000000
vn -0.707107 -0.707107 -0.000000
vn -0.707107 -0.707107 -0.000000
vn -0.866025 -0.500000 -0.000000
vn -0.866025 -0.500000 -0.000000
vn -0.965926 -0.258819 -0.000000
vn -0.965926 -0.258819 -0.000000
vn -1.000000 0.000000 -0.000000
vn -1.000000 0.000000 -0.000000
vn -0.965926 0.258819 -0.000000
vn -0.965926 0.258819 -0.000000
vn -0.866025 0.500000 -0.000000
vn -0.866025 0.500000 -0.000000
vn -0.707107 0.707107 -0.000000
vn -0.707107 0.707107 -0.000000
vn -0.500000 0.866025 -0.000000
vn -0.500000 0.866025 -0.000000
vn -0.258819 0.965926 -0.000000
vn -0.258819 0.965926 -0.000000
vn -0.000000 1.000000 -0.000000
vn -0.000000 1.000000 -0.000000
vn 0.258819 0.965926 0.000000
vn 0.258819 0.965926 0.000000
vn 0.500000 0.866025 0.000000
vn 0.500000 0.866025 0.000000
vn 0.707107 0.707107 0.000000
vn 0.707107 0.707107 0.000000
vn 0.866025 0.500000 0.000000
vn 0.866025 0.500000 0.000000
vn -0.000000 -0.000000 -1.000000
vn -0.000000 -0.000000 -1.000000
vn -0.000000 -0.000000 -1.000000
vn -0.000000 -0.000000 -1.000000
vn -0.000000 -0.000000 -1.000000
vn -0.000000 -0.000000 -1.000000
vn -0.000000 -0.000000 -1.000000
vn -0.000000 -0.000000 -1.000000
vn -0.000000 -0.000000 -1.000000
vn -0.000000 -0.000000 -1.000000
vn -0.000000 -0.000000 -1.000000
vn -0.000000 -0.000000 -1.000000
vn -0.000000 -0.000000 -1.000000
vn -0.000000 -0.000000 -1.000000
vn -0.000000 -0.000000 -1.000000
vn -0.000000 -0.000000 -1.000000
vn -0.000000 -0.000000 -1.000000
vn -0.000000 -0.000000 -1.000000
vn -0.000000 -0.000000 -1.000000
vn -0.000000 -0.000000 -1.000000
vn -0.000000 -0.000000 -1.000000
vn -0.000000 -0.000000 -1.000000
vn -0.000000 -0.000000 -1.000000
vn -0.000000 -0.000000 -1.000000
vn -0.000000 -0.000000 -1.000000
vn -0.000000 -0.000000 -1.000000
vn -0.000000 -0.000000 -1.000000
vn -0.000000 -0.000000 -1.000000
vn -0.000000 -0.000000 -1.000000
vn -0.000000 -0.000000 -1.000000
vn -0.000000 -0.000000 -1.000000
vn -0.000000 -0.000000 -1.000000
vn -0.000000 -0.000000 -1.000000
vn -0.000000 -0.000000 -1.000000
vn -0.000000 -0.000000 -1.000000
vn -0.000000 -0.000000 -1.000000
vn -0.000000 -0.000000 -1.000000
vn -0.000000 -0.000000 -1.000000
vn -0.000000 -0.000000 -1.000000
vn -0.000000 -0.000000 -1.000000
vn -0.000000 -0.000000 -1.000000
vn -0.000000 -0.000000 -1.000000
vn -0.000000 -0.000000 -1.000000
vn -0.000000 -0.000000 -1.000000
vn -0.000000 -0.000000 -1.000000
vn -0.000000 -0.000000 -1.000000
vn -0.000000 -0.000000 -1.000000
vn -0.000000 -0.000000 -1.000000
vn 0.965926 0.258819 0.000000
vn 0.965926 0.258819 0.000000
vn 1.000000 0.000000 0.000000
vn 1.000000 0.000000 0.000000
vn 0.965926 -0.258819 -0.000000
vn 0.965926 -0.258819 -0.000000
vn 0.866025 -0.500000 -0.000000
vn 0.866025 -0.500000 -0.000000
vn 0.707107 -0.707107 -0.000000
vn 0.707107 -0.707107 -0.000000
vn 0.500000 -0.866025 -0.000000
vn 0.500000 -0.866025 -0.000000
vn 0.258819 -0.965926 -0.000000
vn 0.258819 -0.965926 -0.000000
vn -0.000000 -1.000000 -0.000000
vn -0.000000 -1.000000 -0.000000
vn -0.258819 -0.965926 -0.000000
vn -0.258819 -0.965926 -0.000000
vn -0.500000 -0.866025 -0.000000
vn -0.500000 -0.866025 -0.000000
vn -0.707107 -0.707107 -0.000000
vn -0.707107 -0.707107 -0.000000
vn -0.866025 -0.500000 -0.000000
vn -0.866025 -0.500000 -0.000000
vn -0.965926 -0.258819 -0.000000
vn -0.965926 -0.258819 -0.000000
vn -1.000000 0.000000 -0.000000
vn -1.000000 0.000000 -0.000000
vn -0.965926 0.258819 -0.000000
vn -0.965926 0.258819 -0.000000
vn -0.866025 0.500000 -0.000000
vn -0.866025 0.500000 -0.000000
vn -0.707107 0.707107 -0.000000
vn -0.707107 0.707107 -0.000000
vn -0.500000 0.866025 -0.000000
vn -0.500000 0.866025 -0.000000
vn -0.258819 0.965926 -0.000000
vn -0.258819 0.965926 -0.000000
vn -0.000000 1.000000 -0.000000
vn -0.000000 1.000000 -0.000000
vn 0.258819 0.965926 0.000000
vn 0.258819 0.965926 0.000000
vn 0.500000 0.866025 0.000000
vn 0.500000 0.866025 0.000000
vn 0.707107 0.707107 0.000000
vn 0.707107 0.707107 0.000000
vn 0.866025 0.500000 0.000000
vn 0.866025 0.500000 0.000000
vn -0.000000 -0.000000 -1.000000
vn -0.000000 -0.000000 -1.000000
vn -0.000000 -0.000000 -1.000000
vn -0.000000 -0.000000 -1.000000
vn -0.000000 -0.000000 -1.000000
vn -0.000000 -0.000000 -1.000000
vn -0.000000 -0.000000 -1.000000
vn -0.000000 -0.000000 -1.000000
vn -0.000000 -0.000000 -1.000000
vn -0.000000 -0.000000 -1.000000
vn -0.000000 -0.000000 -1.000000
vn -0.000000 -0.000000 -1.000000
vn -0.000000 -0.000000 -1.000000
vn -0.000000 -0.000000 -1.000000
vn -0.000000 -0.000000 -1.000000
vn -0.000000 -0.000000 -1.000000
vn -0.000000 -0.000000 -1.000000
vn -0.000000 -0.000000 -1.000000
vn -0.000000 -0.000000 -1.000000
vn -0.000000 -0.000000 -1.000000
vn -0.000000 -0.000000 -1.000000
vn -0.000000 -0.000000 -1.000000
vn -0.000000 -0.000000 -1.000000
vn -0.000000 -0.000000 -1.000000
vn -0.000000 -0.000000 -1.000000
vn -0.000000 -0.000000 -1.000000
vn -0.000000 -0.000000 -1.000000
vn -0.000000 -0.000000 -1.000000
vn -0.000000 -0.000000 -1.000000
vn -0.000000 -0.000000 -1.000000
vn -0.000000 -0.000000 -1.000000
vn -0.000000 -0.000000 -1.000000
vn -0.000000 -0.000000 -1.000000
vn -0.000000 -0.000000 -1.000000
vn -0.000000 -0.000000 -1.000000
vn -0.000000 -0.000000 -1.000000
vn -0.000000 -0.000000 -1.000000
vn -0.000000 -0.000000 -1.000000
vn -0.000000 -0.000000 -1.000000
vn -0.000000 -0.000000 -1.000000
vn -0.000000 -0.000000 -1.000000
vn -0.000000 -0.000000 -1.000000
vn -0.000000 -0.000000 -1.000000
vn -0.000000 -0.000000 -1.000000
vn -0.000000 -0.000000 -1.000000
vn -0.000000 -0.000000 -1.000000
vn -0.000000 -0.000000 -1.000000
vn -0.000000 -0.000000 -1.000000
vn -0.965926 0.258819 0.000000
vn -0.965926 0.258819 0.000000
vn -1.000000 0.000000 0.000000
vn -1.000000 0.000000 0.000000
vn -0.965926 -0.258819 0.000000
vn -0.965926 -0.258819 0.000000
vn -0.866025 -0.500000 0.000000
vn -0.866025 -0.500000 0.000000
vn -0.707107 -0.707107 0.000000
vn -0.707107 -0.707107 0.000000
vn -0.500000 -0.866025 0.000000
vn -0.500000 -0.866025 0.000000
vn -0.258819 -0.965926 0.000000
vn -0.258819 -0.965926 0.000000
vn 0.000000 -1.000000 0.000000
vn 0.000000 -1.000000 0.000000
vn 0.258819 -0.965926 0.000000
vn 0.258819 -0.965926 0.000000
vn 0.500000 -0.866025 0.000000
vn 0.500000 -0.866025 0.000000
vn 0.707107 -0.707107 0.000000
vn 0.707107 -0.707107 0.000000
vn 0.866025 -0.500000 0.000000
vn 0.866025 -0.500000 0.000000
vn 0.965926 -0.258819 0.000000
vn 0.965926 -0.258819 0.000000
vn 1.000000 0.000000 -0.000000
vn 1.000000 0.000000 -0.000000
vn 0.965926 0.258819 -0.000000
vn 0.965926 0.258819 -0.000000
vn 0.866025 0.500000 -0.000000
vn 0.866025 0.500000 -0.000000
vn 0.707107 0.707107 -0.000000
vn 0.707107 0.707107 -0.000000
vn 0.500000 0.866025 -0.000000
vn 0.500000 0.866025 -0.000000
vn 0.258819 0.965926 -0.000000
vn 0.258819 0.965926 -0.000000
vn 0.000000 1.000000 -0.000000
vn 0.000000 1.000000 -0.000000
vn -0.258819 0.965926 0.000000
vn -0.258819 0.965926 0.000000
vn -0.500000 0.866025 0.000000
vn -0.500000 0.866025 0.000000
vn -0.707107 0.707107 0.000000
vn -0.707107 0.707107 0.000000
vn -0.866025 0.500000 0.000000
vn -0.866025 0.500000 0.000000
vn -0.965926 0.258819 0.000000
vn -0.965926 0.258819 0.000000
vn -1.000000 0.000000 0.000000
vn -1.000000 0.000000 0.000000
vn -0.965926 -0.258819 0.000000
vn -0.965926 -0.258819 0.000000
vn -0.866025 -0.500000 0.000000
vn -0.866025 -0.500000 0.000000
vn -0.707107 -0.707107 0.000000
vn -0.707107 -0.707107 0.000000
vn -0.500000 -0.866025 0.000000
vn -0.500000 -0.866025 0.000000
vn -0.258819 -0.965926 0.000000
vn -0.258819 -0.965926 0.000000
vn 0.000000 -1.000000 0.000000
vn 0.000000 -1.000000 0.000000
vn 0.258819 -0.965926 0.000000
vn 0.258819 -0.965926 0.000000
vn 0.500000 -0.866025 0.000000
vn 0.500000 -0.866025 0.000000
vn 0.707107 -0.707107 0.000000
vn 0.707107 -0.707107 0.000000
vn 0.866025 -0.500000 0.000000
vn 0.866025 -0.500000 0.000000
vn 0.965926 -0.258819 0.000000
vn 0.965926 -0.258819 0.000000
vn 1.000000 0.000000 -0.000000
vn 1.000000 0.000000 -0.000000
vn 0.965926 0.258819 -0.000000
vn 0.965926 0.258819 -0.000000
vn 0.866025 0.500000 -0.000000
vn 0.866025 0.500000 -0.000000
vn 0.707107 0.707107 -0.000000
vn 0.707107 0.707107 -0.000000
vn 0.500000 0.866025 -0.000000
vn 0.500000 0.866025 -0.000000
vn 0.258819 0.965926 -0.000000
vn 0.258819 0.965926 -0.000000
vn 0.000000 1.000000 -0.000000
vn 0.000000 1.000000 -0.000000
vn -0.258819 0.965926 0.000000
vn -0.258819 0.965926 0.000000
vn -0.500000 0.866025 0.000000
vn -0.500000 0.866025 0.000000
vn -0.707107 0.707107 0.000000
vn -0.707107 0.707107 0.000000
vn -0.866025 0.500000 0.000000
vn -0.866025 0.500000 0.000000
vn 1.000000 0.000000 0.000000
vn 1.000000 0.000000 0.000000
vn 1.000000 0.000000 0.000000
vn 1.000000 0.000000 0.000000
vn 0.339020 -0.940779 0.000000
vn 0.339020 -0.940779 0.000000
vn 0.339020 -0.940779 0.000000
vn 0.339020 -0.940779 0.000000
vn -1.000000 -0.000000 0.000000
vn -1.000000 -0.000000 0.000000
vn -1.000000 -0.000000 0.000000
vn -1.000000 -0.000000 0.000000
vn 0.339020 0.940779 -0.000000
vn 0.339020 0.940779 -0.000000
vn 0.339020 0.940779 -0.000000
vn 0.339020 0.940779 -0.000000
vn 0.000000 0.000000 1.000000
vn 0.000000 0.000000 1.000000
vn 0.000000 0.000000 1.000000
vn 0.000000 0.000000 1.000000
vn 0.000000 0.000000 1.000000
vn 0.000000 0.000000 1.000000
vn 0.000000 0.000000 1.000000
vn 0.000000 0.000000 1.000000
vn 0.000000 0.000000 1.000000
vn 0.000000 0.000000 1.000000
vn 0.000000 0.000000 1.000000
vn 0.000000 0.000000 1.000000
vn 0.000000 0.000000 1.000000
vn 0.000000 0.000000 1.000000
vn 0.000000 0.000000 1.000000
vn 0.000000 0.000000 1.000000
vn 0.000000 0.000000 1.000000
vn 0.000000 0.000000 1.000000
vn 0.000000 0.000000 1.000000
vn 0.000000 0.000000 1.000000
vn 0.000000 0.000000 1.000000
vn 0.000000 0.000000 1.000000
vn 0.000000 0.000000 1.000000
vn 0.000000 0.000000 1.000000
vn 0.000000 0.000000 1.000000
vn 0.000000 0.000000 1.000000
vn 0.000000 0.000000 1.000000
vn 0.000000 0.000000 1.000000
vn 0.000000 0.000000 1.000000
vn 0.000000 0.000000 1.000000
vn 0.000000 0.000000 1.000000
vn 0.000000 0.000000 1.000000
vn 0.000000 0.000000 1.000000
vn 0.000000 0.000000 1.000000
vn 0.000000 0.000000 1.000000
vn 0.000000 0.000000 1.000000
vn 0.000000 0.000000 1.000000
vn 0.000000 0.000000 1.000000
vn 0.000000 0.000000 1.000000
vn 0.000000 0.000000 1.000000
vn 0.000000 0.000000 1.000000
vn 0.000000 0.000000 1.000000
vn 0.000000 0.000000 1.000000
vn 0.000000 0.000000 1.000000
vn 0.000000 0.000000 1.000000
vn 0.000000 0.000000 1.000000
vn 0.000000 0.000000 1.000000
vn 0.000000 0.000000 1.000000
vn 0.000000 0.000000 1.000000
vn 0.000000 0.000000 1.000000
vn 0.000000 0.000000 1.000000
vn 0.000000 0.000000 1.000000
vn -0.000000 -0.000000 -1.000000
vn -0.000000 -0.000000 -1.000000
vn -0.000000 -0.000000 -1.000000
vn -0.000000 -0.000000 -1.000000
vn -0.000000 -0.000000 -1.000000
vn -0.000000 -0.000000 -1.000000
vn -0.000000 -0.000000 -1.000000
vn -0.000000 -0.000000 -1.000000
vn -0.000000 -0.000000 -1.000000
vn -0.000000 -0.000000 -1.000000
vn -0.000000 -0.000000 -1.000000
vn -0.000000 -0.000000 -1.000000
vn -0.000000 -0.000000 -1.000000
vn -0.000000 -0.000000 -1.000000
vn -0.000000 -0.000000 -1.000000
vn -0.000000 -0.000000 -1.000000
vn -0.000000 -0.000000 -1.000000
vn -0.000000 -0.000000 -1.000000
vn -0.000000 -0.000000 -1.000000
vn -0.000000 -0.000000 -1.000000
vn -0.000000 -0.000000 -1.000000
vn -0.000000 -0.000000 -1.000000
vn -0.000000 -0.000000 -1.000000
vn -0.000000 -0.000000 -1.000000
vn -0.000000 -0.000000 -1.000000
vn -0.000000 -0.000000 -1.000000
vn -0.000000 -0.000000 -1.000000
vn -0.000000 -0.000000 -1.000000
vn -0.000000 -0.000000 -1.000000
vn -0.000000 -0.000000 -1.000000
vn -0.000000 -0.000000 -1.000000
vn -0.000000 -0.000000 -1.000000
vn -0.000000 -0.000000 -1.000000
vn -0.000000 -0.000000 -1.000000
vn -0.000000 -0.000000 -1.000000
vn -0.000000 -0.000000 -1.000000
vn -0.000000 -0.000000 -1.000000
vn -0.000000 -0.000000 -1.000000
vn -0.000000 -0.000000 -1.000000
vn -0.000000 -0.000000 -1.000000
vn -0.000000 -0.000000 -1.000000
vn -0.000000 -0.000000 -1.000000
vn -0.000000 -0.000000 -1.000000
vn -0.000000 -0.000000 -1.000000
vn -0.000000 -0.000000 -1.000000
vn -0.000000 -0.000000 -1.000000
vn -0.000000 -0.000000 -1.000000
vn -0.000000 -0.000000 -1.000000
vn -0.000000 -0.000000 -1.000000
vn -0.000000 -0.000000 -1.000000
vn -0.000000 -0.000000 -1.000000
vn -0.000000 -0.000000 -1.000000
f 411/907/893 457/908/894 410/909/895
f 410/909/895 457/908/894 434/910/896
f 410/911/895 434/912/896 433/913/897
f 433/913/897 434/912/896 435/914/898
f 433/913/897 435/914/898 432/915/899
f 432/915/899 435/914/898 436/916/900
f 432/915/899 436/916/900 431/917/901
f 431/917/901 436/916/900 437/918/902
f 431/917/901 437/918/902 430/919/903
f 430/919/903 437/918/902 438/920/904
f 430/919/903 438/920/904 429/921/905
f 429/921/905 438/920/904 439/922/906
f 429/921/905 439/922/906 428/923/907
f 428/923/907 439/922/906 440/924/908
f 428/923/907 440/924/908 427/925/909
f 427/925/909 440/924/908 441/926/910
f 427/925/909 441/926/910 426/927/911
f 426/927/911 441/926/910 442/928/912
f 426/927/911 442/928/912 425/929/913
f 425/929/913 442/928/912 443/930/914
f 425/929/913 443/930/914 424/931/915
f 424/931/915 443/930/914 444/932/916
f 424/931/915 444/932/916 423/933/917
f 423/933/917 444/932/916 445/934/918
f 423/933/917 445/934/918 422/935/919
f 422/935/919 445/934/918 446/936/920
f 422/935/919 446/936/920 421/937/921
f 421/937/921 446/936/920 447/938/922
f 421/937/921 447/938/922 420/939/923
f 420/939/923 447/938/922 448/940/924
f 420/939/923 448/940/924 419/941/925
f 419/941/925 448/940/924 449/942/926
f 419/941/925 449/942/926 418/943/927
f 418/943/927 449/942/926 450/944/928
f 418/943/927 450/944/928 417/945/929
f 417/945/929 450/944/928 451/946/930
f 417/945/929 451/946/930 416/947/931
f 416/947/931 451/946/930 452/948/932
f 416/947/931 452/948/932 415/949/933
f 415/949/933 452/948/932 453/950/934
f 415/949/933 453/950/934 414/951/935
f 414/951/935 453/950/934 454/952/936
f 414/951/935 454/952/936 413/953/937
f 413/953/937 454/952/936 455/954/938
f 413/953/937 455/954/938 412/955/939
f 412/955/939 455/954/938 456/956/940
f 412/955/939 456/956/940 411/907/893
f 411/907/893 456/956/940 457/908/894
f 459/957/941 411/958/942 458/959/943
f 458/959/943 411/958/942 410/960/944
f 458/959/943 410/960/944 481/961/945
f 481/961/945 410/960/944 433/962/946
f 481/961/945 433/962/946 480/963/947
f 480/963/947 433/962/946 432/964/948
f 480/963/947 432/964/948 479/965/949
f 479/965/949 432/964/948 431/966/950
f 479/965/949 431/966/950 478/967/951
f 478/967/951 431/966/950 430/968/952
f 478/967/951 430/968/952 477/969/953
f 477/969/953 430/968/952 429/970/954
f 477/969/953 429/970/954 476/971/955
f 476/971/955 429/970/954 428/972/956
f 476/971/955 428/972/956 427/973/957
f 459/957/941 460/974/958 411/958/942
f 411/958/942 460/974/958 412/975/959
f 412/975/959 460/974/958 461/976/960
f 412/975/959 461/976/960 413/977/961
f 413/977/961 461/976/960 462/978/962
f 413/977/961 462/978/962 414/979/963
f 414/979/963 462/978/962 463/980/964
f 414/979/963 463/980/964 415/981/965
f 415/981/965 463/980/964 464/982/966
f 415/981/965 464/982/966 416/983/967
f 416/983/967 464/982/966 417/984/968
f 417/984/968 464/982/966 465/985/969
f 417/984/968 465/985/969 418/986/970
f 418/986/970 465/985/969 466/987/971
f 418/986/970 466/987/971 419/988/972
f 419/988/972 466/987/971 467/989/973
f 419/988/972 467/989/973 420/990/974
f 420/990/974 467/989/973 468/991/975
f 420/990/974 468/991/975 421/992/976
f 421/992/976 468/991/975 469/993/977
f 421/992/976 469/993/977 422/994/978
f 422/994/978 469/993/977 470/995/979
f 422/994/978 470/995/979 471/996/980
f 422/994/978 471/996/980 423/997/981
f 423/997/981 471/996/980 472/998/982
f 423/997/981 472/998/982 424/999/983
f 424/999/983 472/998/982 473/1000/984
f 424/999/983 473/1000/984 425/1001/985
f 425/1001/985 473/1000/984 474/1002/986
f 425/1001/985 474/1002/986 426/1003/987
f 426/1003/987 474/1002/986 475/1004/988
f 426/1003/987 475/1004/988 427/973/957
f 427/973/957 475/1004/988 476/971/955
f 483/1005/989 529/1006/990 482/1007/991
f 482/1007/991 529/1006/990 506/1008/992
f 482/1009/991 506/1010/992 505/1011/993
f 505/1011/993 506/1010/992 507/1012/994
f 505/1011/993 507/1012/994 504/1013/995
f 504/1013/995 507/1012/994 508/1014/996
f 504/1013/995 508/1014/996 503/1015/997
f 503/1015/997 508/1014/996 509/1016/998
f 503/1015/997 509/1016/998 502/1017/999
f 502/1017/999 509/1016/998 510/1018/1000
f 502/1017/999 510/1018/1000 501/1019/1001
f 501/1019/1001 510/1018/1000 511/1020/1002
f 501/1019/1001 511/1020/1002 500/1021/1003
f 500/1021/1003 511/1020/1002 512/1022/1004
f 500/1021/1003 512/1022/1004 499/1023/1005
f 499/1023/1005 512/1022/1004 513/1024/1006
f 499/1023/1005 513/1024/1006 498/1025/1007
f 498/1025/1007 513/1024/1006 514/1026/1008
f 498/1025/1007 514/1026/1008 497/1027/1009
f 497/1027/1009 514/1026/1008 515/1028/1010
f 497/1027/1009 515/1028/1010 496/1029/1011
f 496/1029/1011 515/1028/1010 516/1030/1012
f 496/1029/1011 516/1030/1012 495/1031/1013
f 495/1031/1013 516/1030/1012 517/1032/1014
f 495/1031/1013 517/1032/1014 494/1033/1015
f 494/1033/1015 517/1032/1014 518/1034/1016
f 494/1033/1015 518/1034/1016 493/1035/1017
f 493/1035/1017 518/1034/1016 519/1036/1018
f 493/1035/1017 519/1036/1018 492/1037/1019
f 492/1037/1019 519/1036/1018 520/1038/1020
f 492/1037/1019 520/1038/1020 491/1039/1021
f 491/1039/1021 520/1038/1020 521/1040/1022
f 491/1039/1021 521/1040/1022 490/1041/1023
f 490/1041/1023 521/1040/1022 522/1042/1024
f 490/1041/1023 522/1042/1024 489/1043/1025
f 489/1043/1025 522/1042/1024 523/1044/1026
f 489/1043/1025 523/1044/1026 488/1045/1027
f 488/1045/1027 523/1044/1026 524/1046/1028
f 488/1045/1027 524/1046/1028 487/1047/1029
f 487/1047/1029 524/1046/1028 525/1048/1030
f 487/1047/1029 525/1048/1030 486/1049/1031
f 486/1049/1031 525/1048/1030 526/1050/1032
f 486/1049/1031 526/1050/1032 485/1051/1033
f 485/1051/1033 526/1050/1032 527/1052/1034
f 485/1051/1033 527/1052/1034 484/1053/1035
f 484/1053/1035 527/1052/1034 528/1054/1036
f 484/1053/1035 528/1054/1036 483/1005/989
f 483/1005/989 528/1054/1036 529/1006/990
f 531/1055/1037 483/1056/1038 530/1057/1039
f 530/1057/1039 483/1056/1038 482/1058/1040
f 530/1057/1039 482/1058/1040 553/1059/1041
f 553/1059/1041 482/1058/1040 505/1060/1042
f 553/1059/1041 505/1060/1042 552/1061/1043
f 552/1061/1043 505/1060/1042 504/1062/1044
f 552/1061/1043 504/1062/1044 551/1063/1045
f 551/1063/1045 504/1062/1044 503/1064/1046
f 551/1063/1045 503/1064/1046 550/1065/1047
f 550/1065/1047 503/1064/1046 502/1066/1048
f 550/1065/1047 502/1066/1048 549/1067/1049
f 549/1067/1049 502/1066/1048 501/1068/1050
f 549/1067/1049 501/1068/1050 548/1069/1051
f 548/1069/1051 501/1068/1050 500/1070/1052
f 548/1069/1051 500/1070/1052 499/1071/1053
f 531/1055/1037 532/1072/1054 483/1056/1038
f 483/1056/1038 532/1072/1054 484/1073/1055
f 484/1073/1055 532/1072/1054 533/1074/1056
f 484/1073/1055 533/1074/1056 485/1075/1057
f 485/1075/1057 533/1074/1056 534/1076/1058
f 485/1075/1057 534/1076/1058 486/1077/1059
f 486/1077/1059 534/1076/1058 535/1078/1060
f 486/1077/1059 535/1078/1060 487/1079/1061
f 487/1079/1061 535/1078/1060 536/1080/1062
f 487/1079/1061 536/1080/1062 488/1081/1063
f 488/1081/1063 536/1080/1062 489/1082/1064
f 489/1082/1064 536/1080/1062 537/1083/1065
f 489/1082/1064 537/1083/1065 490/1084/1066
f 490/1084/1066 537/1083/1065 538/1085/1067
f 490/1084/1066 538/1085/1067 491/1086/1068
f 491/1086/1068 538/1085/1067 539/1087/1069
f 491/1086/1068 539/1087/1069 492/1088/1070
f 492/1088/1070 539/1087/1069 540/1089/1071
f 492/1088/1070 540/1089/1071 493/1090/1072
f 493/1090/1072 540/1089/1071 541/1091/1073
f 493/1090/1072 541/1091/1073 494/1092/1074
f 494/1092/1074 541/1091/1073 542/1093/1075
f 494/1092/1074 542/1093/1075 543/1094/1076
f 494/1092/1074 543/1094/1076 495/1095/1077
f 495/1095/1077 543/1094/1076 544/1096/1078
f 495/1095/1077 544/1096/1078 496/1097/1079
f 496/1097/1079 544/1096/1078 545/1098/1080
f 496/1097/1079 545/1098/1080 497/1099/1081
f 497/1099/1081 545/1098/1080 546/1100/1082
f 497/1099/1081 546/1100/1082 498/1101/1083
f 498/1101/1083 546/1100/1082 547/1102/1084
f 498/1101/1083 547/1102/1084 499/1071/1053
f 499/1071/1053 547/1102/1084 548/1069/1051
f 481/1103/1085 577/1104/1086 458/1105/1087
f 458/1105/1087 577/1104/1086 554/1106/1088
f 458/1107/1087 554/1108/1088 459/1109/1089
f 459/1109/1089 554/1108/1088 555/1110/1090
f 459/1109/1089 555/1110/1090 460/1111/1091
f 460/1111/1091 555/1110/1090 556/1112/1092
f 460/1111/1091 556/1112/1092 461/1113/1093
f 461/1113/1093 556/1112/1092 557/1114/1094
f 461/1113/1093 557/1114/1094 462/1115/1095
f 462/1115/1095 557/1114/1094 558/1116/1096
f 462/1115/1095 558/1116/1096 463/1117/1097
f 463/1117/1097 558/1116/1096 559/1118/1098
f 463/1117/1097 559/1118/1098 464/1119/1099
f 464/1119/1099 559/1118/1098 560/1120/1100
f 464/1119/1099 560/1120/1100 465/1121/1101
f 465/1121/1101 560/1120/1100 561/1122/1102
f 465/1121/1101 561/1122/1102 466/1123/1103
f 466/1123/1103 561/1122/1102 562/1124/1104
f 466/1123/1103 562/1124/1104 467/1125/1105
f 467/1125/1105 562/1124/1104 563/1126/1106
f 467/1125/1105 563/1126/1106 468/1127/1107
f 468/1127/1107 563/1126/1106 564/1128/1108
f 468/1127/1107 564/1128/1108 469/1129/1109
f 469/1129/1109 564/1128/1108 565/1130/1110
f 469/1129/1109 565/1130/1110 470/1131/1111
f 470/1131/1111 565/1130/1110 566/1132/1112
f 470/1131/1111 566/1132/1112 471/1133/1113
f 471/1133/1113 566/1132/1112 567/1134/1114
f 471/1133/1113 567/1134/1114 472/1135/1115
f 472/1135/1115 567/1134/1114 568/1136/1116
f 472/1135/1115 568/1136/1116 473/1137/1117
f 473/1137/1117 568/1136/1116 569/1138/1118
f 473/1137/1117 569/1138/1118 474/1139/1119
f 474/1139/1119 569/1138/1118 570/1140/1120
f 474/1139/1119 570/1140/1120 475/1141/1121
f 475/1141/1121 570/1140/1120 571/1142/1122
f 475/1141/1121 571/1142/1122 476/1143/1123
f 476/1143/1123 571/1142/1122 572/1144/1124
f 476/1143/1123 572/1144/1124 477/1145/1125
f 477/1145/1125 572/1144/1124 573/1146/1126
f 477/1145/1125 573/1146/1126 478/1147/1127
f 478/1147/1127 573/1146/1126 574/1148/1128
f 478/1147/1127 574/1148/1128 479/1149/1129
f 479/1149/1129 574/1148/1128 575/1150/1130
f 479/1149/1129 575/1150/1130 480/1151/1131
f 480/1151/1131 575/1150/1130 576/1152/1132
f 480/1151/1131 576/1152/1132 481/1103/1085
f 481/1103/1085 576/1152/1132 577/1104/1086
f 553/1153/1133 601/1154/1134 530/1155/1135
f 530/1155/1135 601/1154/1134 578/1156/1136
f 530/1157/1135 578/1158/1136 531/1159/1137
f 531/1159/1137 578/1158/1136 579/1160/1138
f 531/1159/1137 579/1160/1138 532/1161/1139
f 532/1161/1139 579/1160/1138 580/1162/1140
f 532/1161/1139 580/1162/1140 533/1163/1141
f 533/1163/1141 580/1162/1140 581/1164/1142
f 533/1163/1141 581/1164/1142 534/1165/1143
f 534/1165/1143 581/1164/1142 582/1166/1144
f 534/1165/1143 582/1166/1144 535/1167/1145
f 535/1167/1145 582/1166/1144 583/1168/1146
f 535/1167/1145 583/1168/1146 536/1169/1147
f 536/1169/1147 583/1168/1146 584/1170/1148
f 536/1169/1147 584/1170/1148 537/1171/1149
f 537/1171/1149 584/1170/1148 585/1172/1150
f 537/1171/1149 585/1172/1150 538/1173/1151
f 538/1173/1151 585/1172/1150 586/1174/1152
f 538/1173/1151 586/1174/1152 539/1175/1153
f 539/1175/1153 586/1174/1152 587/1176/1154
f 539/1175/1153 587/1176/1154 540/1177/1155
f 540/1177/1155 587/1176/1154 588/1178/1156
f 540/1177/1155 588/1178/1156 541/1179/1157
f 541/1179/1157 588/1178/1156 589/1180/1158
f 541/1179/1157 589/1180/1158 542/1181/1159
f 542/1181/1159 589/1180/1158 590/1182/1160
f 542/1181/1159 590/1182/1160 543/1183/1161
f 543/1183/1161 590/1182/1160 591/1184/1162
f 543/1183/1161 591/1184/1162 544/1185/1163
f 544/1185/1163 591/1184/1162 592/1186/1164
f 544/1185/1163 592/1186/1164 545/1187/1165
f 545/1187/1165 592/1186/1164 593/1188/1166
f 545/1187/1165 593/1188/1166 546/1189/1167
f 546/1189/1167 593/1188/1166 594/1190/1168
f 546/1189/1167 594/1190/1168 547/1191/1169
f 547/1191/1169 594/1190/1168 595/1192/1170
f 547/1191/1169 595/1192/1170 548/1193/1171
f 548/1193/1171 595/1192/1170 596/1194/1172
f 548/1193/1171 596/1194/1172 549/1195/1173
f 549/1195/1173 596/1194/1172 597/1196/1174
f 549/1195/1173 597/1196/1174 550/1197/1175
f 550/1197/1175 597/1196/1174 598/1198/1176
f 550/1197/1175 598/1198/1176 551/1199/1177
f 551/1199/1177 598/1198/1176 599/1200/1178
f 551/1199/1177 599/1200/1178 552/1201/1179
f 552/1201/1179 599/1200/1178 600/1202/1180
f 552/1201/1179 600/1202/1180 553/1153/1133
f 553/1153/1133 600/1202/1180 601/1154/1134
f 602/1203/1181 603/1204/1182 605/1205/1183
f 605/1205/1183 603/1204/1182 604/1206/1184
f 606/1207/1185 602/1208/1186 607/1209/1187
f 607/1209/1187 602/1208/1186 605/1210/1188
f 608/1211/1189 606/1212/1190 609/1213/1191
f 609/1213/1191 606/1212/1190 607/1214/1192
f 603/1215/1193 608/1216/1194 604/1217/1195
f 604/1217/1195 608/1216/1194 609/1218/1196
f 579/1219/1197 578/1220/1198 605/1221/1199
f 605/1221/1199 578/1220/1198 601/1222/1200
f 605/1221/1199 601/1222/1200 600/1223/1201
f 600/1223/1201 599/1224/1202 605/1221/1199
f 605/1221/1199 599/1224/1202 598/1225/1203
f 605/1221/1199 598/1225/1203 597/1226/1204
f 597/1226/1204 596/1227/1205 605/1221/1199
f 605/1221/1199 596/1227/1205 607/1228/1206
f 607/1228/1206 596/1227/1205 595/1229/1207
f 607/1228/1206 595/1229/1207 594/1230/1208
f 594/1230/1208 593/1231/1209 607/1228/1206
f 607/1228/1206 593/1231/1209 592/1232/1210
f 607/1228/1206 592/1232/1210 591/1233/1211
f 591/1233/1211 590/1234/1212 607/1228/1206
f 607/1228/1206 590/1234/1212 589/1235/1213
f 607/1228/1206 589/1235/1213 609/1236/1214
f 609/1236/1214 589/1235/1213 567/1237/1215
f 609/1236/1214 567/1237/1215 566/1238/1216
f 567/1237/1215 589/1235/1213 568/1239/1217
f 568/1239/1217 589/1235/1213 588/1240/1218
f 568/1239/1217 588/1240/1218 587/1241/1219
f 568/1239/1217 587/1241/1219 569/1242/1220
f 569/1242/1220 587/1241/1219 586/1243/1221
f 569/1242/1220 586/1243/1221 570/1244/1222
f 570/1244/1222 586/1243/1221 585/1245/1223
f 570/1244/1222 585/1245/1223 571/1246/1224
f 571/1246/1224 585/1245/1223 584/1247/1225
f 571/1246/1224 584/1247/1225 572/1248/1226
f 572/1248/1226 584/1247/1225 573/1249/1227
f 573/1249/1227 584/1247/1225 583/1250/1228
f 573/1249/1227 583/1250/1228 574/1251/1229
f 574/1251/1229 583/1250/1228 582/1252/1230
f 574/1251/1229 582/1252/1230 575/1253/1231
f 575/1253/1231 582/1252/1230 581/1254/1232
f 575/1253/1231 581/1254/1232 576/1255/1233
f 576/1255/1233 581/1254/1232 580/1256/1234
f 576/1255/1233 580/1256/1234 579/1219/1197
f 555/1257/1235 554/1258/1236 604/1259/1237
f 604/1259/1237 554/1258/1236 577/1260/1238
f 604/1259/1237 577/1260/1238 579/1219/1197
f 579/1219/1197 577/1260/1238 576/1255/1233
f 566/1238/1216 565/1261/1239 609/1236/1214
f 609/1236/1214 565/1261/1239 564/1262/1240
f 609/1236/1214 564/1262/1240 563/1263/1241
f 563/1263/1241 562/1264/1242 609/1236/1214
f 609/1236/1214 562/1264/1242 561/1265/1243
f 609/1236/1214 561/1265/1243 560/1266/1244
f 609/1236/1214 560/1266/1244 604/1259/1237
f 604/1259/1237 560/1266/1244 559/1267/1245
f 604/1259/1237 559/1267/1245 558/1268/1246
f 558/1268/1246 557/1269/1247 604/1259/1237
f 604/1259/1237 557/1269/1247 556/1270/1248
f 604/1259/1237 556/1270/1248 555/1257/1235
f 605/1221/1199 604/1259/1237 579/1219/1197
f 435/1271/1249 434/1272/1250 603/1273/1251
f 603/1273/1251 434/1272/1250 457/1274/1252
f 603/1273/1251 457/1274/1252 456/1275/1253
f 456/1275/1253 455/1276/1254 603/1273/1251
f 603/1273/1251 455/1276/1254 454/1277/1255
f 603/1273/1251 454/1277/1255 453/1278/1256
f 453/1278/1256 452/1279/1257 603/1273/1251
f 603/1273/1251 452/1279/1257 608/1280/1258
f 608/1280/1258 452/1279/1257 451/1281/1259
f 608/1280/1258 451/1281/1259 450/1282/1260
f 450/1282/1260 449/1283/1261 608/1280/1258
f 608/1280/1258 449/1283/1261 448/1284/1262
f 608/1280/1258 448/1284/1262 447/1285/1263
f 447/1285/1263 446/1286/1264 608/1280/1258
f 608/1280/1258 446/1286/1264 445/1287/1265
f 608/1280/1258 445/1287/1265 519/1288/1266
f 519/1288/1266 445/1287/1265 444/1289/1267
f 519/1288/1266 444/1289/1267 520/1290/1268
f 520/1290/1268 444/1289/1267 521/1291/1269
f 521/1291/1269 444/1289/1267 443/1292/1270
f 521/1291/1269 443/1292/1270 522/1293/1271
f 522/1293/1271 443/1292/1270 442/1294/1272
f 522/1293/1271 442/1294/1272 523/1295/1273
f 523/1295/1273 442/1294/1272 441/1296/1274
f 523/1295/1273 441/1296/1274 524/1297/1275
f 524/1297/1275 441/1296/1274 440/1298/1276
f 524/1297/1275 440/1298/1276 439/1299/1277
f 524/1297/1275 439/1299/1277 525/1300/1278
f 525/1300/1278 439/1299/1277 438/1301/1279
f 525/1300/1278 438/1301/1279 526/1302/1280
f 526/1302/1280 438/1301/1279 437/1303/1281
f 526/1302/1280 437/1303/1281 527/1304/1282
f 527/1304/1282 437/1303/1281 436/1305/1283
f 527/1304/1282 436/1305/1283 528/1306/1284
f 528/1306/1284 436/1305/1283 435/1271/1249
f 528/1306/1284 435/1271/1249 529/1307/1285
f 529/1307/1285 435/1271/1249 603/1273/1251
f 529/1307/1285 603/1273/1251 602/1308/1286
f 507/1309/1287 506/1310/1288 602/1308/1286
f 602/1308/1286 506/1310/1288 529/1307/1285
f 608/1280/1258 519/1288/1266 606/1311/1289
f 606/1311/1289 519/1288/1266 518/1312/1290
f 606/1311/1289 518/1312/1290 517/1313/1291
f 517/1313/1291 516/1314/1292 606/1311/1289
f 606/1311/1289 516/1314/1292 515/1315/1293
f 606/1311/1289 515/1315/1293 514/1316/1294
f 514/1316/1294 513/1317/1295 606/1311/1289
f 606/1311/1289 513/1317/1295 512/1318/1296
f 606/1311/1289 512/1318/1296 602/1308/1286
f 602/1308/1286 512/1318/1296 511/1319/1297
f 602/1308/1286 511/1319/1297 510/1320/1298
f 510/1320/1298 509/1321/1299 602/1308/1286
f 602/1308/1286 509/1321/1299 508/1322/1300
f 602/1308/1286 508/1322/1300 507/1309/1287
g Befestigung unten li

v 0.666371 10.631847 -0.540000
v 0.659357 10.696339 -0.540000
v 0.638644 10.757814 -0.540000
v 0.605199 10.813400 -0.540000
v 0.560587 10.860496 -0.540000
v 0.506894 10.896901 -0.540000
v 0.446629 10.920912 -0.540000
v 0.382613 10.931407 -0.540000
v 0.317836 10.927895 -0.540000
v 0.255330 10.910540 -0.540000
v 0.198015 10.880154 -0.540000
v 0.148572 10.838157 -0.540000
v 0.109314 10.786514 -0.540000
v 0.082075 10.727638 -0.540000
v 0.068130 10.664283 -0.540000
v 0.068130 10.599412 -0.540000
v 0.082075 10.536057 -0.540000
v 0.109314 10.477181 -0.540000
v 0.148572 10.425538 -0.540000
v 0.198015 10.383541 -0.540000
v 0.255330 10.353154 -0.540000
v 0.317836 10.335799 -0.540000
v 0.382613 10.332287 -0.540000
v 0.446629 10.342782 -0.540000
v 0.506894 10.366794 -0.540000
v 0.560587 10.403199 -0.540000
v 0.605199 10.450295 -0.540000
v 0.638644 10.505881 -0.540000
v 0.659357 10.567356 -0.540000
v 0.666371 10.631847 -0.340000
v 0.659357 10.567356 -0.340000
v 0.638644 10.505881 -0.340000
v 0.605199 10.450295 -0.340000
v 0.560587 10.403199 -0.340000
v 0.506894 10.366794 -0.340000
v 0.446629 10.342782 -0.340000
v 0.382613 10.332287 -0.340000
v 0.317836 10.335799 -0.340000
v 0.255330 10.353154 -0.340000
v 0.198015 10.383541 -0.340000
v 0.148572 10.425538 -0.340000
v 0.109314 10.477181 -0.340000
v 0.082075 10.536057 -0.340000
v 0.068130 10.599412 -0.340000
v 0.068130 10.664283 -0.340000
v 0.082075 10.727638 -0.340000
v 0.109314 10.786514 -0.340000
v 0.148572 10.838157 -0.340000
v 0.198015 10.880154 -0.340000
v 0.255330 10.910540 -0.340000
v 0.317836 10.927895 -0.340000
v 0.382613 10.931407 -0.340000
v 0.446629 10.920912 -0.340000
v 0.506894 10.896901 -0.340000
v 0.560587 10.860496 -0.340000
v 0.605199 10.813400 -0.340000
v 0.638644 10.757814 -0.340000
v 0.659357 10.696339 -0.340000
v 0.521371 10.631847 -0.540000
v 0.516089 10.671964 -0.540000
v 0.500605 10.709347 -0.540000
v 0.475973 10.741449 -0.540000
v 0.443871 10.766081 -0.540000
v 0.406488 10.781566 -0.540000
v 0.366371 10.786847 -0.540000
v 0.326254 10.781566 -0.540000
v 0.288871 10.766081 -0.540000
v 0.256769 10.741449 -0.540000
v 0.232137 10.709347 -0.540000
v 0.216652 10.671964 -0.540000
v 0.211371 10.631847 -0.540000
v 0.216652 10.591730 -0.540000
v 0.232137 10.554347 -0.540000
v 0.256769 10.522246 -0.540000
v 0.288871 10.497613 -0.540000
v 0.326254 10.482129 -0.540000
v 0.366371 10.476847 -0.540000
v 0.406488 10.482129 -0.540000
v 0.443871 10.497613 -0.540000
v 0.475973 10.522246 -0.540000
v 0.500605 10.554347 -0.540000
v 0.516089 10.591730 -0.540000
v 0.521371 10.631847 -0.140000
v 0.516089 10.671964 -0.140000
v 0.500605 10.709347 -0.140000
v 0.475973 10.741449 -0.140000
v 0.443871 10.766081 -0.140000
v 0.406488 10.781566 -0.140000
v 0.366371 10.786847 -0.140000
v 0.326254 10.781566 -0.140000
v 0.288871 10.766081 -0.140000
v 0.256769 10.741449 -0.140000
v 0.232137 10.709347 -0.140000
v 0.216652 10.671964 -0.140000
v 0.211371 10.631847 -0.140000
v 0.216652 10.591730 -0.140000
v 0.232137 10.554347 -0.140000
v 0.256769 10.522246 -0.140000
v 0.288871 10.497613 -0.140000
v 0.326254 10.482129 -0.140000
v 0.366371 10.476847 -0.140000
v 0.406488 10.482129 -0.140000
v 0.443871 10.497613 -0.140000
v 0.475973 10.522246 -0.140000
v 0.500605 10.554347 -0.140000
v 0.516089 10.591730 -0.140000
v 0.000000 10.000000 -0.340000
v 1.000000 10.500000 -0.340000
v 1.000000 10.500000 -0.140000
v 0.000000 10.000000 -0.140000
v -0.300000 10.000000 -0.340000
v -0.300000 10.000000 -0.140000
v -0.300000 11.300000 -0.340000
v -0.300000 11.300000 -0.140000
v 1.000000 11.300000 -0.340000
v 1.000000 11.300000 -0.140000
vt -0.200000 0.877479 0.000000
vt -0.000000 0.877479 0.000000
vt -0.200000 0.942478 0.000000
vt -0.000000 0.942478 0.000000
vt -0.200000 -0.942478 0.000000
vt -0.000000 -0.942478 0.000000
vt -0.200000 -0.877479 0.000000
vt -0.000000 -0.877479 0.000000
vt -0.000000 -0.812481 0.000000
vt -0.200000 0.812481 0.000000
vt -0.000000 0.812481 0.000000
vt -0.200000 0.747482 0.000000
vt -0.000000 0.747482 0.000000
vt -0.200000 0.682484 0.000000
vt -0.000000 0.682484 0.000000
vt -0.200000 0.617485 0.000000
vt -0.000000 0.617485 0.000000
vt -0.200000 0.552487 0.000000
vt -0.000000 0.552487 0.000000
vt -0.200000 0.487489 0.000000
vt -0.000000 0.487489 0.000000
vt -0.200000 0.422490 0.000000
vt -0.000000 0.422490 0.000000
vt -0.200000 0.357492 0.000000
vt -0.000000 0.357492 0.000000
vt -0.200000 0.292493 0.000000
vt -0.000000 0.292493 0.000000
vt -0.200000 0.227495 0.000000
vt -0.000000 0.227495 0.000000
vt -0.200000 0.162496 0.000000
vt -0.000000 0.162496 0.000000
vt -0.200000 0.097498 0.000000
vt -0.000000 0.097498 0.000000
vt -0.200000 0.032499 0.000000
vt -0.000000 0.032499 0.000000
vt -0.200000 -0.032499 0.000000
vt -0.000000 -0.032499 0.000000
vt -0.200000 -0.097498 0.000000
vt 0.000000 -0.097498 0.000000
vt -0.200000 -0.162496 0.000000
vt -0.000000 -0.162496 0.000000
vt -0.200000 -0.227495 0.000000
vt -0.000000 -0.227495 0.000000
vt -0.200000 -0.292493 0.000000
vt 0.000000 -0.292493 0.000000
vt -0.200000 -0.357492 0.000000
vt -0.000000 -0.357492 0.000000
vt -0.200000 -0.422490 0.000000
vt 0.000000 -0.422490 0.000000
vt -0.200000 -0.487489 0.000000
vt -0.000000 -0.487489 0.000000
vt -0.200000 -0.552487 0.000000
vt -0.000000 -0.552487 0.000000
vt -0.200000 -0.617485 0.000000
vt -0.000000 -0.617485 0.000000
vt -0.200000 -0.682484 0.000000
vt -0.000000 -0.682484 0.000000
vt -0.200000 -0.747482 0.000000
vt -0.000000 -0.747482 0.000000
vt -0.200000 -0.812481 0.000000
vt 0.149719 -0.040117 0.000000
vt 0.292986 -0.064491 0.000000
vt 0.155000 0.000000 0.000000
vt 0.300000 0.000000 0.000000
vt 0.292986 0.064491 0.000000
vt 0.272273 -0.125967 0.000000
vt 0.134234 -0.077500 0.000000
vt 0.238828 -0.181552 0.000000
vt 0.109602 -0.109602 0.000000
vt 0.194216 -0.228649 0.000000
vt 0.077500 -0.134234 0.000000
vt 0.140523 -0.265054 0.000000
vt 0.040117 -0.149719 0.000000
vt 0.080259 -0.289065 0.000000
vt 0.016242 -0.299560 0.000000
vt -0.000000 -0.155000 0.000000
vt -0.048535 -0.296048 0.000000
vt -0.040117 -0.149719 0.000000
vt -0.111041 -0.278693 0.000000
vt -0.077500 -0.134234 0.000000
vt -0.168356 -0.248307 0.000000
vt -0.109602 -0.109602 0.000000
vt -0.217799 -0.206310 0.000000
vt -0.134234 -0.077500 0.000000
vt -0.257057 -0.154666 0.000000
vt -0.284296 -0.095790 0.000000
vt -0.149719 -0.040117 0.000000
vt -0.298241 -0.032436 0.000000
vt -0.155000 0.000000 0.000000
vt -0.298241 0.032436 0.000000
vt -0.149719 0.040117 0.000000
vt -0.284296 0.095790 0.000000
vt -0.134234 0.077500 0.000000
vt -0.257057 0.154666 0.000000
vt -0.217799 0.206310 0.000000
vt -0.109602 0.109602 0.000000
vt -0.168356 0.248307 0.000000
vt -0.077500 0.134234 0.000000
vt -0.111041 0.278693 0.000000
vt -0.040117 0.149719 0.000000
vt -0.048535 0.296048 0.000000
vt -0.000000 0.155000 0.000000
vt 0.016242 0.299560 0.000000
vt 0.040117 0.149719 0.000000
vt 0.080259 0.289065 0.000000
vt 0.140523 0.265054 0.000000
vt 0.077500 0.134234 0.000000
vt 0.194216 0.228649 0.000000
vt 0.109602 0.109602 0.000000
vt 0.238828 0.181552 0.000000
vt 0.134234 0.077500 0.000000
vt 0.272273 0.125967 0.000000
vt 0.149719 0.040117 0.000000
vt -0.200000 0.446368 0.000000
vt 0.200000 0.446368 0.000000
vt -0.200000 0.486947 0.000000
vt 0.200000 0.486947 0.000000
vt -0.200000 -0.486947 0.000000
vt 0.200000 -0.486947 0.000000
vt -0.200000 -0.446368 0.000000
vt 0.200000 -0.446368 0.000000
vt -0.200000 -0.405789 0.000000
vt 0.200000 -0.405789 0.000000
vt -0.200000 -0.365210 0.000000
vt 0.200000 -0.365210 0.000000
vt -0.200000 -0.324631 0.000000
vt 0.200000 -0.324631 0.000000
vt -0.200000 -0.284052 0.000000
vt 0.200000 -0.284052 0.000000
vt -0.200000 -0.243473 0.000000
vt 0.200000 -0.243473 0.000000
vt -0.200000 -0.202895 0.000000
vt 0.200000 -0.202895 0.000000
vt -0.200000 -0.162316 0.000000
vt 0.200000 -0.162316 0.000000
vt -0.200000 -0.121737 0.000000
vt 0.200000 -0.121737 0.000000
vt -0.200000 -0.081158 0.000000
vt 0.200000 -0.081158 0.000000
vt -0.200000 -0.040579 0.000000
vt 0.200000 -0.040579 0.000000
vt -0.200000 -0.000000 0.000000
vt 0.200000 0.000000 0.000000
vt -0.200000 0.040579 0.000000
vt 0.200000 0.040579 0.000000
vt -0.200000 0.081158 0.000000
vt 0.200000 0.081158 0.000000
vt -0.200000 0.121737 0.000000
vt 0.200000 0.121737 0.000000
vt -0.200000 0.162316 0.000000
vt 0.200000 0.162316 0.000000
vt -0.200000 0.202895 0.000000
vt 0.200000 0.202895 0.000000
vt -0.200000 0.243473 0.000000
vt 0.200000 0.243473 0.000000
vt -0.200000 0.284052 0.000000
vt 0.200000 0.284052 0.000000
vt -0.200000 0.324631 0.000000
vt 0.200000 0.324631 0.000000
vt -0.200000 0.365210 0.000000
vt 0.200000 0.365210 0.000000
vt -0.200000 0.405789 0.000000
vt 0.200000 0.405789 0.000000
vt 0.000000 0.000000 0.000000
vt 1.118034 0.000000 0.000000
vt 0.000000 0.200000 0.000000
vt 1.118034 0.200000 0.000000
vt 0.000000 0.000000 0.000000
vt 0.300000 0.000000 0.000000
vt 0.000000 0.200000 0.000000
vt 0.300000 0.200000 0.000000
vt 0.000000 0.000000 0.000000
vt 1.300000 0.000000 0.000000
vt 0.000000 0.200000 0.000000
vt 1.300000 0.200000 0.000000
vt -0.000000 0.000000 0.000000
vt 1.300000 0.000000 0.000000
vt -0.000000 0.200000 0.000000
vt 1.300000 0.200000 0.000000
vt 0.000000 0.000000 0.000000
vt 0.800000 0.000000 0.000000
vt 0.000000 0.200000 0.000000
vt 0.800000 0.200000 0.000000
vt -0.166089 -0.021964 0.000000
vt -0.171371 0.018153 0.000000
vt -0.650000 0.150000 0.000000
vt -0.166089 0.058270 0.000000
vt -0.150605 0.095653 0.000000
vt -0.125973 0.127754 0.000000
vt -0.093871 0.152387 0.000000
vt 0.350000 0.650000 0.000000
vt -0.056488 0.167871 0.000000
vt -0.016371 0.173153 0.000000
vt 0.023746 0.167871 0.000000
vt 0.061129 0.152387 0.000000
vt 0.093231 0.127754 0.000000
vt 0.117863 0.095653 0.000000
vt 0.650000 0.650000 0.000000
vt 0.133348 0.058270 0.000000
vt 0.138629 0.018153 0.000000
vt 0.650000 -0.650000 0.000000
vt 0.133348 -0.021964 0.000000
vt 0.117863 -0.059347 0.000000
vt 0.093231 -0.091449 0.000000
vt 0.061129 -0.116081 0.000000
vt 0.023746 -0.131566 0.000000
vt -0.016371 -0.136847 0.000000
vt -0.650000 -0.650000 0.000000
vt -0.056488 -0.131566 0.000000
vt -0.093871 -0.116081 0.000000
vt -0.125973 -0.091449 0.000000
vt -0.150605 -0.059347 0.000000
vt 0.309357 0.082644 0.000000
vt 0.316371 0.018153 0.000000
vt 0.650000 0.150000 0.000000
vt 0.309357 -0.046338 0.000000
vt 0.288644 -0.107814 0.000000
vt 0.650000 -0.650000 0.000000
vt 0.255199 -0.163400 0.000000
vt 0.210587 -0.210496 0.000000
vt 0.156894 -0.246901 0.000000
vt 0.096629 -0.270912 0.000000
vt 0.032613 -0.281407 0.000000
vt -0.650000 -0.650000 0.000000
vt -0.032164 -0.277895 0.000000
vt -0.094670 -0.260540 0.000000
vt -0.151985 -0.230154 0.000000
vt -0.201428 -0.188157 0.000000
vt -0.240686 -0.136513 0.000000
vt -0.267925 -0.077638 0.000000
vt -0.281870 -0.014283 0.000000
vt -0.650000 0.650000 0.000000
vt -0.281870 0.050588 0.000000
vt -0.267925 0.113943 0.000000
vt -0.240686 0.172819 0.000000
vt -0.350000 0.650000 0.000000
vt -0.201428 0.224463 0.000000
vt -0.151985 0.266459 0.000000
vt -0.094670 0.296846 0.000000
vt -0.032164 0.314201 0.000000
vt 0.032613 0.317713 0.000000
vt 0.096629 0.307218 0.000000
vt 0.156894 0.283206 0.000000
vt 0.210587 0.246801 0.000000
vt 0.255199 0.199705 0.000000
vt 0.288644 0.144119 0.000000
vn 0.976621 0.214970 0.000000
vn 0.976621 0.214970 0.000000
vn 1.000000 0.000000 0.000000
vn 1.000000 0.000000 0.000000
vn 0.976621 -0.214970 -0.000000
vn 0.976621 -0.214970 -0.000000
vn 0.907575 -0.419889 -0.000000
vn 0.907575 0.419889 0.000000
vn 0.907575 0.419889 0.000000
vn 0.796093 0.605174 0.000000
vn 0.796093 0.605174 0.000000
vn 0.647386 0.762162 0.000000
vn 0.647386 0.762162 0.000000
vn 0.468408 0.883512 0.000000
vn 0.468408 0.883512 0.000000
vn 0.267528 0.963550 0.000000
vn 0.267528 0.963550 0.000000
vn 0.054139 0.998533 0.000000
vn 0.054139 0.998533 0.000000
vn -0.161782 0.986827 -0.000000
vn -0.161782 0.986827 -0.000000
vn -0.370138 0.928977 -0.000000
vn -0.370138 0.928977 -0.000000
vn -0.561187 0.827689 -0.000000
vn -0.561187 0.827689 -0.000000
vn -0.725995 0.687699 -0.000000
vn -0.725995 0.687699 -0.000000
vn -0.856857 0.515554 -0.000000
vn -0.856857 0.515554 -0.000000
vn -0.947653 0.319302 -0.000000
vn -0.947653 0.319302 -0.000000
vn -0.994138 0.108119 -0.000000
vn -0.994138 0.108119 -0.000000
vn -0.994138 -0.108119 -0.000000
vn -0.994138 -0.108119 -0.000000
vn -0.947653 -0.319302 -0.000000
vn -0.947653 -0.319302 -0.000000
vn -0.856857 -0.515554 -0.000000
vn -0.856857 -0.515554 -0.000000
vn -0.725995 -0.687699 -0.000000
vn -0.725995 -0.687699 -0.000000
vn -0.561187 -0.827689 -0.000000
vn -0.561187 -0.827689 -0.000000
vn -0.370138 -0.928977 -0.000000
vn -0.370138 -0.928977 -0.000000
vn -0.161782 -0.986827 -0.000000
vn -0.161782 -0.986827 -0.000000
vn 0.054139 -0.998533 -0.000000
vn 0.054139 -0.998533 -0.000000
vn 0.267528 -0.963550 -0.000000
vn 0.267528 -0.963550 -0.000000
vn 0.468408 -0.883512 -0.000000
vn 0.468408 -0.883512 -0.000000
vn 0.647386 -0.762162 -0.000000
vn 0.647386 -0.762162 -0.000000
vn 0.796093 -0.605174 -0.000000
vn 0.796093 -0.605174 -0.000000
vn 0.907575 -0.419889 -0.000000
vn -0.000000 -0.000000 -1.000000
vn -0.000000 -0.000000 -1.000000
vn -0.000000 -0.000000 -1.000000
vn -0.000000 -0.000000 -1.000000
vn -0.000000 -0.000000 -1.000000
vn -0.000000 -0.000000 -1.000000
vn -0.000000 -0.000000 -1.000000
vn -0.000000 -0.000000 -1.000000
vn -0.000000 -0.000000 -1.000000
vn -0.000000 -0.000000 -1.000000
vn -0.000000 -0.000000 -1.000000
vn -0.000000 -0.000000 -1.000000
vn -0.000000 -0.000000 -1.000000
vn -0.000000 -0.000000 -1.000000
vn -0.000000 -0.000000 -1.000000
vn -0.000000 -0.000000 -1.000000
vn -0.000000 -0.000000 -1.000000
vn -0.000000 -0.000000 -1.000000
vn -0.000000 -0.000000 -1.000000
vn -0.000000 -0.000000 -1.000000
vn -0.000000 -0.000000 -1.000000
vn -0.000000 -0.000000 -1.000000
vn -0.000000 -0.000000 -1.000000
vn -0.000000 -0.000000 -1.000000
vn -0.000000 -0.000000 -1.000000
vn -0.000000 -0.000000 -1.000000
vn -0.000000 -0.000000 -1.000000
vn -0.000000 -0.000000 -1.000000
vn -0.000000 -0.000000 -1.000000
vn -0.000000 -0.000000 -1.000000
vn -0.000000 -0.000000 -1.000000
vn -0.000000 -0.000000 -1.000000
vn -0.000000 -0.000000 -1.000000
vn -0.000000 -0.000000 -1.000000
vn -0.000000 -0.000000 -1.000000
vn -0.000000 -0.000000 -1.000000
vn -0.000000 -0.000000 -1.000000
vn -0.000000 -0.000000 -1.000000
vn -0.000000 -0.000000 -1.000000
vn -0.000000 -0.000000 -1.000000
vn -0.000000 -0.000000 -1.000000
vn -0.000000 -0.000000 -1.000000
vn -0.000000 -0.000000 -1.000000
vn -0.000000 -0.000000 -1.000000
vn -0.000000 -0.000000 -1.000000
vn -0.000000 -0.000000 -1.000000
vn -0.000000 -0.000000 -1.000000
vn -0.000000 -0.000000 -1.000000
vn -0.000000 -0.000000 -1.000000
vn -0.000000 -0.000000 -1.000000
vn -0.000000 -0.000000 -1.000000
vn -0.000000 -0.000000 -1.000000
vn -0.000000 -0.000000 -1.000000
vn -0.965926 0.258819 0.000000
vn -0.965926 0.258819 0.000000
vn -1.000000 0.000000 0.000000
vn -1.000000 0.000000 0.000000
vn -0.965926 -0.258819 0.000000
vn -0.965926 -0.258819 0.000000
vn -0.866025 -0.500000 0.000000
vn -0.866025 -0.500000 0.000000
vn -0.707107 -0.707107 0.000000
vn -0.707107 -0.707107 0.000000
vn -0.500000 -0.866025 0.000000
vn -0.500000 -0.866025 0.000000
vn -0.258819 -0.965926 0.000000
vn -0.258819 -0.965926 0.000000
vn 0.000000 -1.000000 0.000000
vn 0.000000 -1.000000 0.000000
vn 0.258819 -0.965926 0.000000
vn 0.258819 -0.965926 0.000000
vn 0.500000 -0.866025 0.000000
vn 0.500000 -0.866025 0.000000
vn 0.707107 -0.707107 0.000000
vn 0.707107 -0.707107 0.000000
vn 0.866025 -0.500000 0.000000
vn 0.866025 -0.500000 0.000000
vn 0.965926 -0.258819 0.000000
vn 0.965926 -0.258819 0.000000
vn 1.000000 0.000000 -0.000000
vn 1.000000 0.000000 -0.000000
vn 0.965926 0.258819 -0.000000
vn 0.965926 0.258819 -0.000000
vn 0.866025 0.500000 -0.000000
vn 0.866025 0.500000 -0.000000
vn 0.707107 0.707107 -0.000000
vn 0.707107 0.707107 -0.000000
vn 0.500000 0.866025 -0.000000
vn 0.500000 0.866025 -0.000000
vn 0.258819 0.965926 -0.000000
vn 0.258819 0.965926 -0.000000
vn 0.000000 1.000000 -0.000000
vn 0.000000 1.000000 -0.000000
vn -0.258819 0.965926 0.000000
vn -0.258819 0.965926 0.000000
vn -0.500000 0.866025 0.000000
vn -0.500000 0.866025 0.000000
vn -0.707107 0.707107 0.000000
vn -0.707107 0.707107 0.000000
vn -0.866025 0.500000 0.000000
vn -0.866025 0.500000 0.000000
vn 0.447214 -0.894427 0.000000
vn 0.447214 -0.894427 0.000000
vn 0.447214 -0.894427 0.000000
vn 0.447214 -0.894427 0.000000
vn 0.000000 -1.000000 0.000000
vn 0.000000 -1.000000 0.000000
vn 0.000000 -1.000000 0.000000
vn 0.000000 -1.000000 0.000000
vn -1.000000 -0.000000 0.000000
vn -1.000000 -0.000000 0.000000
vn -1.000000 -0.000000 0.000000
vn -1.000000 -0.000000 0.000000
vn 0.000000 1.000000 0.000000
vn 0.000000 1.000000 0.000000
vn 0.000000 1.000000 0.000000
vn 0.000000 1.000000 0.000000
vn 1.000000 0.000000 -0.000000
vn 1.000000 0.000000 -0.000000
vn 1.000000 0.000000 -0.000000
vn 1.000000 0.000000 -0.000000
vn 0.000000 0.000000 1.000000
vn 0.000000 0.000000 1.000000
vn 0.000000 0.000000 1.000000
vn 0.000000 0.000000 1.000000
vn 0.000000 0.000000 1.000000
vn 0.000000 0.000000 1.000000
vn 0.000000 0.000000 1.000000
vn 0.000000 0.000000 1.000000
vn 0.000000 0.000000 1.000000
vn 0.000000 0.000000 1.000000
vn 0.000000 0.000000 1.000000
vn 0.000000 0.000000 1.000000
vn 0.000000 0.000000 1.000000
vn 0.000000 0.000000 1.000000
vn 0.000000 0.000000 1.000000
vn 0.000000 0.000000 1.000000
vn 0.000000 0.000000 1.000000
vn 0.000000 0.000000 1.000000
vn 0.000000 0.000000 1.000000
vn 0.000000 0.000000 1.000000
vn 0.000000 0.000000 1.000000
vn 0.000000 0.000000 1.000000
vn 0.000000 0.000000 1.000000
vn 0.000000 0.000000 1.000000
vn 0.000000 0.000000 1.000000
vn 0.000000 0.000000 1.000000
vn 0.000000 0.000000 1.000000
vn 0.000000 0.000000 1.000000
vn 0.000000 0.000000 1.000000
vn -0.000000 -0.000000 -1.000000
vn -0.000000 -0.000000 -1.000000
vn -0.000000 -0.000000 -1.000000
vn -0.000000 -0.000000 -1.000000
vn -0.000000 -0.000000 -1.000000
vn -0.000000 -0.000000 -1.000000
vn -0.000000 -0.000000 -1.000000
vn -0.000000 -0.000000 -1.000000
vn -0.000000 -0.000000 -1.000000
vn -0.000000 -0.000000 -1.000000
vn -0.000000 -0.000000 -1.000000
vn -0.000000 -0.000000 -1.000000
vn -0.000000 -0.000000 -1.000000
vn -0.000000 -0.000000 -1.000000
vn -0.000000 -0.000000 -1.000000
vn -0.000000 -0.000000 -1.000000
vn -0.000000 -0.000000 -1.000000
vn -0.000000 -0.000000 -1.000000
vn -0.000000 -0.000000 -1.000000
vn -0.000000 -0.000000 -1.000000
vn -0.000000 -0.000000 -1.000000
vn -0.000000 -0.000000 -1.000000
vn -0.000000 -0.000000 -1.000000
vn -0.000000 -0.000000 -1.000000
vn -0.000000 -0.000000 -1.000000
vn -0.000000 -0.000000 -1.000000
vn -0.000000 -0.000000 -1.000000
vn -0.000000 -0.000000 -1.000000
vn -0.000000 -0.000000 -1.000000
vn -0.000000 -0.000000 -1.000000
vn -0.000000 -0.000000 -1.000000
vn -0.000000 -0.000000 -1.000000
vn -0.000000 -0.000000 -1.000000
vn -0.000000 -0.000000 -1.000000
f 611/1323/1301 667/1324/1302 610/1325/1303
f 610/1325/1303 667/1324/1302 639/1326/1304
f 610/1327/1303 639/1328/1304 638/1329/1305
f 638/1329/1305 639/1328/1304 640/1330/1306
f 638/1329/1305 640/1330/1306 641/1331/1307
f 611/1323/1301 612/1332/1308 667/1324/1302
f 667/1324/1302 612/1332/1308 666/1333/1309
f 666/1333/1309 612/1332/1308 613/1334/1310
f 666/1333/1309 613/1334/1310 665/1335/1311
f 665/1335/1311 613/1334/1310 614/1336/1312
f 665/1335/1311 614/1336/1312 664/1337/1313
f 664/1337/1313 614/1336/1312 615/1338/1314
f 664/1337/1313 615/1338/1314 663/1339/1315
f 663/1339/1315 615/1338/1314 616/1340/1316
f 663/1339/1315 616/1340/1316 662/1341/1317
f 662/1341/1317 616/1340/1316 617/1342/1318
f 662/1341/1317 617/1342/1318 661/1343/1319
f 661/1343/1319 617/1342/1318 618/1344/1320
f 661/1343/1319 618/1344/1320 660/1345/1321
f 660/1345/1321 618/1344/1320 619/1346/1322
f 660/1345/1321 619/1346/1322 659/1347/1323
f 659/1347/1323 619/1346/1322 620/1348/1324
f 659/1347/1323 620/1348/1324 658/1349/1325
f 658/1349/1325 620/1348/1324 621/1350/1326
f 658/1349/1325 621/1350/1326 657/1351/1327
f 657/1351/1327 621/1350/1326 622/1352/1328
f 657/1351/1327 622/1352/1328 656/1353/1329
f 656/1353/1329 622/1352/1328 623/1354/1330
f 656/1353/1329 623/1354/1330 655/1355/1331
f 655/1355/1331 623/1354/1330 624/1356/1332
f 655/1355/1331 624/1356/1332 654/1357/1333
f 654/1357/1333 624/1356/1332 625/1358/1334
f 654/1357/1333 625/1358/1334 653/1359/1335
f 653/1359/1335 625/1358/1334 626/1360/1336
f 653/1359/1335 626/1360/1336 652/1361/1337
f 652/1361/1337 626/1360/1336 627/1362/1338
f 652/1361/1337 627/1362/1338 651/1363/1339
f 651/1363/1339 627/1362/1338 628/1364/1340
f 651/1363/1339 628/1364/1340 650/1365/1341
f 650/1365/1341 628/1364/1340 629/1366/1342
f 650/1365/1341 629/1366/1342 649/1367/1343
f 649/1367/1343 629/1366/1342 630/1368/1344
f 649/1367/1343 630/1368/1344 648/1369/1345
f 648/1369/1345 630/1368/1344 631/1370/1346
f 648/1369/1345 631/1370/1346 647/1371/1347
f 647/1371/1347 631/1370/1346 632/1372/1348
f 647/1371/1347 632/1372/1348 646/1373/1349
f 646/1373/1349 632/1372/1348 633/1374/1350
f 646/1373/1349 633/1374/1350 645/1375/1351
f 645/1375/1351 633/1374/1350 634/1376/1352
f 645/1375/1351 634/1376/1352 644/1377/1353
f 644/1377/1353 634/1376/1352 635/1378/1354
f 644/1377/1353 635/1378/1354 643/1379/1355
f 643/1379/1355 635/1378/1354 636/1380/1356
f 643/1379/1355 636/1380/1356 642/1381/1357
f 642/1381/1357 636/1380/1356 637/1382/1358
f 642/1381/1357 637/1382/1358 641/1331/1307
f 641/1331/1307 637/1382/1358 638/1329/1305
f 669/1383/1359 611/1384/1360 668/1385/1361
f 668/1385/1361 611/1384/1360 610/1386/1362
f 668/1385/1361 610/1386/1362 638/1387/1363
f 611/1384/1360 669/1383/1359 612/1388/1364
f 612/1388/1364 669/1383/1359 670/1389/1365
f 612/1388/1364 670/1389/1365 613/1390/1366
f 613/1390/1366 670/1389/1365 671/1391/1367
f 613/1390/1366 671/1391/1367 614/1392/1368
f 614/1392/1368 671/1391/1367 672/1393/1369
f 614/1392/1368 672/1393/1369 615/1394/1370
f 615/1394/1370 672/1393/1369 673/1395/1371
f 615/1394/1370 673/1395/1371 616/1396/1372
f 616/1396/1372 673/1395/1371 617/1397/1373
f 617/1397/1373 673/1395/1371 674/1398/1374
f 617/1397/1373 674/1398/1374 618/1399/1375
f 618/1399/1375 674/1398/1374 675/1400/1376
f 618/1399/1375 675/1400/1376 619/1401/1377
f 619/1401/1377 675/1400/1376 676/1402/1378
f 619/1401/1377 676/1402/1378 620/1403/1379
f 620/1403/1379 676/1402/1378 677/1404/1380
f 620/1403/1379 677/1404/1380 621/1405/1381
f 621/1405/1381 677/1404/1380 678/1406/1382
f 621/1405/1381 678/1406/1382 622/1407/1383
f 622/1407/1383 678/1406/1382 623/1408/1384
f 623/1408/1384 678/1406/1382 679/1409/1385
f 623/1408/1384 679/1409/1385 624/1410/1386
f 624/1410/1386 679/1409/1385 680/1411/1387
f 624/1410/1386 680/1411/1387 625/1412/1388
f 625/1412/1388 680/1411/1387 681/1413/1389
f 625/1412/1388 681/1413/1389 626/1414/1390
f 626/1414/1390 681/1413/1389 682/1415/1391
f 626/1414/1390 682/1415/1391 627/1416/1392
f 627/1416/1392 682/1415/1391 628/1417/1393
f 628/1417/1393 682/1415/1391 683/1418/1394
f 628/1417/1393 683/1418/1394 629/1419/1395
f 629/1419/1395 683/1418/1394 684/1420/1396
f 629/1419/1395 684/1420/1396 630/1421/1397
f 630/1421/1397 684/1420/1396 685/1422/1398
f 630/1421/1397 685/1422/1398 631/1423/1399
f 631/1423/1399 685/1422/1398 686/1424/1400
f 631/1423/1399 686/1424/1400 632/1425/1401
f 632/1425/1401 686/1424/1400 687/1426/1402
f 632/1425/1401 687/1426/1402 633/1427/1403
f 633/1427/1403 687/1426/1402 634/1428/1404
f 634/1428/1404 687/1426/1402 688/1429/1405
f 634/1428/1404 688/1429/1405 635/1430/1406
f 635/1430/1406 688/1429/1405 689/1431/1407
f 635/1430/1406 689/1431/1407 636/1432/1408
f 636/1432/1408 689/1431/1407 690/1433/1409
f 636/1432/1408 690/1433/1409 637/1434/1410
f 637/1434/1410 690/1433/1409 691/1435/1411
f 637/1434/1410 691/1435/1411 638/1387/1363
f 638/1387/1363 691/1435/1411 668/1385/1361
f 691/1436/1412 715/1437/1413 668/1438/1414
f 668/1438/1414 715/1437/1413 692/1439/1415
f 668/1440/1414 692/1441/1415 669/1442/1416
f 669/1442/1416 692/1441/1415 693/1443/1417
f 669/1442/1416 693/1443/1417 670/1444/1418
f 670/1444/1418 693/1443/1417 694/1445/1419
f 670/1444/1418 694/1445/1419 671/1446/1420
f 671/1446/1420 694/1445/1419 695/1447/1421
f 671/1446/1420 695/1447/1421 672/1448/1422
f 672/1448/1422 695/1447/1421 696/1449/1423
f 672/1448/1422 696/1449/1423 673/1450/1424
f 673/1450/1424 696/1449/1423 697/1451/1425
f 673/1450/1424 697/1451/1425 674/1452/1426
f 674/1452/1426 697/1451/1425 698/1453/1427
f 674/1452/1426 698/1453/1427 675/1454/1428
f 675/1454/1428 698/1453/1427 699/1455/1429
f 675/1454/1428 699/1455/1429 676/1456/1430
f 676/1456/1430 699/1455/1429 700/1457/1431
f 676/1456/1430 700/1457/1431 677/1458/1432
f 677/1458/1432 700/1457/1431 701/1459/1433
f 677/1458/1432 701/1459/1433 678/1460/1434
f 678/1460/1434 701/1459/1433 702/1461/1435
f 678/1460/1434 702/1461/1435 679/1462/1436
f 679/1462/1436 702/1461/1435 703/1463/1437
f 679/1462/1436 703/1463/1437 680/1464/1438
f 680/1464/1438 703/1463/1437 704/1465/1439
f 680/1464/1438 704/1465/1439 681/1466/1440
f 681/1466/1440 704/1465/1439 705/1467/1441
f 681/1466/1440 705/1467/1441 682/1468/1442
f 682/1468/1442 705/1467/1441 706/1469/1443
f 682/1468/1442 706/1469/1443 683/1470/1444
f 683/1470/1444 706/1469/1443 707/1471/1445
f 683/1470/1444 707/1471/1445 684/1472/1446
f 684/1472/1446 707/1471/1445 708/1473/1447
f 684/1472/1446 708/1473/1447 685/1474/1448
f 685/1474/1448 708/1473/1447 709/1475/1449
f 685/1474/1448 709/1475/1449 686/1476/1450
f 686/1476/1450 709/1475/1449 710/1477/1451
f 686/1476/1450 710/1477/1451 687/1478/1452
f 687/1478/1452 710/1477/1451 711/1479/1453
f 687/1478/1452 711/1479/1453 688/1480/1454
f 688/1480/1454 711/1479/1453 712/1481/1455
f 688/1480/1454 712/1481/1455 689/1482/1456
f 689/1482/1456 712/1481/1455 713/1483/1457
f 689/1482/1456 713/1483/1457 690/1484/1458
f 690/1484/1458 713/1483/1457 714/1485/1459
f 690/1484/1458 714/1485/1459 691/1436/1412
f 691/1436/1412 714/1485/1459 715/1437/1413
f 716/1486/1460 717/1487/1461 719/1488/1462
f 719/1488/1462 717/1487/1461 718/1489/1463
f 720/1490/1464 716/1491/1465 721/1492/1466
f 721/1492/1466 716/1491/1465 719/1493/1467
f 722/1494/1468 720/1495/1469 723/1496/1470
f 723/1496/1470 720/1495/1469 721/1497/1471
f 724/1498/1472 722/1499/1473 725/1500/1474
f 725/1500/1474 722/1499/1473 723/1501/1475
f 717/1502/1476 724/1503/1477 718/1504/1478
f 718/1504/1478 724/1503/1477 725/1505/1479
f 693/1506/1480 692/1507/1481 718/1508/1482
f 718/1508/1482 692/1507/1481 715/1509/1483
f 718/1508/1482 715/1509/1483 714/1510/1484
f 714/1510/1484 713/1511/1485 718/1508/1482
f 718/1508/1482 713/1511/1485 712/1512/1486
f 718/1508/1482 712/1512/1486 719/1513/1487
f 719/1513/1487 712/1512/1486 711/1514/1488
f 719/1513/1487 711/1514/1488 710/1515/1489
f 710/1515/1489 709/1516/1490 719/1513/1487
f 719/1513/1487 709/1516/1490 708/1517/1491
f 719/1513/1487 708/1517/1491 707/1518/1492
f 707/1518/1492 706/1519/1493 719/1513/1487
f 719/1513/1487 706/1519/1493 721/1520/1494
f 721/1520/1494 706/1519/1493 705/1521/1495
f 721/1520/1494 705/1521/1495 704/1522/1496
f 721/1520/1494 704/1522/1496 723/1523/1497
f 723/1523/1497 704/1522/1496 703/1524/1498
f 723/1523/1497 703/1524/1498 702/1525/1499
f 702/1525/1499 701/1526/1500 723/1523/1497
f 723/1523/1497 701/1526/1500 700/1527/1501
f 723/1523/1497 700/1527/1501 699/1528/1502
f 699/1528/1502 698/1529/1503 723/1523/1497
f 723/1523/1497 698/1529/1503 725/1530/1504
f 725/1530/1504 698/1529/1503 697/1531/1505
f 725/1530/1504 697/1531/1505 696/1532/1506
f 696/1532/1506 695/1533/1507 725/1530/1504
f 725/1530/1504 695/1533/1507 694/1534/1508
f 725/1530/1504 694/1534/1508 718/1508/1482
f 718/1508/1482 694/1534/1508 693/1506/1480
f 640/1535/1509 639/1536/1510 717/1537/1511
f 717/1537/1511 639/1536/1510 667/1538/1512
f 717/1537/1511 667/1538/1512 666/1539/1513
f 717/1537/1511 666/1539/1513 724/1540/1514
f 724/1540/1514 666/1539/1513 665/1541/1515
f 724/1540/1514 665/1541/1515 664/1542/1516
f 664/1542/1516 663/1543/1517 724/1540/1514
f 724/1540/1514 663/1543/1517 662/1544/1518
f 724/1540/1514 662/1544/1518 661/1545/1519
f 724/1540/1514 661/1545/1519 722/1546/1520
f 722/1546/1520 661/1545/1519 660/1547/1521
f 722/1546/1520 660/1547/1521 659/1548/1522
f 659/1548/1522 658/1549/1523 722/1546/1520
f 722/1546/1520 658/1549/1523 657/1550/1524
f 722/1546/1520 657/1550/1524 656/1551/1525
f 656/1551/1525 655/1552/1526 722/1546/1520
f 722/1546/1520 655/1552/1526 654/1553/1527
f 722/1546/1520 654/1553/1527 720/1554/1528
f 720/1554/1528 654/1553/1527 653/1555/1529
f 720/1554/1528 653/1555/1529 652/1556/1530
f 652/1556/1530 651/1557/1531 720/1554/1528
f 720/1554/1528 651/1557/1531 716/1558/1532
f 716/1558/1532 651/1557/1531 650/1559/1533
f 716/1558/1532 650/1559/1533 649/1560/1534
f 649/1560/1534 648/1561/1535 716/1558/1532
f 716/1558/1532 648/1561/1535 647/1562/1536
f 716/1558/1532 647/1562/1536 646/1563/1537
f 646/1563/1537 645/1564/1538 716/1558/1532
f 716/1558/1532 645/1564/1538 644/1565/1539
f 716/1558/1532 644/1565/1539 717/1537/1511
f 717/1537/1511 644/1565/1539 643/1566/1540
f 717/1537/1511 643/1566/1540 642/1567/1541
f 642/1567/1541 641/1568/1542 717/1537/1511
f 717/1537/1511 641/1568/1542 640/1535/1509
g Körper51

v 0.521371 -10.631847 -0.540000
v 0.517984 -10.664074 -0.540000
v 0.507971 -10.694892 -0.540000
v 0.491769 -10.722954 -0.540000
v 0.470086 -10.747035 -0.540000
v 0.443871 -10.766081 -0.540000
v 0.414269 -10.779261 -0.540000
v 0.382573 -10.785998 -0.540000
v 0.350169 -10.785998 -0.540000
v 0.318473 -10.779261 -0.540000
v 0.288871 -10.766081 -0.540000
v 0.262656 -10.747035 -0.540000
v 0.240973 -10.722954 -0.540000
v 0.224771 -10.694892 -0.540000
v 0.214758 -10.664074 -0.540000
v 0.211371 -10.631847 -0.540000
v 0.214758 -10.599621 -0.540000
v 0.224771 -10.568803 -0.540000
v 0.240973 -10.540741 -0.540000
v 0.262656 -10.516660 -0.540000
v 0.288871 -10.497613 -0.540000
v 0.318473 -10.484434 -0.540000
v 0.350169 -10.477697 -0.540000
v 0.382573 -10.477697 -0.540000
v 0.414269 -10.484434 -0.540000
v 0.443871 -10.497613 -0.540000
v 0.470086 -10.516660 -0.540000
v 0.491769 -10.540741 -0.540000
v 0.507971 -10.568803 -0.540000
v 0.517984 -10.599621 -0.540000
v 0.521371 -10.631847 -0.340000
v 0.517984 -10.599621 -0.340000
v 0.507971 -10.568803 -0.340000
v 0.491769 -10.540741 -0.340000
v 0.470086 -10.516660 -0.340000
v 0.443871 -10.497613 -0.340000
v 0.414269 -10.484434 -0.340000
v 0.382573 -10.477697 -0.340000
v 0.350169 -10.477697 -0.340000
v 0.318473 -10.484434 -0.340000
v 0.288871 -10.497613 -0.340000
v 0.262656 -10.516660 -0.340000
v 0.240973 -10.540741 -0.340000
v 0.224771 -10.568803 -0.340000
v 0.214758 -10.599621 -0.340000
v 0.211371 -10.631847 -0.340000
v 0.214758 -10.664074 -0.340000
v 0.224771 -10.694892 -0.340000
v 0.240973 -10.722954 -0.340000
v 0.262656 -10.747035 -0.340000
v 0.288871 -10.766081 -0.340000
v 0.318473 -10.779261 -0.340000
v 0.350169 -10.785998 -0.340000
v 0.382573 -10.785998 -0.340000
v 0.414269 -10.779261 -0.340000
v 0.443871 -10.766081 -0.340000
v 0.470086 -10.747035 -0.340000
v 0.491769 -10.722954 -0.340000
v 0.507971 -10.694892 -0.340000
v 0.517984 -10.664074 -0.340000
v 0.666371 -10.631847 -0.540000
v 0.663020 -10.587135 -0.540000
v 0.653043 -10.543421 -0.540000
v 0.636662 -10.501682 -0.540000
v 0.614243 -10.462851 -0.540000
v 0.586287 -10.427796 -0.540000
v 0.553418 -10.397298 -0.540000
v 0.516371 -10.372040 -0.540000
v 0.475973 -10.352585 -0.540000
v 0.433127 -10.339369 -0.540000
v 0.388790 -10.332686 -0.540000
v 0.343952 -10.332686 -0.540000
v 0.299615 -10.339369 -0.540000
v 0.256769 -10.352585 -0.540000
v 0.216371 -10.372040 -0.540000
v 0.179324 -10.397298 -0.540000
v 0.146455 -10.427796 -0.540000
v 0.118499 -10.462851 -0.540000
v 0.096080 -10.501682 -0.540000
v 0.079699 -10.543421 -0.540000
v 0.069722 -10.587135 -0.540000
v 0.066371 -10.631847 -0.540000
v 0.069722 -10.676560 -0.540000
v 0.079699 -10.720274 -0.540000
v 0.096080 -10.762013 -0.540000
v 0.118499 -10.800843 -0.540000
v 0.146455 -10.835899 -0.540000
v 0.179324 -10.866397 -0.540000
v 0.216371 -10.891655 -0.540000
v 0.256769 -10.911110 -0.540000
v 0.299615 -10.924326 -0.540000
v 0.343952 -10.931009 -0.540000
v 0.388790 -10.931009 -0.540000
v 0.433127 -10.924326 -0.540000
v 0.475973 -10.911110 -0.540000
v 0.516371 -10.891655 -0.540000
v 0.553418 -10.866397 -0.540000
v 0.586287 -10.835899 -0.540000
v 0.614243 -10.800843 -0.540000
v 0.636662 -10.762013 -0.540000
v 0.653043 -10.720274 -0.540000
v 0.663020 -10.676560 -0.540000
v 0.666371 -10.631847 -0.340000
v 0.663020 -10.676560 -0.340000
v 0.653043 -10.720274 -0.340000
v 0.636662 -10.762013 -0.340000
v 0.614243 -10.800843 -0.340000
v 0.586287 -10.835899 -0.340000
v 0.553418 -10.866397 -0.340000
v 0.516371 -10.891655 -0.340000
v 0.475973 -10.911110 -0.340000
v 0.433127 -10.924326 -0.340000
v 0.388790 -10.931009 -0.340000
v 0.343952 -10.931009 -0.340000
v 0.299615 -10.924326 -0.340000
v 0.256769 -10.911110 -0.340000
v 0.216371 -10.891655 -0.340000
v 0.179324 -10.866397 -0.340000
v 0.146455 -10.835899 -0.340000
v 0.118499 -10.800843 -0.340000
v 0.096080 -10.762013 -0.340000
v 0.079699 -10.720274 -0.340000
v 0.069722 -10.676560 -0.340000
v 0.066371 -10.631847 -0.340000
v 0.069722 -10.587135 -0.340000
v 0.079699 -10.543421 -0.340000
v 0.096080 -10.501682 -0.340000
v 0.118499 -10.462851 -0.340000
v 0.146455 -10.427796 -0.340000
v 0.179324 -10.397298 -0.340000
v 0.216371 -10.372040 -0.340000
v 0.256769 -10.352585 -0.340000
v 0.299615 -10.339369 -0.340000
v 0.343952 -10.332686 -0.340000
v 0.388790 -10.332686 -0.340000
v 0.433127 -10.339369 -0.340000
v 0.475973 -10.352585 -0.340000
v 0.516371 -10.372040 -0.340000
v 0.553418 -10.397298 -0.340000
v 0.586287 -10.427796 -0.340000
v 0.614243 -10.462851 -0.340000
v 0.636662 -10.501682 -0.340000
v 0.653043 -10.543421 -0.340000
v 0.663020 -10.587135 -0.340000
vt 0.200000 -0.454484 0.000000
vt -0.000000 -0.454484 0.000000
vt 0.200000 -0.486947 0.000000
vt -0.000000 -0.486947 0.000000
vt 0.200000 0.486947 0.000000
vt -0.000000 0.486947 0.000000
vt 0.200000 0.454484 0.000000
vt -0.000000 0.454484 0.000000
vt 0.200000 0.422021 0.000000
vt -0.000000 0.422021 0.000000
vt 0.200000 0.389557 0.000000
vt 0.000000 0.389557 0.000000
vt 0.200000 0.357094 0.000000
vt -0.000000 0.357094 0.000000
vt 0.200000 0.324631 0.000000
vt -0.000000 0.324631 0.000000
vt 0.200000 0.292168 0.000000
vt -0.000000 0.292168 0.000000
vt 0.200000 0.259705 0.000000
vt -0.000000 0.259705 0.000000
vt 0.200000 0.227242 0.000000
vt -0.000000 0.227242 0.000000
vt 0.200000 0.194779 0.000000
vt -0.000000 0.194779 0.000000
vt 0.200000 0.162316 0.000000
vt -0.000000 0.162316 0.000000
vt 0.200000 0.129852 0.000000
vt -0.000000 0.129852 0.000000
vt 0.200000 0.097389 0.000000
vt 0.000000 0.097389 0.000000
vt 0.200000 0.064926 0.000000
vt -0.000000 0.064926 0.000000
vt 0.200000 0.032463 0.000000
vt -0.000000 0.032463 0.000000
vt 0.200000 0.000000 0.000000
vt 0.000000 0.000000 0.000000
vt 0.200000 -0.032463 0.000000
vt -0.000000 -0.032463 0.000000
vt 0.200000 -0.064926 0.000000
vt -0.000000 -0.064926 0.000000
vt 0.200000 -0.097389 0.000000
vt -0.000000 -0.097389 0.000000
vt 0.200000 -0.129852 0.000000
vt -0.000000 -0.129852 0.000000
vt 0.200000 -0.162316 0.000000
vt -0.000000 -0.162316 0.000000
vt 0.200000 -0.194779 0.000000
vt -0.000000 -0.194779 0.000000
vt 0.200000 -0.227242 0.000000
vt -0.000000 -0.227242 0.000000
vt 0.200000 -0.259705 0.000000
vt -0.000000 -0.259705 0.000000
vt 0.200000 -0.292168 0.000000
vt -0.000000 -0.292168 0.000000
vt 0.200000 -0.324631 0.000000
vt -0.000000 -0.324631 0.000000
vt 0.200000 -0.357094 0.000000
vt -0.000000 -0.357094 0.000000
vt 0.200000 -0.389557 0.000000
vt 0.000000 -0.389557 0.000000
vt 0.200000 -0.422021 0.000000
vt -0.000000 -0.422021 0.000000
vt -0.200000 0.897598 0.000000
vt -0.000000 0.897598 0.000000
vt -0.200000 0.942478 0.000000
vt -0.000000 0.942478 0.000000
vt -0.200000 -0.942478 0.000000
vt -0.000000 -0.942478 0.000000
vt -0.200000 -0.897598 0.000000
vt -0.000000 -0.897598 0.000000
vt -0.200000 -0.852718 0.000000
vt -0.000000 -0.852718 0.000000
vt -0.200000 -0.807838 0.000000
vt -0.000000 -0.807838 0.000000
vt -0.200000 -0.762958 0.000000
vt -0.000000 -0.762958 0.000000
vt -0.200000 -0.718078 0.000000
vt -0.000000 -0.718078 0.000000
vt -0.200000 -0.673198 0.000000
vt -0.000000 -0.673198 0.000000
vt -0.200000 -0.628319 0.000000
vt -0.000000 -0.628319 0.000000
vt -0.200000 -0.583439 0.000000
vt -0.000000 -0.583439 0.000000
vt -0.200000 -0.538559 0.000000
vt -0.000000 -0.538559 0.000000
vt -0.200000 -0.493679 0.000000
vt -0.000000 -0.493679 0.000000
vt -0.200000 -0.448799 0.000000
vt -0.000000 -0.448799 0.000000
vt -0.200000 -0.403919 0.000000
vt 0.000000 -0.403919 0.000000
vt -0.200000 -0.359039 0.000000
vt -0.000000 -0.359039 0.000000
vt -0.200000 -0.314159 0.000000
vt -0.000000 -0.314159 0.000000
vt -0.200000 -0.269279 0.000000
vt -0.000000 -0.269279 0.000000
vt -0.200000 -0.224399 0.000000
vt 0.000000 -0.224399 0.000000
vt -0.200000 -0.179520 0.000000
vt -0.000000 -0.179520 0.000000
vt -0.200000 -0.134640 0.000000
vt 0.000000 -0.134640 0.000000
vt -0.200000 -0.089760 0.000000
vt -0.000000 -0.089760 0.000000
vt -0.200000 -0.044880 0.000000
vt 0.000000 -0.044880 0.000000
vt -0.200000 0.000000 0.000000
vt -0.000000 0.000000 0.000000
vt -0.200000 0.044880 0.000000
vt -0.000000 0.044880 0.000000
vt -0.200000 0.089760 0.000000
vt -0.000000 0.089760 0.000000
vt -0.200000 0.134640 0.000000
vt -0.000000 0.134640 0.000000
vt -0.200000 0.179520 0.000000
vt -0.000000 0.179520 0.000000
vt -0.200000 0.224399 0.000000
vt -0.000000 0.224399 0.000000
vt -0.200000 0.269279 0.000000
vt -0.000000 0.269279 0.000000
vt -0.200000 0.314159 0.000000
vt -0.000000 0.314159 0.000000
vt -0.200000 0.359039 0.000000
vt -0.000000 0.359039 0.000000
vt -0.200000 0.403919 0.000000
vt -0.000000 0.403919 0.000000
vt -0.200000 0.448799 0.000000
vt -0.000000 0.448799 0.000000
vt -0.200000 0.493679 0.000000
vt -0.000000 0.493679 0.000000
vt -0.200000 0.538559 0.000000
vt -0.000000 0.538559 0.000000
vt -0.200000 0.583439 0.000000
vt -0.000000 0.583439 0.000000
vt -0.200000 0.628319 0.000000
vt -0.000000 0.628319 0.000000
vt -0.200000 0.673198 0.000000
vt -0.000000 0.673198 0.000000
vt -0.200000 0.718078 0.000000
vt -0.000000 0.718078 0.000000
vt -0.200000 0.762958 0.000000
vt -0.000000 0.762958 0.000000
vt -0.200000 0.807838 0.000000
vt -0.000000 0.807838 0.000000
vt -0.200000 0.852718 0.000000
vt -0.000000 0.852718 0.000000
vt -0.151613 0.032226 0.000000
vt -0.296649 0.044713 0.000000
vt -0.155000 0.000000 0.000000
vt -0.300000 0.000000 0.000000
vt -0.296649 -0.044713 0.000000
vt -0.286672 0.088427 0.000000
vt -0.141600 0.063044 0.000000
vt -0.270291 0.130165 0.000000
vt -0.125398 0.091107 0.000000
vt -0.247872 0.168996 0.000000
vt -0.219916 0.204052 0.000000
vt -0.103715 0.115187 0.000000
vt -0.187047 0.234549 0.000000
vt -0.077500 0.134234 0.000000
vt -0.150000 0.259808 0.000000
vt -0.109602 0.279262 0.000000
vt -0.047898 0.147414 0.000000
vt -0.066756 0.292478 0.000000
vt -0.016202 0.154151 0.000000
vt -0.022419 0.299161 0.000000
vt 0.016202 0.154151 0.000000
vt 0.022419 0.299161 0.000000
vt 0.066756 0.292478 0.000000
vt 0.047898 0.147414 0.000000
vt 0.109602 0.279262 0.000000
vt 0.077500 0.134234 0.000000
vt 0.150000 0.259808 0.000000
vt 0.187047 0.234549 0.000000
vt 0.103715 0.115187 0.000000
vt 0.219916 0.204052 0.000000
vt 0.125398 0.091107 0.000000
vt 0.247872 0.168996 0.000000
vt 0.270291 0.130165 0.000000
vt 0.141600 0.063044 0.000000
vt 0.286672 0.088427 0.000000
vt 0.151613 0.032226 0.000000
vt 0.296649 0.044713 0.000000
vt 0.155000 0.000000 0.000000
vt 0.300000 0.000000 0.000000
vt 0.296649 -0.044713 0.000000
vt 0.151613 -0.032226 0.000000
vt 0.286672 -0.088427 0.000000
vt 0.141600 -0.063044 0.000000
vt 0.270291 -0.130165 0.000000
vt 0.125398 -0.091107 0.000000
vt 0.247872 -0.168996 0.000000
vt 0.219916 -0.204052 0.000000
vt 0.103715 -0.115187 0.000000
vt 0.187047 -0.234549 0.000000
vt 0.077500 -0.134234 0.000000
vt 0.150000 -0.259808 0.000000
vt 0.109602 -0.279262 0.000000
vt 0.047898 -0.147414 0.000000
vt 0.066756 -0.292478 0.000000
vt 0.016202 -0.154151 0.000000
vt 0.022419 -0.299161 0.000000
vt -0.016202 -0.154151 0.000000
vt -0.022419 -0.299161 0.000000
vt -0.066756 -0.292478 0.000000
vt -0.047898 -0.147414 0.000000
vt -0.109602 -0.279262 0.000000
vt -0.077500 -0.134234 0.000000
vt -0.150000 -0.259808 0.000000
vt -0.187047 -0.234549 0.000000
vt -0.103715 -0.115187 0.000000
vt -0.219916 -0.204052 0.000000
vt -0.125398 -0.091107 0.000000
vt -0.247872 -0.168996 0.000000
vt -0.270291 -0.130165 0.000000
vt -0.141600 -0.063044 0.000000
vt -0.286672 -0.088427 0.000000
vt -0.151613 -0.032226 0.000000
vt 0.151613 -0.032226 0.000000
vt 0.296649 -0.044713 0.000000
vt 0.155000 0.000000 0.000000
vt 0.300000 0.000000 0.000000
vt 0.296649 0.044713 0.000000
vt 0.286672 -0.088427 0.000000
vt 0.141600 -0.063044 0.000000
vt 0.270291 -0.130165 0.000000
vt 0.125398 -0.091107 0.000000
vt 0.247872 -0.168996 0.000000
vt 0.219916 -0.204052 0.000000
vt 0.103715 -0.115187 0.000000
vt 0.187047 -0.234549 0.000000
vt 0.077500 -0.134234 0.000000
vt 0.150000 -0.259808 0.000000
vt 0.109602 -0.279262 0.000000
vt 0.047898 -0.147414 0.000000
vt 0.066756 -0.292478 0.000000
vt 0.016202 -0.154151 0.000000
vt 0.022419 -0.299161 0.000000
vt -0.016202 -0.154151 0.000000
vt -0.022419 -0.299161 0.000000
vt -0.066756 -0.292478 0.000000
vt -0.047898 -0.147414 0.000000
vt -0.109602 -0.279262 0.000000
vt -0.077500 -0.134234 0.000000
vt -0.150000 -0.259808 0.000000
vt -0.187047 -0.234549 0.000000
vt -0.103715 -0.115187 0.000000
vt -0.219916 -0.204052 0.000000
vt -0.125398 -0.091107 0.000000
vt -0.247872 -0.168996 0.000000
vt -0.270291 -0.130165 0.000000
vt -0.141600 -0.063044 0.000000
vt -0.286672 -0.088427 0.000000
vt -0.151613 -0.032226 0.000000
vt -0.296649 -0.044713 0.000000
vt -0.155000 0.000000 0.000000
vt -0.300000 0.000000 0.000000
vt -0.296649 0.044713 0.000000
vt -0.151613 0.032226 0.000000
vt -0.286672 0.088427 0.000000
vt -0.141600 0.063044 0.000000
vt -0.270291 0.130165 0.000000
vt -0.125398 0.091107 0.000000
vt -0.247872 0.168996 0.000000
vt -0.219916 0.204052 0.000000
vt -0.103715 0.115187 0.000000
vt -0.187047 0.234549 0.000000
vt -0.077500 0.134234 0.000000
vt -0.150000 0.259808 0.000000
vt -0.109602 0.279262 0.000000
vt -0.047898 0.147414 0.000000
vt -0.066756 0.292478 0.000000
vt -0.016202 0.154151 0.000000
vt -0.022419 0.299161 0.000000
vt 0.016202 0.154151 0.000000
vt 0.022419 0.299161 0.000000
vt 0.066756 0.292478 0.000000
vt 0.047898 0.147414 0.000000
vt 0.109602 0.279262 0.000000
vt 0.077500 0.134234 0.000000
vt 0.150000 0.259808 0.000000
vt 0.187047 0.234549 0.000000
vt 0.103715 0.115187 0.000000
vt 0.219916 0.204052 0.000000
vt 0.125398 0.091107 0.000000
vt 0.247872 0.168996 0.000000
vt 0.270291 0.130165 0.000000
vt 0.141600 0.063044 0.000000
vt 0.286672 0.088427 0.000000
vt 0.151613 0.032226 0.000000
vn -0.978148 0.207912 0.000000
vn -0.978148 0.207912 0.000000
vn -1.000000 0.000000 0.000000
vn -1.000000 0.000000 0.000000
vn -0.978148 -0.207912 -0.000000
vn -0.978148 -0.207912 -0.000000
vn -0.913545 -0.406737 -0.000000
vn -0.913545 -0.406737 -0.000000
vn -0.809017 -0.587785 -0.000000
vn -0.809017 -0.587785 -0.000000
vn -0.669131 -0.743145 -0.000000
vn -0.669131 -0.743145 -0.000000
vn -0.500000 -0.866025 -0.000000
vn -0.500000 -0.866025 -0.000000
vn -0.309017 -0.951057 -0.000000
vn -0.309017 -0.951057 -0.000000
vn -0.104528 -0.994522 -0.000000
vn -0.104528 -0.994522 -0.000000
vn 0.104528 -0.994522 0.000000
vn 0.104528 -0.994522 0.000000
vn 0.309017 -0.951057 0.000000
vn 0.309017 -0.951057 0.000000
vn 0.500000 -0.866025 0.000000
vn 0.500000 -0.866025 0.000000
vn 0.669131 -0.743145 0.000000
vn 0.669131 -0.743145 0.000000
vn 0.809017 -0.587785 0.000000
vn 0.809017 -0.587785 0.000000
vn 0.913545 -0.406737 0.000000
vn 0.913545 -0.406737 0.000000
vn 0.978148 -0.207912 0.000000
vn 0.978148 -0.207912 0.000000
vn 1.000000 -0.000000 0.000000
vn 1.000000 -0.000000 0.000000
vn 0.978148 0.207912 0.000000
vn 0.978148 0.207912 0.000000
vn 0.913545 0.406737 0.000000
vn 0.913545 0.406737 0.000000
vn 0.809017 0.587785 0.000000
vn 0.809017 0.587785 0.000000
vn 0.669131 0.743145 0.000000
vn 0.669131 0.743145 0.000000
vn 0.500000 0.866025 0.000000
vn 0.500000 0.866025 0.000000
vn 0.309017 0.951057 0.000000
vn 0.309017 0.951057 0.000000
vn 0.104528 0.994522 0.000000
vn 0.104528 0.994522 0.000000
vn -0.104528 0.994522 0.000000
vn -0.104528 0.994522 0.000000
vn -0.309017 0.951057 0.000000
vn -0.309017 0.951057 0.000000
vn -0.500000 0.866025 0.000000
vn -0.500000 0.866025 0.000000
vn -0.669131 0.743145 0.000000
vn -0.669131 0.743145 0.000000
vn -0.809017 0.587785 0.000000
vn -0.809017 0.587785 0.000000
vn -0.913545 0.406737 0.000000
vn -0.913545 0.406737 0.000000
vn 0.988831 0.149042 0.000000
vn 0.988831 0.149042 0.000000
vn 1.000000 0.000000 0.000000
vn 1.000000 0.000000 0.000000
vn 0.988831 -0.149042 -0.000000
vn 0.988831 -0.149042 -0.000000
vn 0.955573 -0.294755 -0.000000
vn 0.955573 -0.294755 -0.000000
vn 0.900969 -0.433884 -0.000000
vn 0.900969 -0.433884 -0.000000
vn 0.826239 -0.563320 -0.000000
vn 0.826239 -0.563320 -0.000000
vn 0.733052 -0.680173 -0.000000
vn 0.733052 -0.680173 -0.000000
vn 0.623490 -0.781831 -0.000000
vn 0.623490 -0.781831 -0.000000
vn 0.500000 -0.866025 -0.000000
vn 0.500000 -0.866025 -0.000000
vn 0.365341 -0.930874 -0.000000
vn 0.365341 -0.930874 -0.000000
vn 0.222521 -0.974928 -0.000000
vn 0.222521 -0.974928 -0.000000
vn 0.074730 -0.997204 -0.000000
vn 0.074730 -0.997204 -0.000000
vn -0.074730 -0.997204 -0.000000
vn -0.074730 -0.997204 -0.000000
vn -0.222521 -0.974928 -0.000000
vn -0.222521 -0.974928 -0.000000
vn -0.365341 -0.930874 -0.000000
vn -0.365341 -0.930874 -0.000000
vn -0.500000 -0.866025 -0.000000
vn -0.500000 -0.866025 -0.000000
vn -0.623490 -0.781831 -0.000000
vn -0.623490 -0.781831 -0.000000
vn -0.733052 -0.680173 -0.000000
vn -0.733052 -0.680173 -0.000000
vn -0.826239 -0.563320 -0.000000
vn -0.826239 -0.563320 -0.000000
vn -0.900969 -0.433884 -0.000000
vn -0.900969 -0.433884 -0.000000
vn -0.955573 -0.294755 -0.000000
vn -0.955573 -0.294755 -0.000000
vn -0.988831 -0.149042 -0.000000
vn -0.988831 -0.149042 -0.000000
vn -1.000000 0.000000 -0.000000
vn -1.000000 0.000000 -0.000000
vn -0.988831 0.149042 -0.000000
vn -0.988831 0.149042 -0.000000
vn -0.955573 0.294755 -0.000000
vn -0.955573 0.294755 -0.000000
vn -0.900969 0.433884 -0.000000
vn -0.900969 0.433884 -0.000000
vn -0.826239 0.563320 -0.000000
vn -0.826239 0.563320 -0.000000
vn -0.733052 0.680173 -0.000000
vn -0.733052 0.680173 -0.000000
vn -0.623490 0.781831 -0.000000
vn -0.623490 0.781831 -0.000000
vn -0.500000 0.866025 -0.000000
vn -0.500000 0.866025 -0.000000
vn -0.365341 0.930874 -0.000000
vn -0.365341 0.930874 -0.000000
vn -0.222521 0.974928 -0.000000
vn -0.222521 0.974928 -0.000000
vn -0.074730 0.997204 -0.000000
vn -0.074730 0.997204 -0.000000
vn 0.074730 0.997204 0.000000
vn 0.074730 0.997204 0.000000
vn 0.222521 0.974928 0.000000
vn 0.222521 0.974928 0.000000
vn 0.365341 0.930874 0.000000
vn 0.365341 0.930874 0.000000
vn 0.500000 0.866025 0.000000
vn 0.500000 0.866025 0.000000
vn 0.623490 0.781831 0.000000
vn 0.623490 0.781831 0.000000
vn 0.733052 0.680173 0.000000
vn 0.733052 0.680173 0.000000
vn 0.826239 0.563320 0.000000
vn 0.826239 0.563320 0.000000
vn 0.900969 0.433884 0.000000
vn 0.900969 0.433884 0.000000
vn 0.955573 0.294755 0.000000
vn 0.955573 0.294755 0.000000
vn 0.000000 0.000000 1.000000
vn 0.000000 0.000000 1.000000
vn 0.000000 0.000000 1.000000
vn 0.000000 0.000000 1.000000
vn 0.000000 0.000000 1.000000
vn 0.000000 0.000000 1.000000
vn 0.000000 0.000000 1.000000
vn 0.000000 0.000000 1.000000
vn 0.000000 0.000000 1.000000
vn 0.000000 0.000000 1.000000
vn 0.000000 0.000000 1.000000
vn 0.000000 0.000000 1.000000
vn 0.000000 0.000000 1.000000
vn 0.000000 0.000000 1.000000
vn 0.000000 0.000000 1.000000
vn 0.000000 0.000000 1.000000
vn 0.000000 0.000000 1.000000
vn 0.000000 0.000000 1.000000
vn 0.000000 0.000000 1.000000
vn 0.000000 0.000000 1.000000
vn 0.000000 0.000000 1.000000
vn 0.000000 0.000000 1.000000
vn 0.000000 0.000000 1.000000
vn 0.000000 0.000000 1.000000
vn 0.000000 0.000000 1.000000
vn 0.000000 0.000000 1.000000
vn 0.000000 0.000000 1.000000
vn 0.000000 0.000000 1.000000
vn 0.000000 0.000000 1.000000
vn 0.000000 0.000000 1.000000
vn 0.000000 0.000000 1.000000
vn 0.000000 0.000000 1.000000
vn 0.000000 0.000000 1.000000
vn 0.000000 0.000000 1.000000
vn 0.000000 0.000000 1.000000
vn 0.000000 0.000000 1.000000
vn 0.000000 0.000000 1.000000
vn 0.000000 0.000000 1.000000
vn 0.000000 0.000000 1.000000
vn 0.000000 0.000000 1.000000
vn 0.000000 0.000000 1.000000
vn 0.000000 0.000000 1.000000
vn 0.000000 0.000000 1.000000
vn 0.000000 0.000000 1.000000
vn 0.000000 0.000000 1.000000
vn 0.000000 0.000000 1.000000
vn 0.000000 0.000000 1.000000
vn 0.000000 0.000000 1.000000
vn 0.000000 0.000000 1.000000
vn 0.000000 0.000000 1.000000
vn 0.000000 0.000000 1.000000
vn 0.000000 0.000000 1.000000
vn 0.000000 0.000000 1.000000
vn 0.000000 0.000000 1.000000
vn 0.000000 0.000000 1.000000
vn 0.000000 0.000000 1.000000
vn 0.000000 0.000000 1.000000
vn 0.000000 0.000000 1.000000
vn 0.000000 0.000000 1.000000
vn 0.000000 0.000000 1.000000
vn 0.000000 0.000000 1.000000
vn 0.000000 0.000000 1.000000
vn 0.000000 0.000000 1.000000
vn 0.000000 0.000000 1.000000
vn 0.000000 0.000000 1.000000
vn 0.000000 0.000000 1.000000
vn 0.000000 0.000000 1.000000
vn 0.000000 0.000000 1.000000
vn 0.000000 0.000000 1.000000
vn 0.000000 0.000000 1.000000
vn 0.000000 0.000000 1.000000
vn 0.000000 0.000000 1.000000
vn -0.000000 -0.000000 -1.000000
vn -0.000000 -0.000000 -1.000000
vn -0.000000 -0.000000 -1.000000
vn -0.000000 -0.000000 -1.000000
vn -0.000000 -0.000000 -1.000000
vn -0.000000 -0.000000 -1.000000
vn -0.000000 -0.000000 -1.000000
vn -0.000000 -0.000000 -1.000000
vn -0.000000 -0.000000 -1.000000
vn -0.000000 -0.000000 -1.000000
vn -0.000000 -0.000000 -1.000000
vn -0.000000 -0.000000 -1.000000
vn -0.000000 -0.000000 -1.000000
vn -0.000000 -0.000000 -1.000000
vn -0.000000 -0.000000 -1.000000
vn -0.000000 -0.000000 -1.000000
vn -0.000000 -0.000000 -1.000000
vn -0.000000 -0.000000 -1.000000
vn -0.000000 -0.000000 -1.000000
vn -0.000000 -0.000000 -1.000000
vn -0.000000 -0.000000 -1.000000
vn -0.000000 -0.000000 -1.000000
vn -0.000000 -0.000000 -1.000000
vn -0.000000 -0.000000 -1.000000
vn -0.000000 -0.000000 -1.000000
vn -0.000000 -0.000000 -1.000000
vn -0.000000 -0.000000 -1.000000
vn -0.000000 -0.000000 -1.000000
vn -0.000000 -0.000000 -1.000000
vn -0.000000 -0.000000 -1.000000
vn -0.000000 -0.000000 -1.000000
vn -0.000000 -0.000000 -1.000000
vn -0.000000 -0.000000 -1.000000
vn -0.000000 -0.000000 -1.000000
vn -0.000000 -0.000000 -1.000000
vn -0.000000 -0.000000 -1.000000
vn -0.000000 -0.000000 -1.000000
vn -0.000000 -0.000000 -1.000000
vn -0.000000 -0.000000 -1.000000
vn -0.000000 -0.000000 -1.000000
vn -0.000000 -0.000000 -1.000000
vn -0.000000 -0.000000 -1.000000
vn -0.000000 -0.000000 -1.000000
vn -0.000000 -0.000000 -1.000000
vn -0.000000 -0.000000 -1.000000
vn -0.000000 -0.000000 -1.000000
vn -0.000000 -0.000000 -1.000000
vn -0.000000 -0.000000 -1.000000
vn -0.000000 -0.000000 -1.000000
vn -0.000000 -0.000000 -1.000000
vn -0.000000 -0.000000 -1.000000
vn -0.000000 -0.000000 -1.000000
vn -0.000000 -0.000000 -1.000000
vn -0.000000 -0.000000 -1.000000
vn -0.000000 -0.000000 -1.000000
vn -0.000000 -0.000000 -1.000000
vn -0.000000 -0.000000 -1.000000
vn -0.000000 -0.000000 -1.000000
vn -0.000000 -0.000000 -1.000000
vn -0.000000 -0.000000 -1.000000
vn -0.000000 -0.000000 -1.000000
vn -0.000000 -0.000000 -1.000000
vn -0.000000 -0.000000 -1.000000
vn -0.000000 -0.000000 -1.000000
vn -0.000000 -0.000000 -1.000000
vn -0.000000 -0.000000 -1.000000
vn -0.000000 -0.000000 -1.000000
vn -0.000000 -0.000000 -1.000000
vn -0.000000 -0.000000 -1.000000
vn -0.000000 -0.000000 -1.000000
vn -0.000000 -0.000000 -1.000000
vn -0.000000 -0.000000 -1.000000
f 727/1569/1543 785/1570/1544 726/1571/1545
f 726/1571/1545 785/1570/1544 756/1572/1546
f 726/1573/1545 756/1574/1546 755/1575/1547
f 755/1575/1547 756/1574/1546 757/1576/1548
f 755/1575/1547 757/1576/1548 754/1577/1549
f 754/1577/1549 757/1576/1548 758/1578/1550
f 754/1577/1549 758/1578/1550 753/1579/1551
f 753/1579/1551 758/1578/1550 759/1580/1552
f 753/1579/1551 759/1580/1552 752/1581/1553
f 752/1581/1553 759/1580/1552 760/1582/1554
f 752/1581/1553 760/1582/1554 751/1583/1555
f 751/1583/1555 760/1582/1554 761/1584/1556
f 751/1583/1555 761/1584/1556 750/1585/1557
f 750/1585/1557 761/1584/1556 762/1586/1558
f 750/1585/1557 762/1586/1558 749/1587/1559
f 749/1587/1559 762/1586/1558 763/1588/1560
f 749/1587/1559 763/1588/1560 748/1589/1561
f 748/1589/1561 763/1588/1560 764/1590/1562
f 748/1589/1561 764/1590/1562 747/1591/1563
f 747/1591/1563 764/1590/1562 765/1592/1564
f 747/1591/1563 765/1592/1564 746/1593/1565
f 746/1593/1565 765/1592/1564 766/1594/1566
f 746/1593/1565 766/1594/1566 745/1595/1567
f 745/1595/1567 766/1594/1566 767/1596/1568
f 745/1595/1567 767/1596/1568 744/1597/1569
f 744/1597/1569 767/1596/1568 768/1598/1570
f 744/1597/1569 768/1598/1570 743/1599/1571
f 743/1599/1571 768/1598/1570 769/1600/1572
f 743/1599/1571 769/1600/1572 742/1601/1573
f 742/1601/1573 769/1600/1572 770/1602/1574
f 742/1601/1573 770/1602/1574 741/1603/1575
f 741/1603/1575 770/1602/1574 771/1604/1576
f 741/1603/1575 771/1604/1576 740/1605/1577
f 740/1605/1577 771/1604/1576 772/1606/1578
f 740/1605/1577 772/1606/1578 739/1607/1579
f 739/1607/1579 772/1606/1578 773/1608/1580
f 739/1607/1579 773/1608/1580 738/1609/1581
f 738/1609/1581 773/1608/1580 774/1610/1582
f 738/1609/1581 774/1610/1582 737/1611/1583
f 737/1611/1583 774/1610/1582 775/1612/1584
f 737/1611/1583 775/1612/1584 736/1613/1585
f 736/1613/1585 775/1612/1584 776/1614/1586
f 736/1613/1585 776/1614/1586 735/1615/1587
f 735/1615/1587 776/1614/1586 777/1616/1588
f 735/1615/1587 777/1616/1588 734/1617/1589
f 734/1617/1589 777/1616/1588 778/1618/1590
f 734/1617/1589 778/1618/1590 733/1619/1591
f 733/1619/1591 778/1618/1590 779/1620/1592
f 733/1619/1591 779/1620/1592 732/1621/1593
f 732/1621/1593 779/1620/1592 780/1622/1594
f 732/1621/1593 780/1622/1594 731/1623/1595
f 731/1623/1595 780/1622/1594 781/1624/1596
f 731/1623/1595 781/1624/1596 730/1625/1597
f 730/1625/1597 781/1624/1596 782/1626/1598
f 730/1625/1597 782/1626/1598 729/1627/1599
f 729/1627/1599 782/1626/1598 783/1628/1600
f 729/1627/1599 783/1628/1600 728/1629/1601
f 728/1629/1601 783/1628/1600 784/1630/1602
f 728/1629/1601 784/1630/1602 727/1569/1543
f 727/1569/1543 784/1630/1602 785/1570/1544
f 787/1631/1603 869/1632/1604 786/1633/1605
f 786/1633/1605 869/1632/1604 828/1634/1606
f 786/1635/1605 828/1636/1606 827/1637/1607
f 827/1637/1607 828/1636/1606 829/1638/1608
f 827/1637/1607 829/1638/1608 826/1639/1609
f 826/1639/1609 829/1638/1608 830/1640/1610
f 826/1639/1609 830/1640/1610 825/1641/1611
f 825/1641/1611 830/1640/1610 831/1642/1612
f 825/1641/1611 831/1642/1612 824/1643/1613
f 824/1643/1613 831/1642/1612 832/1644/1614
f 824/1643/1613 832/1644/1614 823/1645/1615
f 823/1645/1615 832/1644/1614 833/1646/1616
f 823/1645/1615 833/1646/1616 822/1647/1617
f 822/1647/1617 833/1646/1616 834/1648/1618
f 822/1647/1617 834/1648/1618 821/1649/1619
f 821/1649/1619 834/1648/1618 835/1650/1620
f 821/1649/1619 835/1650/1620 820/1651/1621
f 820/1651/1621 835/1650/1620 836/1652/1622
f 820/1651/1621 836/1652/1622 819/1653/1623
f 819/1653/1623 836/1652/1622 837/1654/1624
f 819/1653/1623 837/1654/1624 818/1655/1625
f 818/1655/1625 837/1654/1624 838/1656/1626
f 818/1655/1625 838/1656/1626 817/1657/1627
f 817/1657/1627 838/1656/1626 839/1658/1628
f 817/1657/1627 839/1658/1628 816/1659/1629
f 816/1659/1629 839/1658/1628 840/1660/1630
f 816/1659/1629 840/1660/1630 815/1661/1631
f 815/1661/1631 840/1660/1630 841/1662/1632
f 815/1661/1631 841/1662/1632 814/1663/1633
f 814/1663/1633 841/1662/1632 842/1664/1634
f 814/1663/1633 842/1664/1634 813/1665/1635
f 813/1665/1635 842/1664/1634 843/1666/1636
f 813/1665/1635 843/1666/1636 812/1667/1637
f 812/1667/1637 843/1666/1636 844/1668/1638
f 812/1667/1637 844/1668/1638 811/1669/1639
f 811/1669/1639 844/1668/1638 845/1670/1640
f 811/1669/1639 845/1670/1640 810/1671/1641
f 810/1671/1641 845/1670/1640 846/1672/1642
f 810/1671/1641 846/1672/1642 809/1673/1643
f 809/1673/1643 846/1672/1642 847/1674/1644
f 809/1673/1643 847/1674/1644 808/1675/1645
f 808/1675/1645 847/1674/1644 848/1676/1646
f 808/1675/1645 848/1676/1646 807/1677/1647
f 807/1677/1647 848/1676/1646 849/1678/1648
f 807/1677/1647 849/1678/1648 806/1679/1649
f 806/1679/1649 849/1678/1648 850/1680/1650
f 806/1679/1649 850/1680/1650 805/1681/1651
f 805/1681/1651 850/1680/1650 851/1682/1652
f 805/1681/1651 851/1682/1652 804/1683/1653
f 804/1683/1653 851/1682/1652 852/1684/1654
f 804/1683/1653 852/1684/1654 803/1685/1655
f 803/1685/1655 852/1684/1654 853/1686/1656
f 803/1685/1655 853/1686/1656 802/1687/1657
f 802/1687/1657 853/1686/1656 854/1688/1658
f 802/1687/1657 854/1688/1658 801/1689/1659
f 801/1689/1659 854/1688/1658 855/1690/1660
f 801/1689/1659 855/1690/1660 800/1691/1661
f 800/1691/1661 855/1690/1660 856/1692/1662
f 800/1691/1661 856/1692/1662 799/1693/1663
f 799/1693/1663 856/1692/1662 857/1694/1664
f 799/1693/1663 857/1694/1664 798/1695/1665
f 798/1695/1665 857/1694/1664 858/1696/1666
f 798/1695/1665 858/1696/1666 797/1697/1667
f 797/1697/1667 858/1696/1666 859/1698/1668
f 797/1697/1667 859/1698/1668 796/1699/1669
f 796/1699/1669 859/1698/1668 860/1700/1670
f 796/1699/1669 860/1700/1670 795/1701/1671
f 795/1701/1671 860/1700/1670 861/1702/1672
f 795/1701/1671 861/1702/1672 794/1703/1673
f 794/1703/1673 861/1702/1672 862/1704/1674
f 794/1703/1673 862/1704/1674 793/1705/1675
f 793/1705/1675 862/1704/1674 863/1706/1676
f 793/1705/1675 863/1706/1676 792/1707/1677
f 792/1707/1677 863/1706/1676 864/1708/1678
f 792/1707/1677 864/1708/1678 791/1709/1679
f 791/1709/1679 864/1708/1678 865/1710/1680
f 791/1709/1679 865/1710/1680 790/1711/1681
f 790/1711/1681 865/1710/1680 866/1712/1682
f 790/1711/1681 866/1712/1682 789/1713/1683
f 789/1713/1683 866/1712/1682 867/1714/1684
f 789/1713/1683 867/1714/1684 788/1715/1685
f 788/1715/1685 867/1714/1684 868/1716/1686
f 788/1715/1685 868/1716/1686 787/1631/1603
f 787/1631/1603 868/1716/1686 869/1632/1604
f 785/1717/1687 829/1718/1688 756/1719/1689
f 756/1719/1689 829/1718/1688 828/1720/1690
f 756/1719/1689 828/1720/1690 869/1721/1691
f 829/1718/1688 785/1717/1687 830/1722/1692
f 830/1722/1692 785/1717/1687 784/1723/1693
f 830/1722/1692 784/1723/1693 831/1724/1694
f 831/1724/1694 784/1723/1693 783/1725/1695
f 831/1724/1694 783/1725/1695 832/1726/1696
f 832/1726/1696 783/1725/1695 833/1727/1697
f 833/1727/1697 783/1725/1695 782/1728/1698
f 833/1727/1697 782/1728/1698 834/1729/1699
f 834/1729/1699 782/1728/1698 781/1730/1700
f 834/1729/1699 781/1730/1700 835/1731/1701
f 835/1731/1701 781/1730/1700 836/1732/1702
f 836/1732/1702 781/1730/1700 780/1733/1703
f 836/1732/1702 780/1733/1703 837/1734/1704
f 837/1734/1704 780/1733/1703 779/1735/1705
f 837/1734/1704 779/1735/1705 838/1736/1706
f 838/1736/1706 779/1735/1705 778/1737/1707
f 838/1736/1706 778/1737/1707 839/1738/1708
f 839/1738/1708 778/1737/1707 840/1739/1709
f 840/1739/1709 778/1737/1707 777/1740/1710
f 840/1739/1709 777/1740/1710 841/1741/1711
f 841/1741/1711 777/1740/1710 776/1742/1712
f 841/1741/1711 776/1742/1712 842/1743/1713
f 842/1743/1713 776/1742/1712 843/1744/1714
f 843/1744/1714 776/1742/1712 775/1745/1715
f 843/1744/1714 775/1745/1715 844/1746/1716
f 844/1746/1716 775/1745/1715 774/1747/1717
f 844/1746/1716 774/1747/1717 845/1748/1718
f 845/1748/1718 774/1747/1717 846/1749/1719
f 846/1749/1719 774/1747/1717 773/1750/1720
f 846/1749/1719 773/1750/1720 847/1751/1721
f 847/1751/1721 773/1750/1720 772/1752/1722
f 847/1751/1721 772/1752/1722 848/1753/1723
f 848/1753/1723 772/1752/1722 771/1754/1724
f 848/1753/1723 771/1754/1724 849/1755/1725
f 849/1755/1725 771/1754/1724 850/1756/1726
f 850/1756/1726 771/1754/1724 770/1757/1727
f 850/1756/1726 770/1757/1727 851/1758/1728
f 851/1758/1728 770/1757/1727 769/1759/1729
f 851/1758/1728 769/1759/1729 852/1760/1730
f 852/1760/1730 769/1759/1729 768/1761/1731
f 852/1760/1730 768/1761/1731 853/1762/1732
f 853/1762/1732 768/1761/1731 854/1763/1733
f 854/1763/1733 768/1761/1731 767/1764/1734
f 854/1763/1733 767/1764/1734 855/1765/1735
f 855/1765/1735 767/1764/1734 766/1766/1736
f 855/1765/1735 766/1766/1736 856/1767/1737
f 856/1767/1737 766/1766/1736 857/1768/1738
f 857/1768/1738 766/1766/1736 765/1769/1739
f 857/1768/1738 765/1769/1739 858/1770/1740
f 858/1770/1740 765/1769/1739 764/1771/1741
f 858/1770/1740 764/1771/1741 859/1772/1742
f 859/1772/1742 764/1771/1741 763/1773/1743
f 859/1772/1742 763/1773/1743 860/1774/1744
f 860/1774/1744 763/1773/1743 861/1775/1745
f 861/1775/1745 763/1773/1743 762/1776/1746
f 861/1775/1745 762/1776/1746 862/1777/1747
f 862/1777/1747 762/1776/1746 761/1778/1748
f 862/1777/1747 761/1778/1748 863/1779/1749
f 863/1779/1749 761/1778/1748 864/1780/1750
f 864/1780/1750 761/1778/1748 760/1781/1751
f 864/1780/1750 760/1781/1751 865/1782/1752
f 865/1782/1752 760/1781/1751 759/1783/1753
f 865/1782/1752 759/1783/1753 866/1784/1754
f 866/1784/1754 759/1783/1753 867/1785/1755
f 867/1785/1755 759/1783/1753 758/1786/1756
f 867/1785/1755 758/1786/1756 868/1787/1757
f 868/1787/1757 758/1786/1756 757/1788/1758
f 868/1787/1757 757/1788/1758 869/1721/1691
f 869/1721/1691 757/1788/1758 756/1719/1689
f 755/1789/1759 787/1790/1760 726/1791/1761
f 726/1791/1761 787/1790/1760 786/1792/1762
f 726/1791/1761 786/1792/1762 827/1793/1763
f 787/1790/1760 755/1789/1759 788/1794/1764
f 788/1794/1764 755/1789/1759 754/1795/1765
f 788/1794/1764 754/1795/1765 789/1796/1766
f 789/1796/1766 754/1795/1765 753/1797/1767
f 789/1796/1766 753/1797/1767 790/1798/1768
f 790/1798/1768 753/1797/1767 791/1799/1769
f 791/1799/1769 753/1797/1767 752/1800/1770
f 791/1799/1769 752/1800/1770 792/1801/1771
f 792/1801/1771 752/1800/1770 751/1802/1772
f 792/1801/1771 751/1802/1772 793/1803/1773
f 793/1803/1773 751/1802/1772 794/1804/1774
f 794/1804/1774 751/1802/1772 750/1805/1775
f 794/1804/1774 750/1805/1775 795/1806/1776
f 795/1806/1776 750/1805/1775 749/1807/1777
f 795/1806/1776 749/1807/1777 796/1808/1778
f 796/1808/1778 749/1807/1777 748/1809/1779
f 796/1808/1778 748/1809/1779 797/1810/1780
f 797/1810/1780 748/1809/1779 798/1811/1781
f 798/1811/1781 748/1809/1779 747/1812/1782
f 798/1811/1781 747/1812/1782 799/1813/1783
f 799/1813/1783 747/1812/1782 746/1814/1784
f 799/1813/1783 746/1814/1784 800/1815/1785
f 800/1815/1785 746/1814/1784 801/1816/1786
f 801/1816/1786 746/1814/1784 745/1817/1787
f 801/1816/1786 745/1817/1787 802/1818/1788
f 802/1818/1788 745/1817/1787 744/1819/1789
f 802/1818/1788 744/1819/1789 803/1820/1790
f 803/1820/1790 744/1819/1789 804/1821/1791
f 804/1821/1791 744/1819/1789 743/1822/1792
f 804/1821/1791 743/1822/1792 805/1823/1793
f 805/1823/1793 743/1822/1792 742/1824/1794
f 805/1823/1793 742/1824/1794 806/1825/1795
f 806/1825/1795 742/1824/1794 741/1826/1796
f 806/1825/1795 741/1826/1796 807/1827/1797
f 807/1827/1797 741/1826/1796 808/1828/1798
f 808/1828/1798 741/1826/1796 740/1829/1799
f 808/1828/1798 740/1829/1799 809/1830/1800
f 809/1830/1800 740/1829/1799 739/1831/1801
f 809/1830/1800 739/1831/1801 810/1832/1802
f 810/1832/1802 739/1831/1801 738/1833/1803
f 810/1832/1802 738/1833/1803 811/1834/1804
f 811/1834/1804 738/1833/1803 812/1835/1805
f 812/1835/1805 738/1833/1803 737/1836/1806
f 812/1835/1805 737/1836/1806 813/1837/1807
f 813/1837/1807 737/1836/1806 736/1838/1808
f 813/1837/1807 736/1838/1808 814/1839/1809
f 814/1839/1809 736/1838/1808 815/1840/1810
f 815/1840/1810 736/1838/1808 735/1841/1811
f 815/1840/1810 735/1841/1811 816/1842/1812
f 816/1842/1812 735/1841/1811 734/1843/1813
f 816/1842/1812 734/1843/1813 817/1844/1814
f 817/1844/1814 734/1843/1813 733/1845/1815
f 817/1844/1814 733/1845/1815 818/1846/1816
f 818/1846/1816 733/1845/1815 819/1847/1817
f 819/1847/1817 733/1845/1815 732/1848/1818
f 819/1847/1817 732/1848/1818 820/1849/1819
f 820/1849/1819 732/1848/1818 731/1850/1820
f 820/1849/1819 731/1850/1820 821/1851/1821
f 821/1851/1821 731/1850/1820 822/1852/1822
f 822/1852/1822 731/1850/1820 730/1853/1823
f 822/1852/1822 730/1853/1823 823/1854/1824
f 823/1854/1824 730/1853/1823 729/1855/1825
f 823/1854/1824 729/1855/1825 824/1856/1826
f 824/1856/1826 729/1855/1825 825/1857/1827
f 825/1857/1827 729/1855/1825 728/1858/1828
f 825/1857/1827 728/1858/1828 826/1859/1829
f 826/1859/1829 728/1858/1828 727/1860/1830
f 826/1859/1829 727/1860/1830 827/1793/1763
f 827/1793/1763 727/1860/1830 726/1791/1761
# 869 vertices
# 1860 texture params
# 1830 normals
# 1746 facets

# 7 groups
