# WaveFront *.obj file (generated by Autodesk ATF)

mtllib OBP40x2-Platinenschutz.mtl

g Körper45

v 4.224858 2.475388 -0.590000
v 4.224858 2.687584 -0.590000
v 4.224858 2.687584 -0.640000
v 4.224858 2.475388 -0.640000
v 4.224858 2.899652 -0.590000
v 4.224858 2.899652 -0.640000
v 4.283073 2.936491 -0.590000
v 4.348617 2.957704 -0.590000
v 4.417377 2.961962 -0.590000
v 4.485038 2.948996 -0.590000
v 4.547353 2.919620 -0.590000
v 4.600411 2.875679 -0.590000
v 4.640883 2.819929 -0.590000
v 4.666229 2.755869 -0.590000
v 4.674858 2.687520 -0.590000
v 4.666229 2.619171 -0.590000
v 4.640883 2.555112 -0.590000
v 4.600411 2.499362 -0.590000
v 4.547353 2.455420 -0.590000
v 4.485038 2.426045 -0.590000
v 4.417377 2.413079 -0.590000
v 4.348617 2.417336 -0.590000
v 4.283073 2.438550 -0.590000
v 4.283073 2.438550 -0.640000
v 4.348617 2.417336 -0.640000
v 4.417377 2.413079 -0.640000
v 4.485038 2.426045 -0.640000
v 4.547353 2.455420 -0.640000
v 4.600411 2.499362 -0.640000
v 4.640883 2.555112 -0.640000
v 4.666229 2.619171 -0.640000
v 4.674858 2.687520 -0.640000
v 4.666229 2.755869 -0.640000
v 4.640883 2.819929 -0.640000
v 4.600411 2.875679 -0.640000
v 4.547353 2.919620 -0.640000
v 4.485038 2.948996 -0.640000
v 4.417377 2.961962 -0.640000
v 4.348617 2.957704 -0.640000
v 4.283073 2.936491 -0.640000
v 4.230838 2.732875 -0.640000
v 4.248336 2.775076 -0.640000
v 4.276160 2.811309 -0.640000
v 4.312414 2.839107 -0.640000
v 4.354627 2.856574 -0.640000
v 4.399922 2.862520 -0.640000
v 4.445213 2.856541 -0.640000
v 4.487414 2.839043 -0.640000
v 4.523647 2.811219 -0.640000
v 4.551445 2.774965 -0.640000
v 4.568912 2.732752 -0.640000
v 4.574858 2.687456 -0.640000
v 4.568879 2.642165 -0.640000
v 4.551381 2.599965 -0.640000
v 4.523557 2.563731 -0.640000
v 4.487303 2.535934 -0.640000
v 4.445090 2.518467 -0.640000
v 4.399794 2.512520 -0.640000
v 4.354503 2.518500 -0.640000
v 4.312303 2.535998 -0.640000
v 4.276069 2.563822 -0.640000
v 4.248272 2.600076 -0.640000
v 4.230805 2.642289 -0.640000
v 4.224858 2.687584 -0.540000
v 4.230805 2.642289 -0.540000
v 4.248272 2.600076 -0.540000
v 4.276069 2.563822 -0.540000
v 4.312303 2.535998 -0.540000
v 4.354503 2.518500 -0.540000
v 4.399794 2.512520 -0.540000
v 4.445090 2.518467 -0.540000
v 4.487303 2.535934 -0.540000
v 4.523557 2.563731 -0.540000
v 4.551381 2.599965 -0.540000
v 4.568879 2.642165 -0.540000
v 4.574858 2.687456 -0.540000
v 4.568912 2.732752 -0.540000
v 4.551445 2.774965 -0.540000
v 4.523647 2.811219 -0.540000
v 4.487414 2.839043 -0.540000
v 4.445213 2.856541 -0.540000
v 4.399922 2.862520 -0.540000
v 4.354627 2.856574 -0.540000
v 4.312414 2.839107 -0.540000
v 4.276160 2.811309 -0.540000
v 4.248336 2.775076 -0.540000
v 4.230838 2.732875 -0.540000
v 8.268133 0.454541 -0.590000
v 8.208950 0.491433 -0.590000
v 8.160951 0.542027 -0.590000
v 8.127222 0.603068 -0.590000
v 8.109933 0.670631 -0.590000
v 8.110196 0.740371 -0.590000
v 8.127993 0.807802 -0.590000
v 8.162180 0.868587 -0.590000
v 8.210559 0.918818 -0.590000
v 8.270018 0.955264 -0.590000
v 8.336733 0.975581 -0.590000
v 8.406414 0.978462 -0.590000
v 8.474578 0.963723 -0.590000
v 8.536843 0.932310 -0.590000
v 8.589203 0.886244 -0.590000
v 8.628292 0.828489 -0.590000
v 8.651596 0.762757 -0.590000
v 8.657615 0.693277 -0.590000
v 8.645962 0.624518 -0.590000
v 8.617388 0.560900 -0.590000
v 8.573729 0.506517 -0.590000
v 8.517794 0.464864 -0.590000
v 8.453180 0.438622 -0.590000
v 8.384042 0.429477 -0.590000
v 8.314827 0.438018 -0.590000
v 8.314827 0.438018 -0.640000
v 8.384042 0.429477 -0.640000
v 8.453180 0.438622 -0.640000
v 8.517794 0.464864 -0.640000
v 8.573729 0.506517 -0.640000
v 8.617388 0.560900 -0.640000
v 8.645962 0.624518 -0.640000
v 8.657615 0.693277 -0.640000
v 8.651596 0.762757 -0.640000
v 8.628292 0.828489 -0.640000
v 8.589203 0.886244 -0.640000
v 8.536843 0.932310 -0.640000
v 8.474578 0.963723 -0.640000
v 8.406414 0.978462 -0.640000
v 8.336733 0.975581 -0.640000
v 8.270018 0.955264 -0.640000
v 8.210559 0.918818 -0.640000
v 8.162180 0.868587 -0.640000
v 8.127993 0.807802 -0.640000
v 8.110196 0.740371 -0.640000
v 8.109933 0.670631 -0.640000
v 8.127222 0.603068 -0.640000
v 8.160951 0.542027 -0.640000
v 8.208950 0.491433 -0.640000
v 8.268133 0.454541 -0.640000
v 8.207843 0.704474 -0.640000
v 8.213806 0.749768 -0.640000
v 8.231288 0.791974 -0.640000
v 8.259099 0.828218 -0.640000
v 8.295343 0.856029 -0.640000
v 8.337549 0.873511 -0.640000
v 8.382843 0.879474 -0.640000
v 8.428136 0.873511 -0.640000
v 8.470343 0.856029 -0.640000
v 8.506586 0.828218 -0.640000
v 8.534397 0.791974 -0.640000
v 8.551880 0.749768 -0.640000
v 8.557843 0.704474 -0.640000
v 8.551880 0.659181 -0.640000
v 8.534397 0.616974 -0.640000
v 8.506586 0.580731 -0.640000
v 8.470343 0.552920 -0.640000
v 8.428136 0.535437 -0.640000
v 8.382843 0.529474 -0.640000
v 8.337549 0.535437 -0.640000
v 8.295343 0.552920 -0.640000
v 8.259099 0.580731 -0.640000
v 8.231288 0.616974 -0.640000
v 8.213806 0.659181 -0.640000
v 8.207843 0.704474 -0.540000
v 8.213806 0.659181 -0.540000
v 8.231288 0.616974 -0.540000
v 8.259099 0.580731 -0.540000
v 8.295343 0.552920 -0.540000
v 8.337549 0.535437 -0.540000
v 8.382843 0.529474 -0.540000
v 8.428136 0.535437 -0.540000
v 8.470343 0.552920 -0.540000
v 8.506586 0.580731 -0.540000
v 8.534397 0.616974 -0.540000
v 8.551880 0.659181 -0.540000
v 8.557843 0.704474 -0.540000
v 8.551880 0.749768 -0.540000
v 8.534397 0.791974 -0.540000
v 8.506586 0.828218 -0.540000
v 8.470343 0.856029 -0.540000
v 8.428136 0.873511 -0.540000
v 8.382843 0.879474 -0.540000
v 8.337549 0.873511 -0.540000
v 8.295343 0.856029 -0.540000
v 8.259099 0.828218 -0.540000
v 8.231288 0.791974 -0.540000
v 8.213806 0.749768 -0.540000
v 8.122508 10.674687 -0.640000
v 8.131378 10.607308 -0.640000
v 8.157386 10.544520 -0.640000
v 8.198758 10.490603 -0.640000
v 8.252675 10.449230 -0.640000
v 8.315463 10.423223 -0.640000
v 8.382843 10.414352 -0.640000
v 8.450222 10.423223 -0.640000
v 8.513010 10.449230 -0.640000
v 8.566927 10.490603 -0.640000
v 8.608300 10.544520 -0.640000
v 8.634307 10.607308 -0.640000
v 8.643178 10.674687 -0.640000
v 8.634307 10.742067 -0.640000
v 8.608300 10.804855 -0.640000
v 8.566927 10.858772 -0.640000
v 8.513010 10.900144 -0.640000
v 8.450222 10.926152 -0.640000
v 8.382843 10.935022 -0.640000
v 8.315463 10.926152 -0.640000
v 8.252675 10.900144 -0.640000
v 8.198758 10.858772 -0.640000
v 8.157386 10.804855 -0.640000
v 8.131378 10.742067 -0.640000
v 8.122508 10.674687 -0.590000
v 8.131378 10.742067 -0.590000
v 8.157386 10.804855 -0.590000
v 8.198758 10.858772 -0.590000
v 8.252675 10.900144 -0.590000
v 8.315463 10.926152 -0.590000
v 8.382843 10.935022 -0.590000
v 8.450222 10.926152 -0.590000
v 8.513010 10.900144 -0.590000
v 8.566927 10.858772 -0.590000
v 8.608300 10.804855 -0.590000
v 8.634307 10.742067 -0.590000
v 8.643178 10.674687 -0.590000
v 8.634307 10.607308 -0.590000
v 8.608300 10.544520 -0.590000
v 8.566927 10.490603 -0.590000
v 8.513010 10.449230 -0.590000
v 8.450222 10.423223 -0.590000
v 8.382843 10.414352 -0.590000
v 8.315463 10.423223 -0.590000
v 8.252675 10.449230 -0.590000
v 8.198758 10.490603 -0.590000
v 8.157386 10.544520 -0.590000
v 8.131378 10.607308 -0.590000
v 8.207843 10.674687 -0.640000
v 8.213806 10.719981 -0.640000
v 8.231288 10.762187 -0.640000
v 8.259099 10.798431 -0.640000
v 8.295343 10.826242 -0.640000
v 8.337549 10.843724 -0.640000
v 8.382843 10.849687 -0.640000
v 8.428136 10.843724 -0.640000
v 8.470343 10.826242 -0.640000
v 8.506586 10.798431 -0.640000
v 8.534397 10.762187 -0.640000
v 8.551880 10.719981 -0.640000
v 8.557843 10.674687 -0.640000
v 8.551880 10.629394 -0.640000
v 8.534397 10.587187 -0.640000
v 8.506586 10.550944 -0.640000
v 8.470343 10.523133 -0.640000
v 8.428136 10.505650 -0.640000
v 8.382843 10.499687 -0.640000
v 8.337549 10.505650 -0.640000
v 8.295343 10.523133 -0.640000
v 8.259099 10.550944 -0.640000
v 8.231288 10.587187 -0.640000
v 8.213806 10.629394 -0.640000
v 8.207843 10.674687 -0.540000
v 8.213806 10.629394 -0.540000
v 8.231288 10.587187 -0.540000
v 8.259099 10.550944 -0.540000
v 8.295343 10.523133 -0.540000
v 8.337549 10.505650 -0.540000
v 8.382843 10.499687 -0.540000
v 8.428136 10.505650 -0.540000
v 8.470343 10.523133 -0.540000
v 8.506586 10.550944 -0.540000
v 8.534397 10.587187 -0.540000
v 8.551880 10.629394 -0.540000
v 8.557843 10.674687 -0.540000
v 8.551880 10.719981 -0.540000
v 8.534397 10.762187 -0.540000
v 8.506586 10.798431 -0.540000
v 8.470343 10.826242 -0.540000
v 8.428136 10.843724 -0.540000
v 8.382843 10.849687 -0.540000
v 8.337549 10.843724 -0.540000
v 8.295343 10.826242 -0.540000
v 8.259099 10.798431 -0.540000
v 8.231288 10.762187 -0.540000
v 8.213806 10.719981 -0.540000
v 4.101183 8.691641 -0.640000
v 4.111361 8.614339 -0.640000
v 4.141198 8.542304 -0.640000
v 4.188663 8.480446 -0.640000
v 4.250521 8.432981 -0.640000
v 4.322556 8.403144 -0.640000
v 4.399858 8.392967 -0.640000
v 4.477161 8.403144 -0.640000
v 4.549196 8.432981 -0.640000
v 4.611053 8.480446 -0.640000
v 4.658518 8.542304 -0.640000
v 4.688356 8.614339 -0.640000
v 4.698533 8.691641 -0.640000
v 4.688356 8.768944 -0.640000
v 4.658518 8.840979 -0.640000
v 4.611053 8.902836 -0.640000
v 4.549196 8.950301 -0.640000
v 4.477161 8.980139 -0.640000
v 4.399858 8.990316 -0.640000
v 4.322556 8.980139 -0.640000
v 4.250521 8.950301 -0.640000
v 4.188663 8.902836 -0.640000
v 4.141198 8.840979 -0.640000
v 4.111361 8.768944 -0.640000
v 4.101183 8.691641 -0.590000
v 4.111361 8.768944 -0.590000
v 4.141198 8.840979 -0.590000
v 4.188663 8.902836 -0.590000
v 4.250521 8.950301 -0.590000
v 4.322556 8.980139 -0.590000
v 4.399858 8.990316 -0.590000
v 4.477161 8.980139 -0.590000
v 4.549196 8.950301 -0.590000
v 4.611053 8.902836 -0.590000
v 4.658518 8.840979 -0.590000
v 4.688356 8.768944 -0.590000
v 4.698533 8.691641 -0.590000
v 4.688356 8.614339 -0.590000
v 4.658518 8.542304 -0.590000
v 4.611053 8.480446 -0.590000
v 4.549196 8.432981 -0.590000
v 4.477161 8.403144 -0.590000
v 4.399858 8.392967 -0.590000
v 4.322556 8.403144 -0.590000
v 4.250521 8.432981 -0.590000
v 4.188663 8.480446 -0.590000
v 4.141198 8.542304 -0.590000
v 4.111361 8.614339 -0.590000
v 4.224858 8.691641 -0.640000
v 4.230821 8.736935 -0.640000
v 4.248304 8.779141 -0.640000
v 4.276115 8.815385 -0.640000
v 4.312358 8.843196 -0.640000
v 4.354565 8.860678 -0.640000
v 4.399858 8.866641 -0.640000
v 4.445152 8.860678 -0.640000
v 4.487358 8.843196 -0.640000
v 4.523602 8.815385 -0.640000
v 4.551413 8.779141 -0.640000
v 4.568895 8.736935 -0.640000
v 4.574858 8.691641 -0.640000
v 4.568895 8.646348 -0.640000
v 4.551413 8.604141 -0.640000
v 4.523602 8.567898 -0.640000
v 4.487358 8.540087 -0.640000
v 4.445152 8.522604 -0.640000
v 4.399858 8.516641 -0.640000
v 4.354565 8.522604 -0.640000
v 4.312358 8.540087 -0.640000
v 4.276115 8.567898 -0.640000
v 4.248304 8.604141 -0.640000
v 4.230821 8.646348 -0.640000
v 4.224858 8.691641 -0.540000
v 4.230821 8.646348 -0.540000
v 4.248304 8.604141 -0.540000
v 4.276115 8.567898 -0.540000
v 4.312358 8.540087 -0.540000
v 4.354565 8.522604 -0.540000
v 4.399858 8.516641 -0.540000
v 4.445152 8.522604 -0.540000
v 4.487358 8.540087 -0.540000
v 4.523602 8.567898 -0.540000
v 4.551413 8.604141 -0.540000
v 4.568895 8.646348 -0.540000
v 4.574858 8.691641 -0.540000
v 4.568895 8.736935 -0.540000
v 4.551413 8.779141 -0.540000
v 4.523602 8.815385 -0.540000
v 4.487358 8.843196 -0.540000
v 4.445152 8.860678 -0.540000
v 4.399858 8.866641 -0.540000
v 4.354565 8.860678 -0.540000
v 4.312358 8.843196 -0.540000
v 4.276115 8.815385 -0.540000
v 4.248304 8.779141 -0.540000
v 4.230821 8.736935 -0.540000
v 3.973173 1.974318 -0.540000
v 3.912036 1.997848 -0.540000
v 3.857463 2.034087 -0.540000
v 3.812058 2.081308 -0.540000
v 3.777985 2.137259 -0.540000
v 3.756869 2.199271 -0.540000
v 3.749716 2.264389 -0.540000
v 3.749716 2.264389 -0.590000
v 3.756869 2.199271 -0.590000
v 3.777985 2.137259 -0.590000
v 3.812058 2.081308 -0.590000
v 3.857463 2.034087 -0.590000
v 3.912036 1.997848 -0.590000
v 3.973173 1.974318 -0.590000
v 6.600000 9.600000 -0.540000
v 5.800000 9.600000 -0.540000
v 5.800000 9.600000 -0.590000
v 6.600000 9.600000 -0.590000
v 6.600000 9.000000 -0.540000
v 6.600000 9.000000 -0.590000
v 5.800000 9.000000 -0.540000
v 5.800000 9.000000 -0.590000
v 8.382231 10.948479 -0.540000
v 8.458691 10.956026 -0.540000
v 8.534560 10.943906 -0.540000
v 8.604863 10.912912 -0.540000
v 8.664988 10.865079 -0.540000
v 8.710991 10.803542 -0.540000
v 8.739856 10.732339 -0.540000
v 8.749689 10.656140 -0.540000
v 8.749689 10.656140 -0.590000
v 8.739856 10.732339 -0.590000
v 8.710991 10.803542 -0.590000
v 8.664988 10.865079 -0.590000
v 8.604863 10.912912 -0.590000
v 8.534560 10.943906 -0.590000
v 8.458691 10.956026 -0.590000
v 8.382231 10.948479 -0.590000
v 4.900000 9.870933 -0.540000
v 4.900000 9.870933 -0.590000
v 4.900000 9.000000 -0.540000
v 4.900000 9.000000 -0.590000
v 3.749716 9.000000 -0.540000
v 3.749716 9.000000 -0.590000
v 8.372426 0.417637 -0.540000
v 8.372426 0.417637 -0.590000
v 8.748970 0.707686 -0.540000
v 8.738785 0.630201 -0.540000
v 8.708932 0.557977 -0.540000
v 8.661438 0.495913 -0.540000
v 8.599526 0.448222 -0.540000
v 8.527396 0.418140 -0.540000
v 8.449944 0.407709 -0.540000
v 8.449944 0.407709 -0.590000
v 8.527396 0.418140 -0.590000
v 8.599526 0.448222 -0.590000
v 8.661438 0.495913 -0.590000
v 8.708932 0.557977 -0.590000
v 8.738785 0.630201 -0.590000
v 8.748970 0.707686 -0.590000
v 8.749027 1.500000 -0.540000
v 8.749027 1.500000 -0.590000
v 7.300000 1.500000 -0.540000
v 7.300000 1.500000 -0.590000
v 7.300000 5.900000 -0.540000
v 7.300000 5.900000 -0.590000
v 6.700000 5.900000 -0.540000
v 6.700000 5.900000 -0.590000
v 6.700000 9.702748 -0.540000
v 6.700000 9.702748 -0.590000
v 8.749620 9.702748 -0.540000
v 8.749620 9.702748 -0.590000
vt 0.000000 0.050000 0.000000
vt 0.212196 0.050000 0.000000
vt 0.000000 0.100000 0.000000
vt 0.212196 0.100000 0.000000
vt 0.000000 0.050000 0.000000
vt 0.212068 0.050000 0.000000
vt 0.000000 0.100000 0.000000
vt 0.212068 0.100000 0.000000
vt -0.100000 -0.621657 0.000000
vt -0.050000 -0.621657 0.000000
vt -0.100000 -0.552584 0.000000
vt -0.050000 -0.552584 0.000000
vt -0.100000 -0.483511 0.000000
vt -0.050000 -0.483511 0.000000
vt -0.100000 -0.414438 0.000000
vt -0.050000 -0.414438 0.000000
vt -0.100000 -0.345365 0.000000
vt -0.050000 -0.345365 0.000000
vt -0.100000 -0.276292 0.000000
vt -0.050000 -0.276292 0.000000
vt -0.100000 -0.207219 0.000000
vt -0.050000 -0.207219 0.000000
vt -0.100000 -0.138146 0.000000
vt -0.050000 -0.138146 0.000000
vt -0.100000 -0.069073 0.000000
vt -0.050000 -0.069073 0.000000
vt -0.100000 0.000000 0.000000
vt -0.050000 0.000000 0.000000
vt -0.100000 0.069073 0.000000
vt -0.050000 0.069073 0.000000
vt -0.100000 0.138146 0.000000
vt -0.050000 0.138146 0.000000
vt -0.100000 0.207219 0.000000
vt -0.050000 0.207219 0.000000
vt -0.100000 0.276292 0.000000
vt -0.050000 0.276292 0.000000
vt -0.100000 0.345365 0.000000
vt -0.050000 0.345365 0.000000
vt -0.100000 0.414438 0.000000
vt -0.050000 0.414438 0.000000
vt -0.100000 0.483511 0.000000
vt -0.050000 0.483511 0.000000
vt -0.100000 0.552584 0.000000
vt -0.050000 0.552584 0.000000
vt -0.100000 0.621657 0.000000
vt -0.050000 0.621657 0.000000
vt 0.100000 -0.549715 0.000000
vt 0.100000 -0.503900 0.000000
vt 0.050000 -0.549715 0.000000
vt -0.000000 -0.503900 0.000000
vt 0.000000 -0.549715 0.000000
vt 0.000000 -0.458085 0.000000
vt 0.100000 -0.458085 0.000000
vt -0.000000 -0.412270 0.000000
vt 0.100000 -0.412270 0.000000
vt -0.000000 -0.366455 0.000000
vt 0.100000 -0.366455 0.000000
vt -0.000000 -0.320640 0.000000
vt 0.100000 -0.320640 0.000000
vt -0.000000 -0.274825 0.000000
vt 0.100000 -0.274825 0.000000
vt -0.000000 -0.229011 0.000000
vt 0.100000 -0.229011 0.000000
vt -0.000000 -0.183196 0.000000
vt 0.100000 -0.183196 0.000000
vt 0.000000 -0.137381 0.000000
vt 0.100000 -0.137381 0.000000
vt -0.000000 -0.091566 0.000000
vt 0.100000 -0.091566 0.000000
vt -0.000000 -0.045751 0.000000
vt 0.100000 -0.045751 0.000000
vt 0.000000 0.000064 0.000000
vt 0.100000 0.000064 0.000000
vt -0.000000 0.045879 0.000000
vt 0.100000 0.045879 0.000000
vt 0.000000 0.091694 0.000000
vt 0.100000 0.091694 0.000000
vt -0.000000 0.137509 0.000000
vt 0.100000 0.137509 0.000000
vt 0.000000 0.183323 0.000000
vt 0.100000 0.183323 0.000000
vt -0.000000 0.229138 0.000000
vt 0.100000 0.229138 0.000000
vt -0.000000 0.274953 0.000000
vt 0.100000 0.274953 0.000000
vt -0.000000 0.320768 0.000000
vt 0.100000 0.320768 0.000000
vt -0.000000 0.366583 0.000000
vt 0.100000 0.366583 0.000000
vt -0.000000 0.412398 0.000000
vt 0.100000 0.412398 0.000000
vt -0.000000 0.458213 0.000000
vt 0.100000 0.458213 0.000000
vt -0.000000 0.504028 0.000000
vt 0.100000 0.504028 0.000000
vt 0.050000 0.549843 0.000000
vt 0.100000 -0.595530 0.000000
vt 0.000000 0.549843 0.000000
vt -0.225000 -0.000064 0.000000
vt -0.219054 0.045232 0.000000
vt -0.225000 0.212132 0.000000
vt -0.201586 0.087445 0.000000
vt -0.173789 0.123698 0.000000
vt -0.137555 0.151522 0.000000
vt -0.166785 0.248970 0.000000
vt -0.095355 0.169020 0.000000
vt -0.101241 0.270184 0.000000
vt -0.050064 0.175000 0.000000
vt -0.032481 0.274441 0.000000
vt -0.004768 0.169054 0.000000
vt 0.035180 0.261476 0.000000
vt 0.037445 0.151586 0.000000
vt 0.097494 0.232100 0.000000
vt 0.073698 0.123789 0.000000
vt 0.150553 0.188159 0.000000
vt 0.101522 0.087555 0.000000
vt 0.191025 0.132409 0.000000
vt 0.119020 0.045355 0.000000
vt 0.216371 0.068349 0.000000
vt 0.125000 0.000064 0.000000
vt 0.225000 0.000000 0.000000
vt 0.216371 -0.068349 0.000000
vt 0.119054 -0.045232 0.000000
vt 0.191025 -0.132409 0.000000
vt 0.101586 -0.087445 0.000000
vt 0.150553 -0.188159 0.000000
vt 0.073789 -0.123698 0.000000
vt 0.097494 -0.232100 0.000000
vt 0.037555 -0.151522 0.000000
vt 0.035180 -0.261476 0.000000
vt -0.004645 -0.169020 0.000000
vt -0.032481 -0.274441 0.000000
vt -0.049936 -0.175000 0.000000
vt -0.101241 -0.270184 0.000000
vt -0.095232 -0.169054 0.000000
vt -0.166785 -0.248970 0.000000
vt -0.137445 -0.151586 0.000000
vt -0.225000 -0.212132 0.000000
vt -0.173698 -0.123789 0.000000
vt -0.201522 -0.087555 0.000000
vt -0.219020 -0.045355 0.000000
vt -0.050000 0.550296 0.000000
vt -0.050000 0.620224 0.000000
vt -0.100000 0.550296 0.000000
vt -0.100000 0.620224 0.000000
vt -0.050000 0.690152 0.000000
vt -0.100000 0.690152 0.000000
vt -0.050000 0.760081 0.000000
vt -0.100000 0.760081 0.000000
vt -0.050000 0.830009 0.000000
vt -0.100000 0.830009 0.000000
vt -0.050000 0.899937 0.000000
vt -0.100000 0.899937 0.000000
vt -0.100000 -0.827939 0.000000
vt -0.050000 -0.827939 0.000000
vt -0.050000 -0.758011 0.000000
vt -0.100000 -0.758011 0.000000
vt -0.050000 -0.688082 0.000000
vt -0.100000 -0.688082 0.000000
vt -0.050000 -0.618154 0.000000
vt -0.100000 -0.618154 0.000000
vt -0.050000 -0.548226 0.000000
vt -0.100000 -0.548226 0.000000
vt -0.050000 -0.478298 0.000000
vt -0.100000 -0.478298 0.000000
vt -0.050000 -0.408369 0.000000
vt -0.100000 -0.408369 0.000000
vt -0.050000 -0.338441 0.000000
vt -0.100000 -0.338441 0.000000
vt -0.050000 -0.268513 0.000000
vt -0.100000 -0.268513 0.000000
vt -0.050000 -0.198585 0.000000
vt -0.100000 -0.198585 0.000000
vt -0.050000 -0.128656 0.000000
vt -0.100000 -0.128656 0.000000
vt -0.050000 -0.058728 0.000000
vt -0.100000 -0.058728 0.000000
vt -0.050000 0.011200 0.000000
vt -0.100000 0.011200 0.000000
vt -0.050000 0.081128 0.000000
vt -0.100000 0.081128 0.000000
vt -0.050000 0.151057 0.000000
vt -0.100000 0.151057 0.000000
vt -0.050000 0.220985 0.000000
vt -0.100000 0.220985 0.000000
vt -0.050000 0.290913 0.000000
vt -0.100000 0.290913 0.000000
vt -0.050000 0.360841 0.000000
vt -0.100000 0.360841 0.000000
vt -0.100000 0.430770 0.000000
vt -0.050000 0.430770 0.000000
vt -0.050000 0.500698 0.000000
vt -0.100000 0.500698 0.000000
vt 0.100000 -0.503964 0.000000
vt 0.000000 -0.503964 0.000000
vt 0.100000 -0.549779 0.000000
vt 0.000000 -0.549779 0.000000
vt 0.100000 0.549779 0.000000
vt 0.000000 0.549779 0.000000
vt 0.100000 0.503964 0.000000
vt -0.000000 0.503964 0.000000
vt 0.100000 0.458149 0.000000
vt -0.000000 0.458149 0.000000
vt 0.100000 0.412334 0.000000
vt -0.000000 0.412334 0.000000
vt 0.100000 0.366519 0.000000
vt -0.000000 0.366519 0.000000
vt 0.100000 0.320704 0.000000
vt -0.000000 0.320704 0.000000
vt 0.100000 0.274889 0.000000
vt 0.000000 0.274889 0.000000
vt 0.100000 0.229074 0.000000
vt 0.000000 0.229074 0.000000
vt 0.100000 0.183260 0.000000
vt 0.000000 0.183260 0.000000
vt 0.100000 0.137445 0.000000
vt -0.000000 0.137445 0.000000
vt 0.100000 0.091630 0.000000
vt -0.000000 0.091630 0.000000
vt 0.100000 0.045815 0.000000
vt 0.000000 0.045815 0.000000
vt 0.100000 0.000000 0.000000
vt 0.000000 0.000000 0.000000
vt 0.100000 -0.045815 0.000000
vt 0.000000 -0.045815 0.000000
vt 0.100000 -0.091630 0.000000
vt -0.000000 -0.091630 0.000000
vt 0.100000 -0.137445 0.000000
vt -0.000000 -0.137445 0.000000
vt 0.100000 -0.183260 0.000000
vt 0.000000 -0.183260 0.000000
vt 0.100000 -0.229074 0.000000
vt 0.000000 -0.229074 0.000000
vt 0.100000 -0.274889 0.000000
vt 0.000000 -0.274889 0.000000
vt 0.100000 -0.320704 0.000000
vt 0.000000 -0.320704 0.000000
vt 0.100000 -0.366519 0.000000
vt 0.000000 -0.366519 0.000000
vt 0.100000 -0.412334 0.000000
vt -0.000000 -0.412334 0.000000
vt 0.100000 -0.458149 0.000000
vt -0.000000 -0.458149 0.000000
vt -0.169037 0.045293 0.000000
vt -0.272910 0.033843 0.000000
vt -0.175000 0.000000 0.000000
vt -0.272647 -0.035896 0.000000
vt -0.169037 -0.045293 0.000000
vt -0.254850 -0.103327 0.000000
vt -0.151554 -0.087500 0.000000
vt -0.220662 -0.164113 0.000000
vt -0.123744 -0.123744 0.000000
vt -0.172284 -0.214344 0.000000
vt -0.087500 -0.151554 0.000000
vt -0.112825 -0.250790 0.000000
vt -0.045293 -0.169037 0.000000
vt -0.046110 -0.271107 0.000000
vt -0.000000 -0.175000 0.000000
vt 0.023571 -0.273988 0.000000
vt 0.045293 -0.169037 0.000000
vt 0.091735 -0.259248 0.000000
vt 0.087500 -0.151554 0.000000
vt 0.154000 -0.227835 0.000000
vt 0.123744 -0.123744 0.000000
vt 0.206361 -0.181770 0.000000
vt 0.151554 -0.087500 0.000000
vt 0.245450 -0.124014 0.000000
vt 0.169037 -0.045293 0.000000
vt 0.268753 -0.058283 0.000000
vt 0.175000 0.000000 0.000000
vt 0.274772 0.011197 0.000000
vt 0.169037 0.045293 0.000000
vt 0.263120 0.079957 0.000000
vt 0.151554 0.087500 0.000000
vt 0.234545 0.143574 0.000000
vt 0.123744 0.123744 0.000000
vt 0.190887 0.197958 0.000000
vt 0.087500 0.151554 0.000000
vt 0.134951 0.239610 0.000000
vt 0.045293 0.169037 0.000000
vt 0.070337 0.265853 0.000000
vt 0.001199 0.274997 0.000000
vt -0.255620 0.101406 0.000000
vt -0.151554 0.087500 0.000000
vt -0.221892 0.162447 0.000000
vt -0.123744 0.123744 0.000000
vt -0.173892 0.213041 0.000000
vt -0.087500 0.151554 0.000000
vt -0.114709 0.249933 0.000000
vt -0.045293 0.169037 0.000000
vt -0.068016 0.266456 0.000000
vt -0.000000 0.175000 0.000000
vt -0.100000 0.749711 0.000000
vt -0.050000 0.749711 0.000000
vt -0.100000 0.817867 0.000000
vt -0.050000 0.817867 0.000000
vt -0.100000 -0.817867 0.000000
vt -0.050000 -0.817867 0.000000
vt -0.100000 -0.749711 0.000000
vt -0.050000 -0.749711 0.000000
vt -0.100000 -0.681556 0.000000
vt -0.050000 -0.681556 0.000000
vt -0.100000 -0.613400 0.000000
vt -0.050000 -0.613400 0.000000
vt -0.100000 -0.545245 0.000000
vt -0.050000 -0.545245 0.000000
vt -0.100000 -0.477089 0.000000
vt -0.050000 -0.477089 0.000000
vt -0.100000 -0.408933 0.000000
vt -0.050000 -0.408933 0.000000
vt -0.100000 -0.340778 0.000000
vt -0.050000 -0.340778 0.000000
vt -0.100000 -0.272622 0.000000
vt -0.050000 -0.272622 0.000000
vt -0.100000 -0.204467 0.000000
vt -0.050000 -0.204467 0.000000
vt -0.100000 -0.136311 0.000000
vt -0.050000 -0.136311 0.000000
vt -0.100000 -0.068156 0.000000
vt -0.050000 -0.068156 0.000000
vt -0.100000 0.000000 0.000000
vt -0.050000 0.000000 0.000000
vt -0.100000 0.068156 0.000000
vt -0.050000 0.068156 0.000000
vt -0.100000 0.136311 0.000000
vt -0.050000 0.136311 0.000000
vt -0.100000 0.204467 0.000000
vt -0.050000 0.204467 0.000000
vt -0.100000 0.272622 0.000000
vt -0.050000 0.272622 0.000000
vt -0.100000 0.340778 0.000000
vt -0.050000 0.340778 0.000000
vt -0.100000 0.408933 0.000000
vt -0.050000 0.408933 0.000000
vt -0.100000 0.477089 0.000000
vt -0.050000 0.477089 0.000000
vt -0.100000 0.545245 0.000000
vt -0.050000 0.545245 0.000000
vt -0.100000 0.613400 0.000000
vt -0.050000 0.613400 0.000000
vt -0.100000 0.681556 0.000000
vt -0.050000 0.681556 0.000000
vt 0.100000 -0.503964 0.000000
vt 0.000000 -0.503964 0.000000
vt 0.100000 -0.549779 0.000000
vt 0.000000 -0.549779 0.000000
vt 0.100000 0.549779 0.000000
vt 0.000000 0.549779 0.000000
vt 0.100000 0.503964 0.000000
vt -0.000000 0.503964 0.000000
vt 0.100000 0.458149 0.000000
vt -0.000000 0.458149 0.000000
vt 0.100000 0.412334 0.000000
vt -0.000000 0.412334 0.000000
vt 0.100000 0.366519 0.000000
vt -0.000000 0.366519 0.000000
vt 0.100000 0.320704 0.000000
vt -0.000000 0.320704 0.000000
vt 0.100000 0.274889 0.000000
vt 0.000000 0.274889 0.000000
vt 0.100000 0.229074 0.000000
vt 0.000000 0.229074 0.000000
vt 0.100000 0.183260 0.000000
vt -0.000000 0.183260 0.000000
vt 0.100000 0.137445 0.000000
vt -0.000000 0.137445 0.000000
vt 0.100000 0.091630 0.000000
vt -0.000000 0.091630 0.000000
vt 0.100000 0.045815 0.000000
vt 0.000000 0.045815 0.000000
vt 0.100000 0.000000 0.000000
vt 0.000000 0.000000 0.000000
vt 0.100000 -0.045815 0.000000
vt 0.000000 -0.045815 0.000000
vt 0.100000 -0.091630 0.000000
vt -0.000000 -0.091630 0.000000
vt 0.100000 -0.137445 0.000000
vt -0.000000 -0.137445 0.000000
vt 0.100000 -0.183260 0.000000
vt -0.000000 -0.183260 0.000000
vt 0.100000 -0.229074 0.000000
vt 0.000000 -0.229074 0.000000
vt 0.100000 -0.274889 0.000000
vt 0.000000 -0.274889 0.000000
vt 0.100000 -0.320704 0.000000
vt 0.000000 -0.320704 0.000000
vt 0.100000 -0.366519 0.000000
vt -0.000000 -0.366519 0.000000
vt 0.100000 -0.412334 0.000000
vt -0.000000 -0.412334 0.000000
vt 0.100000 -0.458149 0.000000
vt -0.000000 -0.458149 0.000000
vt -0.169037 -0.045293 0.000000
vt -0.175000 0.000000 0.000000
vt -0.260335 0.000000 0.000000
vt -0.169037 0.045293 0.000000
vt -0.251464 0.067380 0.000000
vt -0.151554 0.087500 0.000000
vt -0.225457 0.130168 0.000000
vt -0.123744 0.123744 0.000000
vt -0.184085 0.184085 0.000000
vt -0.087500 0.151554 0.000000
vt -0.130168 0.225457 0.000000
vt -0.045293 0.169037 0.000000
vt -0.067380 0.251464 0.000000
vt -0.000000 0.175000 0.000000
vt -0.000000 0.260335 0.000000
vt 0.067380 0.251464 0.000000
vt 0.045293 0.169037 0.000000
vt 0.130168 0.225457 0.000000
vt 0.087500 0.151554 0.000000
vt 0.184085 0.184085 0.000000
vt 0.123744 0.123744 0.000000
vt 0.225457 0.130168 0.000000
vt 0.151554 0.087500 0.000000
vt 0.251464 0.067380 0.000000
vt 0.169037 0.045293 0.000000
vt 0.260335 0.000000 0.000000
vt 0.175000 0.000000 0.000000
vt 0.251464 -0.067380 0.000000
vt 0.169037 -0.045293 0.000000
vt 0.151554 -0.087500 0.000000
vt 0.225457 -0.130168 0.000000
vt 0.123744 -0.123744 0.000000
vt 0.184085 -0.184085 0.000000
vt 0.087500 -0.151554 0.000000
vt 0.130168 -0.225457 0.000000
vt 0.045293 -0.169037 0.000000
vt 0.067380 -0.251464 0.000000
vt -0.000000 -0.175000 0.000000
vt -0.000000 -0.260335 0.000000
vt -0.067380 -0.251464 0.000000
vt -0.045293 -0.169037 0.000000
vt -0.130168 -0.225457 0.000000
vt -0.087500 -0.151554 0.000000
vt -0.184085 -0.184085 0.000000
vt -0.123744 -0.123744 0.000000
vt -0.225457 -0.130168 0.000000
vt -0.151554 -0.087500 0.000000
vt -0.251464 -0.067380 0.000000
vt -0.100000 0.860122 0.000000
vt -0.050000 0.860122 0.000000
vt -0.100000 0.938315 0.000000
vt -0.050000 0.938315 0.000000
vt -0.100000 -0.938315 0.000000
vt -0.050000 -0.938315 0.000000
vt -0.100000 -0.860122 0.000000
vt -0.050000 -0.860122 0.000000
vt -0.100000 -0.781929 0.000000
vt -0.050000 -0.781929 0.000000
vt -0.100000 -0.703736 0.000000
vt -0.050000 -0.703736 0.000000
vt -0.100000 -0.625543 0.000000
vt -0.050000 -0.625543 0.000000
vt -0.100000 -0.547350 0.000000
vt -0.050000 -0.547350 0.000000
vt -0.100000 -0.469157 0.000000
vt -0.050000 -0.469157 0.000000
vt -0.100000 -0.390964 0.000000
vt -0.050000 -0.390964 0.000000
vt -0.100000 -0.312772 0.000000
vt -0.050000 -0.312772 0.000000
vt -0.100000 -0.234579 0.000000
vt -0.050000 -0.234579 0.000000
vt -0.100000 -0.156386 0.000000
vt -0.050000 -0.156386 0.000000
vt -0.100000 -0.078193 0.000000
vt -0.050000 -0.078193 0.000000
vt -0.100000 0.000000 0.000000
vt -0.050000 0.000000 0.000000
vt -0.100000 0.078193 0.000000
vt -0.050000 0.078193 0.000000
vt -0.100000 0.156386 0.000000
vt -0.050000 0.156386 0.000000
vt -0.100000 0.234579 0.000000
vt -0.050000 0.234579 0.000000
vt -0.100000 0.312772 0.000000
vt -0.050000 0.312772 0.000000
vt -0.100000 0.390964 0.000000
vt -0.050000 0.390964 0.000000
vt -0.100000 0.469157 0.000000
vt -0.050000 0.469157 0.000000
vt -0.100000 0.547350 0.000000
vt -0.050000 0.547350 0.000000
vt -0.100000 0.625543 0.000000
vt -0.050000 0.625543 0.000000
vt -0.100000 0.703736 0.000000
vt -0.050000 0.703736 0.000000
vt -0.100000 0.781929 0.000000
vt -0.050000 0.781929 0.000000
vt 0.100000 -0.503964 0.000000
vt 0.000000 -0.503964 0.000000
vt 0.100000 -0.549779 0.000000
vt 0.000000 -0.549779 0.000000
vt 0.100000 0.549779 0.000000
vt 0.000000 0.549779 0.000000
vt 0.100000 0.503964 0.000000
vt -0.000000 0.503964 0.000000
vt 0.100000 0.458149 0.000000
vt -0.000000 0.458149 0.000000
vt 0.100000 0.412334 0.000000
vt -0.000000 0.412334 0.000000
vt 0.100000 0.366519 0.000000
vt -0.000000 0.366519 0.000000
vt 0.100000 0.320704 0.000000
vt -0.000000 0.320704 0.000000
vt 0.100000 0.274889 0.000000
vt 0.000000 0.274889 0.000000
vt 0.100000 0.229074 0.000000
vt -0.000000 0.229074 0.000000
vt 0.100000 0.183260 0.000000
vt 0.000000 0.183260 0.000000
vt 0.100000 0.137445 0.000000
vt -0.000000 0.137445 0.000000
vt 0.100000 0.091630 0.000000
vt -0.000000 0.091630 0.000000
vt 0.100000 0.045815 0.000000
vt 0.000000 0.045815 0.000000
vt 0.100000 0.000000 0.000000
vt 0.000000 0.000000 0.000000
vt 0.100000 -0.045815 0.000000
vt 0.000000 -0.045815 0.000000
vt 0.100000 -0.091630 0.000000
vt -0.000000 -0.091630 0.000000
vt 0.100000 -0.137445 0.000000
vt -0.000000 -0.137445 0.000000
vt 0.100000 -0.183260 0.000000
vt 0.000000 -0.183260 0.000000
vt 0.100000 -0.229074 0.000000
vt -0.000000 -0.229074 0.000000
vt 0.100000 -0.274889 0.000000
vt 0.000000 -0.274889 0.000000
vt 0.100000 -0.320704 0.000000
vt -0.000000 -0.320704 0.000000
vt 0.100000 -0.366519 0.000000
vt 0.000000 -0.366519 0.000000
vt 0.100000 -0.412334 0.000000
vt -0.000000 -0.412334 0.000000
vt 0.100000 -0.458149 0.000000
vt -0.000000 -0.458149 0.000000
vt -0.169037 -0.045293 0.000000
vt -0.175000 0.000000 0.000000
vt -0.298675 0.000000 0.000000
vt -0.169037 0.045293 0.000000
vt -0.288498 0.077303 0.000000
vt -0.151554 0.087500 0.000000
vt -0.258660 0.149337 0.000000
vt -0.123744 0.123744 0.000000
vt -0.211195 0.211195 0.000000
vt -0.087500 0.151554 0.000000
vt -0.149337 0.258660 0.000000
vt -0.045293 0.169037 0.000000
vt -0.077303 0.288498 0.000000
vt -0.000000 0.175000 0.000000
vt -0.000000 0.298675 0.000000
vt 0.077303 0.288498 0.000000
vt 0.045293 0.169037 0.000000
vt 0.149337 0.258660 0.000000
vt 0.087500 0.151554 0.000000
vt 0.211195 0.211195 0.000000
vt 0.123744 0.123744 0.000000
vt 0.258660 0.149337 0.000000
vt 0.151554 0.087500 0.000000
vt 0.288498 0.077303 0.000000
vt 0.169037 0.045293 0.000000
vt 0.298675 0.000000 0.000000
vt 0.175000 0.000000 0.000000
vt 0.288498 -0.077303 0.000000
vt 0.169037 -0.045293 0.000000
vt 0.151554 -0.087500 0.000000
vt 0.258660 -0.149337 0.000000
vt 0.123744 -0.123744 0.000000
vt 0.211195 -0.211195 0.000000
vt 0.087500 -0.151554 0.000000
vt 0.149337 -0.258660 0.000000
vt 0.045293 -0.169037 0.000000
vt 0.077303 -0.288498 0.000000
vt -0.000000 -0.175000 0.000000
vt -0.000000 -0.298675 0.000000
vt -0.077303 -0.288498 0.000000
vt -0.045293 -0.169037 0.000000
vt -0.149337 -0.258660 0.000000
vt -0.087500 -0.151554 0.000000
vt -0.211195 -0.211195 0.000000
vt -0.123744 -0.123744 0.000000
vt -0.258660 -0.149337 0.000000
vt -0.151554 -0.087500 0.000000
vt -0.288498 -0.077303 0.000000
vt -0.050000 -0.393840 0.000000
vt 0.000000 -0.393840 0.000000
vt -0.050000 -0.328200 0.000000
vt -0.000000 -0.328200 0.000000
vt -0.000000 -0.262560 0.000000
vt -0.050000 -0.262560 0.000000
vt 0.000000 -0.196920 0.000000
vt -0.050000 -0.196920 0.000000
vt -0.000000 -0.131280 0.000000
vt -0.050000 -0.131280 0.000000
vt 0.000000 -0.065640 0.000000
vt -0.050000 -0.065640 0.000000
vt -0.050000 0.000000 0.000000
vt -0.000000 0.000000 0.000000
vt 0.000000 0.000000 0.000000
vt 0.800000 -0.000000 0.000000
vt -0.000000 0.050000 0.000000
vt 0.800000 0.050000 0.000000
vt 0.000000 0.000000 0.000000
vt 0.600000 0.000000 0.000000
vt 0.000000 0.050000 0.000000
vt 0.600000 0.050000 0.000000
vt 0.000000 0.000000 0.000000
vt 0.800000 0.000000 0.000000
vt 0.000000 0.050000 0.000000
vt 0.800000 0.050000 0.000000
vt 0.000000 0.000000 0.000000
vt 0.600000 0.000000 0.000000
vt -0.000000 0.050000 0.000000
vt 0.600000 0.050000 0.000000
vt -0.050000 -0.539300 0.000000
vt -0.000000 -0.539300 0.000000
vt -0.050000 -0.462257 0.000000
vt -0.000000 -0.462257 0.000000
vt -0.050000 -0.385214 0.000000
vt -0.000000 -0.385214 0.000000
vt -0.050000 -0.308172 0.000000
vt -0.000000 -0.308172 0.000000
vt -0.050000 -0.231129 0.000000
vt -0.000000 -0.231129 0.000000
vt -0.050000 -0.154086 0.000000
vt -0.000000 -0.154086 0.000000
vt -0.050000 -0.077043 0.000000
vt -0.000000 -0.077043 0.000000
vt -0.050000 -0.000000 0.000000
vt -0.000000 -0.000000 0.000000
vt 0.000000 0.000000 0.000000
vt 3.645139 0.000000 0.000000
vt 0.000000 0.050000 0.000000
vt 3.645139 0.050000 0.000000
vt 0.000000 0.000000 0.000000
vt 0.870933 0.000000 0.000000
vt 0.000000 0.050000 0.000000
vt 0.870933 0.050000 0.000000
vt 0.000000 0.000000 0.000000
vt 1.150284 0.000000 0.000000
vt 0.000000 0.050000 0.000000
vt 1.150284 0.050000 0.000000
vt -4.435612 0.000000 0.000000
vt 2.300000 0.000000 0.000000
vt -4.435612 0.050000 0.000000
vt 2.300000 0.050000 0.000000
vt 4.555920 0.000000 0.000000
vt -0.000000 0.050000 0.000000
vt -0.110630 0.000000 0.000000
vt -0.049531 0.050000 0.000000
vt -0.110630 0.050000 0.000000
vt 4.555920 0.050000 0.000000
vt -0.000000 0.100000 0.000000
vt -0.049531 0.100000 0.000000
vt -0.050000 -0.548616 0.000000
vt -0.000000 -0.548616 0.000000
vt -0.050000 -0.470242 0.000000
vt -0.000000 -0.470242 0.000000
vt -0.050000 -0.391869 0.000000
vt -0.000000 -0.391869 0.000000
vt -0.050000 -0.313495 0.000000
vt -0.000000 -0.313495 0.000000
vt -0.050000 -0.235121 0.000000
vt -0.000000 -0.235121 0.000000
vt -0.050000 -0.156747 0.000000
vt -0.000000 -0.156747 0.000000
vt -0.050000 -0.078374 0.000000
vt -0.000000 -0.078374 0.000000
vt -0.050000 0.000000 0.000000
vt -0.000000 0.000000 0.000000
vt -0.000000 0.000000 0.000000
vt 0.792314 -0.000000 0.000000
vt 0.000000 0.050000 0.000000
vt 0.792314 0.050000 0.000000
vt 0.000000 0.000000 0.000000
vt 1.449027 0.000000 0.000000
vt 0.000000 0.050000 0.000000
vt 1.449027 0.050000 0.000000
vt 0.000000 0.000000 0.000000
vt 4.400000 0.000000 0.000000
vt 0.000000 0.050000 0.000000
vt 4.400000 0.050000 0.000000
vt 0.000000 0.000000 0.000000
vt 0.600000 0.000000 0.000000
vt 0.000000 0.050000 0.000000
vt 0.600000 0.050000 0.000000
vt 0.000000 0.000000 0.000000
vt 3.802748 0.000000 0.000000
vt 0.000000 0.050000 0.000000
vt 3.802748 0.050000 0.000000
vt 0.000000 0.000000 0.000000
vt 2.049620 0.000000 0.000000
vt 0.000000 0.050000 0.000000
vt 2.049620 0.050000 0.000000
vt -0.000000 0.000000 0.000000
vt 0.953392 -0.000000 0.000000
vt 0.000000 0.050000 0.000000
vt 0.953392 0.050000 0.000000
vt -1.964103 5.022753 0.000000
vt -1.958140 4.977460 0.000000
vt -1.050297 4.181934 0.000000
vt -1.964103 4.932167 0.000000
vt -1.981586 4.889960 0.000000
vt -2.009396 4.853716 0.000000
vt -2.045640 4.825906 0.000000
vt -2.499324 4.181934 0.000000
vt -2.087847 4.808423 0.000000
vt -2.133140 4.802460 0.000000
vt -2.178433 4.808423 0.000000
vt -2.220640 4.825906 0.000000
vt -2.256884 4.853716 0.000000
vt -2.284694 4.889960 0.000000
vt -2.499267 4.974248 0.000000
vt -2.302177 4.932167 0.000000
vt -2.308140 4.977460 0.000000
vt -2.302177 5.022753 0.000000
vt -2.411735 5.186022 0.000000
vt -2.459229 5.123958 0.000000
vt -2.489082 5.051733 0.000000
vt -2.349823 5.233713 0.000000
vt -2.284694 5.064960 0.000000
vt -2.277693 5.263794 0.000000
vt -2.256884 5.101204 0.000000
vt -2.220640 5.129014 0.000000
vt -2.200241 5.274225 0.000000
vt -2.178433 5.146497 0.000000
vt -2.122724 5.264298 0.000000
vt -2.133140 5.152460 0.000000
vt -2.087847 5.146497 0.000000
vt -2.045640 5.129014 0.000000
vt -2.009396 5.101204 0.000000
vt -1.981586 5.064960 0.000000
vt -1.964103 -4.947459 0.000000
vt -1.958140 -4.992753 0.000000
vt -0.450297 -4.020813 0.000000
vt -1.964103 -5.038046 0.000000
vt -1.981586 -5.080253 0.000000
vt -2.009396 -5.116496 0.000000
vt -2.132529 -5.266544 0.000000
vt 0.449703 -3.918066 0.000000
vt 1.349703 -4.188999 0.000000
vt 1.349703 -3.318066 0.000000
vt -2.045640 -5.144307 0.000000
vt -2.087847 -5.161790 0.000000
vt -2.133140 -5.167753 0.000000
vt -2.178433 -5.161790 0.000000
vt -2.208988 -5.274092 0.000000
vt -2.220640 -5.144307 0.000000
vt -2.284858 -5.261971 0.000000
vt -2.256884 -5.116496 0.000000
vt -2.284694 -5.080253 0.000000
vt -2.355160 -5.230978 0.000000
vt -2.302177 -5.038046 0.000000
vt -2.415285 -5.183144 0.000000
vt -2.308140 -4.992753 0.000000
vt -2.461289 -5.121608 0.000000
vt -2.490153 -5.050405 0.000000
vt -2.499986 -4.974205 0.000000
vt -2.302177 -4.947459 0.000000
vt -2.284694 -4.905253 0.000000
vt -2.499917 -4.020813 0.000000
vt -2.256884 -4.869009 0.000000
vt -2.220640 -4.841198 0.000000
vt -2.178433 -4.823716 0.000000
vt -2.133140 -4.817753 0.000000
vt -2.087847 -4.823716 0.000000
vt -2.045640 -4.841198 0.000000
vt -2.009396 -4.869009 0.000000
vt -1.981586 -4.905253 0.000000
vt 2.018882 -2.964414 0.000000
vt 2.024845 -3.009707 0.000000
vt 2.499986 -3.318066 0.000000
vt 2.018882 -3.055000 0.000000
vt 2.001399 -3.097207 0.000000
vt 1.973588 -3.133451 0.000000
vt 1.937345 -3.161261 0.000000
vt 1.895138 -3.178744 0.000000
vt 1.849845 -3.184707 0.000000
vt 1.804551 -3.178744 0.000000
vt 1.762345 -3.161261 0.000000
vt 1.726101 -3.133451 0.000000
vt 1.698290 -3.097207 0.000000
vt 1.680808 -3.055000 0.000000
vt 1.674845 -3.009707 0.000000
vt 1.680808 -2.964414 0.000000
vt 1.698290 -2.922207 0.000000
vt -0.450297 -0.218066 0.000000
vt 1.726101 -2.885963 0.000000
vt 1.726056 2.870716 0.000000
vt 1.762289 2.842892 0.000000
vt 1.762345 -2.858153 0.000000
vt 1.804490 2.825394 0.000000
vt 1.804551 -2.840670 0.000000
vt 1.849781 2.819414 0.000000
vt 1.849845 -2.834707 0.000000
vt 1.895076 2.825361 0.000000
vt 1.895138 -2.840670 0.000000
vt 1.937289 2.842828 0.000000
vt 1.937345 -2.858153 0.000000
vt 1.973543 2.870625 0.000000
vt 1.973588 -2.885963 0.000000
vt 2.001399 -2.922207 0.000000
vt 2.018865 2.949059 0.000000
vt 2.499986 3.417546 0.000000
vt 2.024845 2.994350 0.000000
vt 2.337667 3.684087 0.000000
vt 2.018898 3.039646 0.000000
vt 2.276530 3.707617 0.000000
vt 2.001431 3.081859 0.000000
vt 1.973633 3.118113 0.000000
vt 1.937400 3.145937 0.000000
vt 1.895200 3.163435 0.000000
vt 1.849909 3.169414 0.000000
vt 1.804613 3.163468 0.000000
vt 1.762400 3.146001 0.000000
vt 1.726146 3.118203 0.000000
vt 1.698322 3.081970 0.000000
vt 1.680824 3.039769 0.000000
vt 1.674845 2.994478 0.000000
vt 1.680791 2.949183 0.000000
vt 1.698258 2.906970 0.000000
vt 2.001367 2.906859 0.000000
vt 0.449703 -3.318066 0.000000
vt -0.350297 -3.318066 0.000000
vt -0.350297 -3.918066 0.000000
vt 2.492834 3.482663 0.000000
vt 2.471718 3.544676 0.000000
vt 2.437645 3.600627 0.000000
vt 2.392239 3.647847 0.000000
vt -1.050297 -0.218066 0.000000
vt -2.499986 -3.318066 0.000000
vt -2.024845 2.782282 0.000000
vt -2.499986 3.417546 0.000000
vt -2.024845 2.994350 0.000000
vt -2.024845 3.206546 0.000000
vt -1.349703 -3.318066 0.000000
vt -1.849845 -3.308382 0.000000
vt -1.927147 -3.298205 0.000000
vt -1.999182 -3.268367 0.000000
vt -1.349703 -4.188999 0.000000
vt -0.449703 -3.918066 0.000000
vt -0.449703 -3.318066 0.000000
vt -1.561347 -2.932404 0.000000
vt -1.591185 -2.860370 0.000000
vt 0.450297 -0.218066 0.000000
vt -1.638650 -2.798512 0.000000
vt -1.649292 2.806256 0.000000
vt -1.702350 2.762314 0.000000
vt 2.132529 -5.266544 0.000000
vt 2.065760 -5.244217 0.000000
vt 2.002972 -5.218210 0.000000
vt 1.949055 -5.176837 0.000000
vt 2.208988 -5.274092 0.000000
vt 2.200520 -5.244217 0.000000
vt 2.133140 -5.253088 0.000000
vt 2.263307 -5.218210 0.000000
vt 2.284858 -5.261971 0.000000
vt 2.317225 -5.176837 0.000000
vt 2.355160 -5.230978 0.000000
vt 2.358597 -5.122920 0.000000
vt 2.415285 -5.183144 0.000000
vt 2.384604 -5.060132 0.000000
vt 2.461289 -5.121608 0.000000
vt 2.393475 -4.992753 0.000000
vt 2.490153 -5.050405 0.000000
vt 2.499986 -4.974205 0.000000
vt 2.499917 -4.020813 0.000000
vt 2.358597 -4.862585 0.000000
vt 2.384604 -4.925373 0.000000
vt 0.450297 -4.020813 0.000000
vt 1.949055 -4.808668 0.000000
vt 2.002972 -4.767296 0.000000
vt 2.065760 -4.741288 0.000000
vt 0.350297 -3.318066 0.000000
vt 0.350297 -3.918066 0.000000
vt 1.050297 -0.218066 0.000000
vt 1.050297 4.181934 0.000000
vt -1.574845 2.994414 0.000000
vt -1.583474 2.926065 0.000000
vt 2.499324 4.181934 0.000000
vt 2.020315 4.726670 0.000000
vt 1.960856 4.763116 0.000000
vt 1.912477 4.813347 0.000000
vt 2.499267 4.974248 0.000000
vt 2.378590 4.853446 0.000000
vt 2.339501 4.795690 0.000000
vt 2.287140 4.749625 0.000000
vt 2.489082 5.051733 0.000000
vt 2.407912 4.988657 0.000000
vt 2.401893 4.919177 0.000000
vt 2.459229 5.123958 0.000000
vt 2.396260 5.057417 0.000000
vt 2.411735 5.186022 0.000000
vt 2.367685 5.121034 0.000000
vt 2.349823 5.233713 0.000000
vt 2.324027 5.175418 0.000000
vt 2.277693 5.263794 0.000000
vt 2.268091 5.217070 0.000000
vt 2.203477 5.243313 0.000000
vt 2.200241 5.274225 0.000000
vt 2.134339 5.252457 0.000000
vt 2.122724 5.264298 0.000000
vt 2.065124 5.243916 0.000000
vt 2.224875 4.718212 0.000000
vt 2.156711 4.703472 0.000000
vt 2.087030 4.706353 0.000000
vt 1.878290 4.874133 0.000000
vt 1.860493 4.941564 0.000000
vt 1.860230 5.011303 0.000000
vt 1.877519 5.078866 0.000000
vt 1.911248 5.139907 0.000000
vt -2.276530 3.707617 0.000000
vt 1.959248 5.190501 0.000000
vt 2.018431 5.227394 0.000000
vt -2.337667 3.684087 0.000000
vt -1.966630 3.243385 0.000000
vt -1.901085 3.264598 0.000000
vt -2.392239 3.647847 0.000000
vt -2.437645 3.600627 0.000000
vt -2.471718 3.544676 0.000000
vt -2.492834 3.482663 0.000000
vt 1.881676 -5.060132 0.000000
vt 1.872805 -4.992753 0.000000
vt 1.881676 -4.925373 0.000000
vt 1.907683 -4.862585 0.000000
vt 2.133140 -4.732418 0.000000
vt 2.200520 -4.741288 0.000000
vt 2.263307 -4.767296 0.000000
vt 2.317225 -4.808668 0.000000
vt 1.907683 -5.122920 0.000000
vt -2.138342 -3.087010 0.000000
vt -2.148519 -3.009707 0.000000
vt -2.138342 -2.932404 0.000000
vt -2.108505 -2.860370 0.000000
vt -2.061040 -2.798512 0.000000
vt -1.999182 -2.751047 0.000000
vt -1.966630 2.745444 0.000000
vt -1.927147 -2.721209 0.000000
vt -1.901085 2.724230 0.000000
vt -1.849845 -2.711032 0.000000
vt -1.832326 2.719973 0.000000
vt -1.772542 -2.721209 0.000000
vt -1.764665 2.732939 0.000000
vt -1.700507 -2.751047 0.000000
vt -1.551170 -3.009707 0.000000
vt -1.561347 -3.087010 0.000000
vt -1.591185 -3.159044 0.000000
vt -1.638650 -3.220902 0.000000
vt -1.700507 -3.268367 0.000000
vt -1.772542 -3.298205 0.000000
vt -2.061040 -3.220902 0.000000
vt -2.108505 -3.159044 0.000000
vt -1.832326 3.268856 0.000000
vt -1.764665 3.255890 0.000000
vt -1.702350 3.226514 0.000000
vt -1.649292 3.182573 0.000000
vt -1.608820 3.126823 0.000000
vt -1.583474 3.062763 0.000000
vt -1.608820 2.862006 0.000000
vn -1.000000 0.000000 0.000000
vn -1.000000 0.000000 0.000000
vn -1.000000 0.000000 0.000000
vn -1.000000 0.000000 0.000000
vn -1.000000 0.000000 0.000000
vn -1.000000 0.000000 0.000000
vn -0.636364 0.771389 -0.000000
vn -0.636364 0.771389 -0.000000
vn -0.424673 0.905347 -0.000000
vn -0.424673 0.905347 -0.000000
vn -0.186330 0.982487 -0.000000
vn -0.186330 0.982487 -0.000000
vn 0.063706 0.997969 0.000000
vn 0.063706 0.997969 0.000000
vn 0.309744 0.950820 0.000000
vn 0.309744 0.950820 0.000000
vn 0.536343 0.844000 0.000000
vn 0.536343 0.844000 0.000000
vn 0.729282 0.684213 0.000000
vn 0.729282 0.684213 0.000000
vn 0.876454 0.481486 0.000000
vn 0.876454 0.481486 0.000000
vn 0.968621 0.248542 0.000000
vn 0.968621 0.248542 0.000000
vn 1.000000 0.000000 0.000000
vn 1.000000 0.000000 0.000000
vn 0.968621 -0.248542 -0.000000
vn 0.968621 -0.248542 -0.000000
vn 0.876454 -0.481486 -0.000000
vn 0.876454 -0.481486 -0.000000
vn 0.729282 -0.684213 -0.000000
vn 0.729282 -0.684213 -0.000000
vn 0.536343 -0.844000 -0.000000
vn 0.536343 -0.844000 -0.000000
vn 0.309744 -0.950820 -0.000000
vn 0.309744 -0.950820 -0.000000
vn 0.063706 -0.997969 -0.000000
vn 0.063706 -0.997969 -0.000000
vn -0.186330 -0.982487 -0.000000
vn -0.186330 -0.982487 -0.000000
vn -0.424673 -0.905347 -0.000000
vn -0.424673 -0.905347 -0.000000
vn -0.636364 -0.771389 -0.000000
vn -0.636364 -0.771389 -0.000000
vn 1.000000 -0.000365 0.000000
vn 0.965831 -0.259172 0.000000
vn 1.000000 -0.000365 0.000000
vn 0.965831 -0.259172 0.000000
vn 1.000000 -0.000365 0.000000
vn 0.865843 -0.500316 0.000000
vn 0.865843 -0.500316 0.000000
vn 0.706848 -0.707365 0.000000
vn 0.706848 -0.707365 0.000000
vn 0.499684 -0.866208 0.000000
vn 0.499684 -0.866208 0.000000
vn 0.258466 -0.966020 0.000000
vn 0.258466 -0.966020 0.000000
vn -0.000365 -1.000000 -0.000000
vn -0.000365 -1.000000 -0.000000
vn -0.259172 -0.965831 -0.000000
vn -0.259172 -0.965831 -0.000000
vn -0.500316 -0.865843 -0.000000
vn -0.500316 -0.865843 -0.000000
vn -0.707365 -0.706848 -0.000000
vn -0.707365 -0.706848 -0.000000
vn -0.866208 -0.499684 -0.000000
vn -0.866208 -0.499684 -0.000000
vn -0.966020 -0.258466 -0.000000
vn -0.966020 -0.258466 -0.000000
vn -1.000000 0.000365 0.000000
vn -1.000000 0.000365 0.000000
vn -0.965831 0.259172 0.000000
vn -0.965831 0.259172 0.000000
vn -0.865843 0.500316 0.000000
vn -0.865843 0.500316 0.000000
vn -0.706848 0.707365 0.000000
vn -0.706848 0.707365 0.000000
vn -0.499684 0.866208 0.000000
vn -0.499684 0.866208 0.000000
vn -0.258466 0.966020 0.000000
vn -0.258466 0.966020 0.000000
vn 0.000365 1.000000 0.000000
vn 0.000365 1.000000 0.000000
vn 0.259172 0.965831 0.000000
vn 0.259172 0.965831 0.000000
vn 0.500316 0.865843 0.000000
vn 0.500316 0.865843 0.000000
vn 0.707365 0.706848 0.000000
vn 0.707365 0.706848 0.000000
vn 0.866208 0.499684 0.000000
vn 0.866208 0.499684 0.000000
vn 0.966020 0.258466 0.000000
vn 0.966020 0.258466 0.000000
vn -0.000000 -0.000000 -1.000000
vn -0.000000 -0.000000 -1.000000
vn -0.000000 -0.000000 -1.000000
vn -0.000000 -0.000000 -1.000000
vn -0.000000 -0.000000 -1.000000
vn -0.000000 -0.000000 -1.000000
vn -0.000000 -0.000000 -1.000000
vn -0.000000 -0.000000 -1.000000
vn -0.000000 -0.000000 -1.000000
vn -0.000000 -0.000000 -1.000000
vn -0.000000 -0.000000 -1.000000
vn -0.000000 -0.000000 -1.000000
vn -0.000000 -0.000000 -1.000000
vn -0.000000 -0.000000 -1.000000
vn -0.000000 -0.000000 -1.000000
vn -0.000000 -0.000000 -1.000000
vn -0.000000 -0.000000 -1.000000
vn -0.000000 -0.000000 -1.000000
vn -0.000000 -0.000000 -1.000000
vn -0.000000 -0.000000 -1.000000
vn -0.000000 -0.000000 -1.000000
vn -0.000000 -0.000000 -1.000000
vn -0.000000 -0.000000 -1.000000
vn -0.000000 -0.000000 -1.000000
vn -0.000000 -0.000000 -1.000000
vn -0.000000 -0.000000 -1.000000
vn -0.000000 -0.000000 -1.000000
vn -0.000000 -0.000000 -1.000000
vn -0.000000 -0.000000 -1.000000
vn -0.000000 -0.000000 -1.000000
vn -0.000000 -0.000000 -1.000000
vn -0.000000 -0.000000 -1.000000
vn -0.000000 -0.000000 -1.000000
vn -0.000000 -0.000000 -1.000000
vn -0.000000 -0.000000 -1.000000
vn -0.000000 -0.000000 -1.000000
vn -0.000000 -0.000000 -1.000000
vn -0.000000 -0.000000 -1.000000
vn -0.000000 -0.000000 -1.000000
vn -0.000000 -0.000000 -1.000000
vn -0.000000 -0.000000 -1.000000
vn -0.000000 -0.000000 -1.000000
vn -0.000000 -0.000000 -1.000000
vn -0.417125 -0.908849 -0.000000
vn -0.632336 -0.774695 -0.000000
vn -0.417125 -0.908849 -0.000000
vn -0.632336 -0.774695 -0.000000
vn -0.806879 -0.590717 -0.000000
vn -0.806879 -0.590717 -0.000000
vn -0.929529 -0.368749 -0.000000
vn -0.929529 -0.368749 -0.000000
vn -0.992399 -0.123066 -0.000000
vn -0.992399 -0.123066 -0.000000
vn -0.991444 0.130533 -0.000000
vn -0.991444 0.130533 -0.000000
vn -0.926727 0.375736 -0.000000
vn -0.926727 0.375736 -0.000000
vn -0.802409 0.596774 -0.000000
vn -0.802409 0.596774 -0.000000
vn -0.626486 0.779433 -0.000000
vn -0.626486 0.779433 -0.000000
vn -0.410272 0.911963 -0.000000
vn -0.410272 0.911963 -0.000000
vn -0.167672 0.985843 -0.000000
vn -0.167672 0.985843 -0.000000
vn 0.085712 0.996320 0.000000
vn 0.085712 0.996320 0.000000
vn 0.333583 0.942721 0.000000
vn 0.333583 0.942721 0.000000
vn 0.560000 0.828492 0.000000
vn 0.560000 0.828492 0.000000
vn 0.750402 0.660981 0.000000
vn 0.750402 0.660981 0.000000
vn 0.892544 0.450960 0.000000
vn 0.892544 0.450960 0.000000
vn 0.977283 0.211937 0.000000
vn 0.977283 0.211937 0.000000
vn 0.999171 -0.040717 -0.000000
vn 0.999171 -0.040717 -0.000000
vn 0.956799 -0.290752 -0.000000
vn 0.956799 -0.290752 -0.000000
vn 0.852892 -0.522088 -0.000000
vn 0.852892 -0.522088 -0.000000
vn 0.694133 -0.719847 -0.000000
vn 0.694133 -0.719847 -0.000000
vn 0.490733 -0.871310 -0.000000
vn 0.490733 -0.871310 -0.000000
vn 0.255772 -0.966737 -0.000000
vn 0.255772 -0.966737 -0.000000
vn 0.004361 -0.999990 -0.000000
vn 0.004361 -0.999990 -0.000000
vn -0.247330 -0.968931 -0.000000
vn -0.247330 -0.968931 -0.000000
vn 0.965926 -0.258819 0.000000
vn 0.965926 -0.258819 0.000000
vn 1.000000 -0.000000 0.000000
vn 1.000000 -0.000000 0.000000
vn 0.965926 0.258819 0.000000
vn 0.965926 0.258819 0.000000
vn 0.866025 0.500000 0.000000
vn 0.866025 0.500000 0.000000
vn 0.707107 0.707107 0.000000
vn 0.707107 0.707107 0.000000
vn 0.500000 0.866025 0.000000
vn 0.500000 0.866025 0.000000
vn 0.258819 0.965926 0.000000
vn 0.258819 0.965926 0.000000
vn -0.000000 1.000000 0.000000
vn -0.000000 1.000000 0.000000
vn -0.258819 0.965926 0.000000
vn -0.258819 0.965926 0.000000
vn -0.500000 0.866025 0.000000
vn -0.500000 0.866025 0.000000
vn -0.707107 0.707107 0.000000
vn -0.707107 0.707107 0.000000
vn -0.866025 0.500000 0.000000
vn -0.866025 0.500000 0.000000
vn -0.965926 0.258819 0.000000
vn -0.965926 0.258819 0.000000
vn -1.000000 -0.000000 -0.000000
vn -1.000000 -0.000000 -0.000000
vn -0.965926 -0.258819 -0.000000
vn -0.965926 -0.258819 -0.000000
vn -0.866025 -0.500000 -0.000000
vn -0.866025 -0.500000 -0.000000
vn -0.707107 -0.707107 -0.000000
vn -0.707107 -0.707107 -0.000000
vn -0.500000 -0.866025 -0.000000
vn -0.500000 -0.866025 -0.000000
vn -0.258819 -0.965926 -0.000000
vn -0.258819 -0.965926 -0.000000
vn -0.000000 -1.000000 -0.000000
vn -0.000000 -1.000000 -0.000000
vn 0.258819 -0.965926 0.000000
vn 0.258819 -0.965926 0.000000
vn 0.500000 -0.866025 0.000000
vn 0.500000 -0.866025 0.000000
vn 0.707107 -0.707107 0.000000
vn 0.707107 -0.707107 0.000000
vn 0.866025 -0.500000 0.000000
vn 0.866025 -0.500000 0.000000
vn -0.000000 -0.000000 -1.000000
vn -0.000000 -0.000000 -1.000000
vn -0.000000 -0.000000 -1.000000
vn -0.000000 -0.000000 -1.000000
vn -0.000000 -0.000000 -1.000000
vn -0.000000 -0.000000 -1.000000
vn -0.000000 -0.000000 -1.000000
vn -0.000000 -0.000000 -1.000000
vn -0.000000 -0.000000 -1.000000
vn -0.000000 -0.000000 -1.000000
vn -0.000000 -0.000000 -1.000000
vn -0.000000 -0.000000 -1.000000
vn -0.000000 -0.000000 -1.000000
vn -0.000000 -0.000000 -1.000000
vn -0.000000 -0.000000 -1.000000
vn -0.000000 -0.000000 -1.000000
vn -0.000000 -0.000000 -1.000000
vn -0.000000 -0.000000 -1.000000
vn -0.000000 -0.000000 -1.000000
vn -0.000000 -0.000000 -1.000000
vn -0.000000 -0.000000 -1.000000
vn -0.000000 -0.000000 -1.000000
vn -0.000000 -0.000000 -1.000000
vn -0.000000 -0.000000 -1.000000
vn -0.000000 -0.000000 -1.000000
vn -0.000000 -0.000000 -1.000000
vn -0.000000 -0.000000 -1.000000
vn -0.000000 -0.000000 -1.000000
vn -0.000000 -0.000000 -1.000000
vn -0.000000 -0.000000 -1.000000
vn -0.000000 -0.000000 -1.000000
vn -0.000000 -0.000000 -1.000000
vn -0.000000 -0.000000 -1.000000
vn -0.000000 -0.000000 -1.000000
vn -0.000000 -0.000000 -1.000000
vn -0.000000 -0.000000 -1.000000
vn -0.000000 -0.000000 -1.000000
vn -0.000000 -0.000000 -1.000000
vn -0.000000 -0.000000 -1.000000
vn -0.000000 -0.000000 -1.000000
vn -0.000000 -0.000000 -1.000000
vn -0.000000 -0.000000 -1.000000
vn -0.000000 -0.000000 -1.000000
vn -0.000000 -0.000000 -1.000000
vn -0.000000 -0.000000 -1.000000
vn -0.000000 -0.000000 -1.000000
vn -0.000000 -0.000000 -1.000000
vn -0.000000 -0.000000 -1.000000
vn -0.000000 -0.000000 -1.000000
vn -0.965926 -0.258819 -0.000000
vn -0.965926 -0.258819 -0.000000
vn -1.000000 -0.000000 -0.000000
vn -1.000000 -0.000000 -0.000000
vn -0.965926 0.258819 -0.000000
vn -0.965926 0.258819 -0.000000
vn -0.866025 0.500000 -0.000000
vn -0.866025 0.500000 -0.000000
vn -0.707107 0.707107 -0.000000
vn -0.707107 0.707107 -0.000000
vn -0.500000 0.866025 -0.000000
vn -0.500000 0.866025 -0.000000
vn -0.258819 0.965926 -0.000000
vn -0.258819 0.965926 -0.000000
vn 0.000000 1.000000 0.000000
vn 0.000000 1.000000 0.000000
vn 0.258819 0.965926 0.000000
vn 0.258819 0.965926 0.000000
vn 0.500000 0.866025 0.000000
vn 0.500000 0.866025 0.000000
vn 0.707107 0.707107 0.000000
vn 0.707107 0.707107 0.000000
vn 0.866025 0.500000 0.000000
vn 0.866025 0.500000 0.000000
vn 0.965926 0.258819 0.000000
vn 0.965926 0.258819 0.000000
vn 1.000000 0.000000 0.000000
vn 1.000000 0.000000 0.000000
vn 0.965926 -0.258819 -0.000000
vn 0.965926 -0.258819 -0.000000
vn 0.866025 -0.500000 -0.000000
vn 0.866025 -0.500000 -0.000000
vn 0.707107 -0.707107 -0.000000
vn 0.707107 -0.707107 -0.000000
vn 0.500000 -0.866025 -0.000000
vn 0.500000 -0.866025 -0.000000
vn 0.258819 -0.965926 -0.000000
vn 0.258819 -0.965926 -0.000000
vn 0.000000 -1.000000 -0.000000
vn 0.000000 -1.000000 -0.000000
vn -0.258819 -0.965926 -0.000000
vn -0.258819 -0.965926 -0.000000
vn -0.500000 -0.866025 -0.000000
vn -0.500000 -0.866025 -0.000000
vn -0.707107 -0.707107 -0.000000
vn -0.707107 -0.707107 -0.000000
vn -0.866025 -0.500000 -0.000000
vn -0.866025 -0.500000 -0.000000
vn 0.965926 -0.258819 0.000000
vn 0.965926 -0.258819 0.000000
vn 1.000000 -0.000000 0.000000
vn 1.000000 -0.000000 0.000000
vn 0.965926 0.258819 0.000000
vn 0.965926 0.258819 0.000000
vn 0.866025 0.500000 0.000000
vn 0.866025 0.500000 0.000000
vn 0.707107 0.707107 0.000000
vn 0.707107 0.707107 0.000000
vn 0.500000 0.866025 0.000000
vn 0.500000 0.866025 0.000000
vn 0.258819 0.965926 0.000000
vn 0.258819 0.965926 0.000000
vn -0.000000 1.000000 0.000000
vn -0.000000 1.000000 0.000000
vn -0.258819 0.965926 0.000000
vn -0.258819 0.965926 0.000000
vn -0.500000 0.866025 0.000000
vn -0.500000 0.866025 0.000000
vn -0.707107 0.707107 0.000000
vn -0.707107 0.707107 0.000000
vn -0.866025 0.500000 0.000000
vn -0.866025 0.500000 0.000000
vn -0.965926 0.258819 0.000000
vn -0.965926 0.258819 0.000000
vn -1.000000 -0.000000 -0.000000
vn -1.000000 -0.000000 -0.000000
vn -0.965926 -0.258819 -0.000000
vn -0.965926 -0.258819 -0.000000
vn -0.866025 -0.500000 -0.000000
vn -0.866025 -0.500000 -0.000000
vn -0.707107 -0.707107 -0.000000
vn -0.707107 -0.707107 -0.000000
vn -0.500000 -0.866025 -0.000000
vn -0.500000 -0.866025 -0.000000
vn -0.258819 -0.965926 -0.000000
vn -0.258819 -0.965926 -0.000000
vn -0.000000 -1.000000 -0.000000
vn -0.000000 -1.000000 -0.000000
vn 0.258819 -0.965926 0.000000
vn 0.258819 -0.965926 0.000000
vn 0.500000 -0.866025 0.000000
vn 0.500000 -0.866025 0.000000
vn 0.707107 -0.707107 0.000000
vn 0.707107 -0.707107 0.000000
vn 0.866025 -0.500000 0.000000
vn 0.866025 -0.500000 0.000000
vn -0.000000 -0.000000 -1.000000
vn -0.000000 -0.000000 -1.000000
vn -0.000000 -0.000000 -1.000000
vn -0.000000 -0.000000 -1.000000
vn -0.000000 -0.000000 -1.000000
vn -0.000000 -0.000000 -1.000000
vn -0.000000 -0.000000 -1.000000
vn -0.000000 -0.000000 -1.000000
vn -0.000000 -0.000000 -1.000000
vn -0.000000 -0.000000 -1.000000
vn -0.000000 -0.000000 -1.000000
vn -0.000000 -0.000000 -1.000000
vn -0.000000 -0.000000 -1.000000
vn -0.000000 -0.000000 -1.000000
vn -0.000000 -0.000000 -1.000000
vn -0.000000 -0.000000 -1.000000
vn -0.000000 -0.000000 -1.000000
vn -0.000000 -0.000000 -1.000000
vn -0.000000 -0.000000 -1.000000
vn -0.000000 -0.000000 -1.000000
vn -0.000000 -0.000000 -1.000000
vn -0.000000 -0.000000 -1.000000
vn -0.000000 -0.000000 -1.000000
vn -0.000000 -0.000000 -1.000000
vn -0.000000 -0.000000 -1.000000
vn -0.000000 -0.000000 -1.000000
vn -0.000000 -0.000000 -1.000000
vn -0.000000 -0.000000 -1.000000
vn -0.000000 -0.000000 -1.000000
vn -0.000000 -0.000000 -1.000000
vn -0.000000 -0.000000 -1.000000
vn -0.000000 -0.000000 -1.000000
vn -0.000000 -0.000000 -1.000000
vn -0.000000 -0.000000 -1.000000
vn -0.000000 -0.000000 -1.000000
vn -0.000000 -0.000000 -1.000000
vn -0.000000 -0.000000 -1.000000
vn -0.000000 -0.000000 -1.000000
vn -0.000000 -0.000000 -1.000000
vn -0.000000 -0.000000 -1.000000
vn -0.000000 -0.000000 -1.000000
vn -0.000000 -0.000000 -1.000000
vn -0.000000 -0.000000 -1.000000
vn -0.000000 -0.000000 -1.000000
vn -0.000000 -0.000000 -1.000000
vn -0.000000 -0.000000 -1.000000
vn -0.000000 -0.000000 -1.000000
vn -0.000000 -0.000000 -1.000000
vn -0.965926 -0.258819 -0.000000
vn -0.965926 -0.258819 -0.000000
vn -1.000000 -0.000000 -0.000000
vn -1.000000 -0.000000 -0.000000
vn -0.965926 0.258819 -0.000000
vn -0.965926 0.258819 -0.000000
vn -0.866025 0.500000 -0.000000
vn -0.866025 0.500000 -0.000000
vn -0.707107 0.707107 -0.000000
vn -0.707107 0.707107 -0.000000
vn -0.500000 0.866025 -0.000000
vn -0.500000 0.866025 -0.000000
vn -0.258819 0.965926 -0.000000
vn -0.258819 0.965926 -0.000000
vn 0.000000 1.000000 0.000000
vn 0.000000 1.000000 0.000000
vn 0.258819 0.965926 0.000000
vn 0.258819 0.965926 0.000000
vn 0.500000 0.866025 0.000000
vn 0.500000 0.866025 0.000000
vn 0.707107 0.707107 0.000000
vn 0.707107 0.707107 0.000000
vn 0.866025 0.500000 0.000000
vn 0.866025 0.500000 0.000000
vn 0.965926 0.258819 0.000000
vn 0.965926 0.258819 0.000000
vn 1.000000 0.000000 0.000000
vn 1.000000 0.000000 0.000000
vn 0.965926 -0.258819 -0.000000
vn 0.965926 -0.258819 -0.000000
vn 0.866025 -0.500000 -0.000000
vn 0.866025 -0.500000 -0.000000
vn 0.707107 -0.707107 -0.000000
vn 0.707107 -0.707107 -0.000000
vn 0.500000 -0.866025 -0.000000
vn 0.500000 -0.866025 -0.000000
vn 0.258819 -0.965926 -0.000000
vn 0.258819 -0.965926 -0.000000
vn 0.000000 -1.000000 -0.000000
vn 0.000000 -1.000000 -0.000000
vn -0.258819 -0.965926 -0.000000
vn -0.258819 -0.965926 -0.000000
vn -0.500000 -0.866025 -0.000000
vn -0.500000 -0.866025 -0.000000
vn -0.707107 -0.707107 -0.000000
vn -0.707107 -0.707107 -0.000000
vn -0.866025 -0.500000 -0.000000
vn -0.866025 -0.500000 -0.000000
vn 0.965926 -0.258819 0.000000
vn 0.965926 -0.258819 0.000000
vn 1.000000 -0.000000 0.000000
vn 1.000000 -0.000000 0.000000
vn 0.965926 0.258819 0.000000
vn 0.965926 0.258819 0.000000
vn 0.866025 0.500000 0.000000
vn 0.866025 0.500000 0.000000
vn 0.707107 0.707107 0.000000
vn 0.707107 0.707107 0.000000
vn 0.500000 0.866025 0.000000
vn 0.500000 0.866025 0.000000
vn 0.258819 0.965926 0.000000
vn 0.258819 0.965926 0.000000
vn -0.000000 1.000000 0.000000
vn -0.000000 1.000000 0.000000
vn -0.258819 0.965926 0.000000
vn -0.258819 0.965926 0.000000
vn -0.500000 0.866025 0.000000
vn -0.500000 0.866025 0.000000
vn -0.707107 0.707107 0.000000
vn -0.707107 0.707107 0.000000
vn -0.866025 0.500000 0.000000
vn -0.866025 0.500000 0.000000
vn -0.965926 0.258819 0.000000
vn -0.965926 0.258819 0.000000
vn -1.000000 -0.000000 -0.000000
vn -1.000000 -0.000000 -0.000000
vn -0.965926 -0.258819 -0.000000
vn -0.965926 -0.258819 -0.000000
vn -0.866025 -0.500000 -0.000000
vn -0.866025 -0.500000 -0.000000
vn -0.707107 -0.707107 -0.000000
vn -0.707107 -0.707107 -0.000000
vn -0.500000 -0.866025 -0.000000
vn -0.500000 -0.866025 -0.000000
vn -0.258819 -0.965926 -0.000000
vn -0.258819 -0.965926 -0.000000
vn -0.000000 -1.000000 -0.000000
vn -0.000000 -1.000000 -0.000000
vn 0.258819 -0.965926 0.000000
vn 0.258819 -0.965926 0.000000
vn 0.500000 -0.866025 0.000000
vn 0.500000 -0.866025 0.000000
vn 0.707107 -0.707107 0.000000
vn 0.707107 -0.707107 0.000000
vn 0.866025 -0.500000 0.000000
vn 0.866025 -0.500000 0.000000
vn -0.000000 -0.000000 -1.000000
vn -0.000000 -0.000000 -1.000000
vn -0.000000 -0.000000 -1.000000
vn -0.000000 -0.000000 -1.000000
vn -0.000000 -0.000000 -1.000000
vn -0.000000 -0.000000 -1.000000
vn -0.000000 -0.000000 -1.000000
vn -0.000000 -0.000000 -1.000000
vn -0.000000 -0.000000 -1.000000
vn -0.000000 -0.000000 -1.000000
vn -0.000000 -0.000000 -1.000000
vn -0.000000 -0.000000 -1.000000
vn -0.000000 -0.000000 -1.000000
vn -0.000000 -0.000000 -1.000000
vn -0.000000 -0.000000 -1.000000
vn -0.000000 -0.000000 -1.000000
vn -0.000000 -0.000000 -1.000000
vn -0.000000 -0.000000 -1.000000
vn -0.000000 -0.000000 -1.000000
vn -0.000000 -0.000000 -1.000000
vn -0.000000 -0.000000 -1.000000
vn -0.000000 -0.000000 -1.000000
vn -0.000000 -0.000000 -1.000000
vn -0.000000 -0.000000 -1.000000
vn -0.000000 -0.000000 -1.000000
vn -0.000000 -0.000000 -1.000000
vn -0.000000 -0.000000 -1.000000
vn -0.000000 -0.000000 -1.000000
vn -0.000000 -0.000000 -1.000000
vn -0.000000 -0.000000 -1.000000
vn -0.000000 -0.000000 -1.000000
vn -0.000000 -0.000000 -1.000000
vn -0.000000 -0.000000 -1.000000
vn -0.000000 -0.000000 -1.000000
vn -0.000000 -0.000000 -1.000000
vn -0.000000 -0.000000 -1.000000
vn -0.000000 -0.000000 -1.000000
vn -0.000000 -0.000000 -1.000000
vn -0.000000 -0.000000 -1.000000
vn -0.000000 -0.000000 -1.000000
vn -0.000000 -0.000000 -1.000000
vn -0.000000 -0.000000 -1.000000
vn -0.000000 -0.000000 -1.000000
vn -0.000000 -0.000000 -1.000000
vn -0.000000 -0.000000 -1.000000
vn -0.000000 -0.000000 -1.000000
vn -0.000000 -0.000000 -1.000000
vn -0.000000 -0.000000 -1.000000
vn -0.255144 -0.966903 -0.000000
vn -0.255144 -0.966903 -0.000000
vn -0.458935 -0.888470 -0.000000
vn -0.458935 -0.888470 -0.000000
vn -0.640844 -0.767672 -0.000000
vn -0.640844 -0.767672 -0.000000
vn -0.792194 -0.610269 -0.000000
vn -0.792194 -0.610269 -0.000000
vn -0.905771 -0.423767 -0.000000
vn -0.905771 -0.423767 -0.000000
vn -0.976159 -0.217058 -0.000000
vn -0.976159 -0.217058 -0.000000
vn -1.000000 0.000000 -0.000000
vn -1.000000 0.000000 -0.000000
vn 0.000000 -1.000000 0.000000
vn 0.000000 -1.000000 0.000000
vn 0.000000 -1.000000 0.000000
vn 0.000000 -1.000000 0.000000
vn -1.000000 -0.000000 -0.000000
vn -1.000000 -0.000000 -0.000000
vn -1.000000 -0.000000 -0.000000
vn -1.000000 -0.000000 -0.000000
vn 0.000000 1.000000 0.000000
vn 0.000000 1.000000 0.000000
vn 0.000000 1.000000 0.000000
vn 0.000000 1.000000 0.000000
vn 1.000000 0.000000 0.000000
vn 1.000000 0.000000 0.000000
vn 1.000000 0.000000 0.000000
vn 1.000000 0.000000 0.000000
vn -0.224860 0.974391 -0.000000
vn -0.224860 0.974391 -0.000000
vn 0.030006 0.999550 0.000000
vn 0.030006 0.999550 0.000000
vn 0.282904 0.959148 0.000000
vn 0.282904 0.959148 0.000000
vn 0.517246 0.855837 0.000000
vn 0.517246 0.855837 0.000000
vn 0.717662 0.696391 0.000000
vn 0.717662 0.696391 0.000000
vn 0.871007 0.491270 0.000000
vn 0.871007 0.491270 0.000000
vn 0.967224 0.253926 0.000000
vn 0.967224 0.253926 0.000000
vn 1.000000 -0.000072 -0.000000
vn 1.000000 -0.000072 -0.000000
vn -0.295612 0.955308 0.000000
vn -0.295612 0.955308 0.000000
vn -0.295612 0.955308 0.000000
vn -0.295612 0.955308 0.000000
vn -1.000000 0.000000 0.000000
vn -1.000000 0.000000 0.000000
vn -1.000000 0.000000 0.000000
vn -1.000000 0.000000 0.000000
vn -0.000000 1.000000 0.000000
vn -0.000000 1.000000 0.000000
vn -0.000000 1.000000 0.000000
vn -0.000000 1.000000 0.000000
vn -1.000000 -0.000000 -0.000000
vn -1.000000 -0.000000 -0.000000
vn -0.333583 -0.942721 -0.000000
vn -0.333583 -0.942721 -0.000000
vn -0.333583 -0.942721 -0.000000
vn -0.333583 -0.942721 -0.000000
vn -0.333583 -0.942721 -0.000000
vn -0.333583 -0.942721 -0.000000
vn -0.333583 -0.942721 -0.000000
vn -0.333583 -0.942721 -0.000000
vn 1.000000 -0.000072 -0.000000
vn 1.000000 -0.000072 -0.000000
vn 0.966050 -0.258354 -0.000000
vn 0.966050 -0.258354 -0.000000
vn 0.866542 -0.499104 -0.000000
vn 0.866542 -0.499104 -0.000000
vn 0.708229 -0.705983 -0.000000
vn 0.708229 -0.705983 -0.000000
vn 0.501854 -0.864952 -0.000000
vn 0.501854 -0.864952 -0.000000
vn 0.261422 -0.965225 -0.000000
vn 0.261422 -0.965225 -0.000000
vn 0.003249 -0.999995 -0.000000
vn 0.003249 -0.999995 -0.000000
vn -0.255144 -0.966903 -0.000000
vn -0.255144 -0.966903 -0.000000
vn 1.000000 -0.000072 0.000000
vn 1.000000 -0.000072 0.000000
vn -0.000000 1.000000 0.000000
vn -0.000000 1.000000 0.000000
vn -0.000000 1.000000 0.000000
vn -0.000000 1.000000 0.000000
vn 1.000000 0.000000 0.000000
vn 1.000000 0.000000 0.000000
vn 1.000000 0.000000 0.000000
vn 1.000000 0.000000 0.000000
vn -0.000000 1.000000 0.000000
vn -0.000000 1.000000 0.000000
vn -0.000000 1.000000 0.000000
vn -0.000000 1.000000 0.000000
vn 1.000000 0.000000 0.000000
vn 1.000000 0.000000 0.000000
vn 1.000000 0.000000 0.000000
vn 1.000000 0.000000 0.000000
vn -0.000000 -1.000000 -0.000000
vn -0.000000 -1.000000 -0.000000
vn -0.000000 -1.000000 -0.000000
vn -0.000000 -1.000000 -0.000000
vn 1.000000 -0.000072 0.000000
vn 1.000000 -0.000072 0.000000
vn 0.000000 0.000000 1.000000
vn 0.000000 0.000000 1.000000
vn 0.000000 0.000000 1.000000
vn 0.000000 0.000000 1.000000
vn 0.000000 0.000000 1.000000
vn 0.000000 0.000000 1.000000
vn 0.000000 0.000000 1.000000
vn 0.000000 0.000000 1.000000
vn 0.000000 0.000000 1.000000
vn 0.000000 0.000000 1.000000
vn 0.000000 0.000000 1.000000
vn 0.000000 0.000000 1.000000
vn 0.000000 0.000000 1.000000
vn 0.000000 0.000000 1.000000
vn 0.000000 0.000000 1.000000
vn 0.000000 0.000000 1.000000
vn 0.000000 0.000000 1.000000
vn 0.000000 0.000000 1.000000
vn 0.000000 0.000000 1.000000
vn 0.000000 0.000000 1.000000
vn 0.000000 0.000000 1.000000
vn 0.000000 0.000000 1.000000
vn 0.000000 0.000000 1.000000
vn 0.000000 0.000000 1.000000
vn 0.000000 0.000000 1.000000
vn 0.000000 0.000000 1.000000
vn 0.000000 0.000000 1.000000
vn 0.000000 0.000000 1.000000
vn 0.000000 0.000000 1.000000
vn 0.000000 0.000000 1.000000
vn 0.000000 0.000000 1.000000
vn 0.000000 0.000000 1.000000
vn 0.000000 0.000000 1.000000
vn 0.000000 0.000000 1.000000
vn 0.000000 0.000000 1.000000
vn 0.000000 0.000000 1.000000
vn 0.000000 0.000000 1.000000
vn 0.000000 0.000000 1.000000
vn 0.000000 0.000000 1.000000
vn 0.000000 0.000000 1.000000
vn 0.000000 0.000000 1.000000
vn 0.000000 0.000000 1.000000
vn 0.000000 0.000000 1.000000
vn 0.000000 0.000000 1.000000
vn 0.000000 0.000000 1.000000
vn 0.000000 0.000000 1.000000
vn 0.000000 0.000000 1.000000
vn 0.000000 0.000000 1.000000
vn 0.000000 0.000000 1.000000
vn 0.000000 0.000000 1.000000
vn 0.000000 0.000000 1.000000
vn 0.000000 0.000000 1.000000
vn 0.000000 0.000000 1.000000
vn 0.000000 0.000000 1.000000
vn 0.000000 0.000000 1.000000
vn 0.000000 0.000000 1.000000
vn 0.000000 0.000000 1.000000
vn 0.000000 0.000000 1.000000
vn 0.000000 0.000000 1.000000
vn 0.000000 0.000000 1.000000
vn 0.000000 0.000000 1.000000
vn 0.000000 0.000000 1.000000
vn 0.000000 0.000000 1.000000
vn 0.000000 0.000000 1.000000
vn 0.000000 0.000000 1.000000
vn 0.000000 0.000000 1.000000
vn 0.000000 0.000000 1.000000
vn 0.000000 0.000000 1.000000
vn 0.000000 0.000000 1.000000
vn 0.000000 0.000000 1.000000
vn 0.000000 0.000000 1.000000
vn 0.000000 0.000000 1.000000
vn 0.000000 0.000000 1.000000
vn 0.000000 0.000000 1.000000
vn 0.000000 0.000000 1.000000
vn 0.000000 0.000000 1.000000
vn 0.000000 0.000000 1.000000
vn 0.000000 0.000000 1.000000
vn 0.000000 0.000000 1.000000
vn 0.000000 0.000000 1.000000
vn 0.000000 0.000000 1.000000
vn 0.000000 0.000000 1.000000
vn 0.000000 0.000000 1.000000
vn 0.000000 0.000000 1.000000
vn 0.000000 0.000000 1.000000
vn 0.000000 0.000000 1.000000
vn 0.000000 0.000000 1.000000
vn 0.000000 0.000000 1.000000
vn 0.000000 0.000000 1.000000
vn 0.000000 0.000000 1.000000
vn 0.000000 0.000000 1.000000
vn 0.000000 0.000000 1.000000
vn 0.000000 0.000000 1.000000
vn 0.000000 0.000000 1.000000
vn 0.000000 0.000000 1.000000
vn 0.000000 0.000000 1.000000
vn 0.000000 0.000000 1.000000
vn 0.000000 0.000000 1.000000
vn 0.000000 0.000000 1.000000
vn 0.000000 0.000000 1.000000
vn 0.000000 0.000000 1.000000
vn 0.000000 0.000000 1.000000
vn 0.000000 0.000000 1.000000
vn 0.000000 0.000000 1.000000
vn 0.000000 0.000000 1.000000
vn 0.000000 0.000000 1.000000
vn 0.000000 0.000000 1.000000
vn 0.000000 0.000000 1.000000
vn 0.000000 0.000000 1.000000
vn 0.000000 0.000000 1.000000
vn 0.000000 0.000000 1.000000
vn 0.000000 0.000000 1.000000
vn 0.000000 0.000000 1.000000
vn 0.000000 0.000000 1.000000
vn 0.000000 0.000000 1.000000
vn 0.000000 0.000000 1.000000
vn 0.000000 0.000000 1.000000
vn 0.000000 0.000000 1.000000
vn 0.000000 0.000000 1.000000
vn 0.000000 0.000000 1.000000
vn 0.000000 0.000000 1.000000
vn 0.000000 0.000000 1.000000
vn 0.000000 0.000000 1.000000
vn 0.000000 0.000000 1.000000
vn 0.000000 0.000000 1.000000
vn 0.000000 0.000000 1.000000
vn 0.000000 0.000000 1.000000
vn 0.000000 0.000000 1.000000
vn 0.000000 0.000000 1.000000
vn 0.000000 0.000000 1.000000
vn 0.000000 0.000000 1.000000
vn 0.000000 0.000000 1.000000
vn -0.000000 -0.000000 -1.000000
vn -0.000000 -0.000000 -1.000000
vn -0.000000 -0.000000 -1.000000
vn -0.000000 -0.000000 -1.000000
vn -0.000000 -0.000000 -1.000000
vn -0.000000 -0.000000 -1.000000
vn -0.000000 -0.000000 -1.000000
vn -0.000000 -0.000000 -1.000000
vn -0.000000 -0.000000 -1.000000
vn -0.000000 -0.000000 -1.000000
vn -0.000000 -0.000000 -1.000000
vn -0.000000 -0.000000 -1.000000
vn -0.000000 -0.000000 -1.000000
vn -0.000000 -0.000000 -1.000000
vn -0.000000 -0.000000 -1.000000
vn -0.000000 -0.000000 -1.000000
vn -0.000000 -0.000000 -1.000000
vn -0.000000 -0.000000 -1.000000
vn -0.000000 -0.000000 -1.000000
vn -0.000000 -0.000000 -1.000000
vn -0.000000 -0.000000 -1.000000
vn -0.000000 -0.000000 -1.000000
vn -0.000000 -0.000000 -1.000000
vn -0.000000 -0.000000 -1.000000
vn -0.000000 -0.000000 -1.000000
vn -0.000000 -0.000000 -1.000000
vn -0.000000 -0.000000 -1.000000
vn -0.000000 -0.000000 -1.000000
vn -0.000000 -0.000000 -1.000000
vn -0.000000 -0.000000 -1.000000
vn -0.000000 -0.000000 -1.000000
vn -0.000000 -0.000000 -1.000000
vn -0.000000 -0.000000 -1.000000
vn -0.000000 -0.000000 -1.000000
vn -0.000000 -0.000000 -1.000000
vn -0.000000 -0.000000 -1.000000
vn -0.000000 -0.000000 -1.000000
vn -0.000000 -0.000000 -1.000000
vn -0.000000 -0.000000 -1.000000
vn -0.000000 -0.000000 -1.000000
vn -0.000000 -0.000000 -1.000000
vn -0.000000 -0.000000 -1.000000
vn -0.000000 -0.000000 -1.000000
vn -0.000000 -0.000000 -1.000000
vn -0.000000 -0.000000 -1.000000
vn -0.000000 -0.000000 -1.000000
vn -0.000000 -0.000000 -1.000000
vn -0.000000 -0.000000 -1.000000
vn -0.000000 -0.000000 -1.000000
vn -0.000000 -0.000000 -1.000000
vn -0.000000 -0.000000 -1.000000
vn -0.000000 -0.000000 -1.000000
vn -0.000000 -0.000000 -1.000000
vn -0.000000 -0.000000 -1.000000
vn -0.000000 -0.000000 -1.000000
vn -0.000000 -0.000000 -1.000000
vn -0.000000 -0.000000 -1.000000
vn -0.000000 -0.000000 -1.000000
vn -0.000000 -0.000000 -1.000000
vn -0.000000 -0.000000 -1.000000
vn -0.000000 -0.000000 -1.000000
vn -0.000000 -0.000000 -1.000000
vn -0.000000 -0.000000 -1.000000
vn -0.000000 -0.000000 -1.000000
vn -0.000000 -0.000000 -1.000000
vn -0.000000 -0.000000 -1.000000
vn -0.000000 -0.000000 -1.000000
vn -0.000000 -0.000000 -1.000000
vn -0.000000 -0.000000 -1.000000
vn -0.000000 -0.000000 -1.000000
vn -0.000000 -0.000000 -1.000000
vn -0.000000 -0.000000 -1.000000
vn -0.000000 -0.000000 -1.000000
vn -0.000000 -0.000000 -1.000000
vn -0.000000 -0.000000 -1.000000
vn -0.000000 -0.000000 -1.000000
vn -0.000000 -0.000000 -1.000000
vn -0.000000 -0.000000 -1.000000
vn -0.000000 -0.000000 -1.000000
vn -0.000000 -0.000000 -1.000000
vn -0.000000 -0.000000 -1.000000
vn -0.000000 -0.000000 -1.000000
vn -0.000000 -0.000000 -1.000000
vn -0.000000 -0.000000 -1.000000
vn -0.000000 -0.000000 -1.000000
vn -0.000000 -0.000000 -1.000000
vn -0.000000 -0.000000 -1.000000
vn -0.000000 -0.000000 -1.000000
vn -0.000000 -0.000000 -1.000000
vn -0.000000 -0.000000 -1.000000
vn -0.000000 -0.000000 -1.000000
vn -0.000000 -0.000000 -1.000000
vn -0.000000 -0.000000 -1.000000
vn -0.000000 -0.000000 -1.000000
vn -0.000000 -0.000000 -1.000000
vn -0.000000 -0.000000 -1.000000
vn -0.000000 -0.000000 -1.000000
vn -0.000000 -0.000000 -1.000000
vn -0.000000 -0.000000 -1.000000
vn -0.000000 -0.000000 -1.000000
vn -0.000000 -0.000000 -1.000000
vn -0.000000 -0.000000 -1.000000
vn -0.000000 -0.000000 -1.000000
vn -0.000000 -0.000000 -1.000000
vn -0.000000 -0.000000 -1.000000
vn -0.000000 -0.000000 -1.000000
vn -0.000000 -0.000000 -1.000000
vn -0.000000 -0.000000 -1.000000
vn -0.000000 -0.000000 -1.000000
vn -0.000000 -0.000000 -1.000000
vn -0.000000 -0.000000 -1.000000
vn -0.000000 -0.000000 -1.000000
vn -0.000000 -0.000000 -1.000000
vn -0.000000 -0.000000 -1.000000
vn -0.000000 -0.000000 -1.000000
vn -0.000000 -0.000000 -1.000000
vn -0.000000 -0.000000 -1.000000
vn -0.000000 -0.000000 -1.000000
vn -0.000000 -0.000000 -1.000000
vn -0.000000 -0.000000 -1.000000
vn -0.000000 -0.000000 -1.000000
vn -0.000000 -0.000000 -1.000000
vn -0.000000 -0.000000 -1.000000
vn -0.000000 -0.000000 -1.000000
vn -0.000000 -0.000000 -1.000000
vn -0.000000 -0.000000 -1.000000
vn -0.000000 -0.000000 -1.000000
vn -0.000000 -0.000000 -1.000000
vn -0.000000 -0.000000 -1.000000
usemtl Stahl_-_satiniert
f 1/1/1 2/2/2 4/3/3
f 4/3/3 2/2/2 3/4/4
f 2/5/2 5/6/5 3/7/4
f 3/7/4 5/6/5 6/8/6
f 6/9/7 5/10/8 40/11/9
f 40/11/9 5/10/8 7/12/10
f 40/11/9 7/12/10 39/13/11
f 39/13/11 7/12/10 8/14/12
f 39/13/11 8/14/12 38/15/13
f 38/15/13 8/14/12 9/16/14
f 38/15/13 9/16/14 37/17/15
f 37/17/15 9/16/14 10/18/16
f 37/17/15 10/18/16 36/19/17
f 36/19/17 10/18/16 11/20/18
f 36/19/17 11/20/18 35/21/19
f 35/21/19 11/20/18 12/22/20
f 35/21/19 12/22/20 34/23/21
f 34/23/21 12/22/20 13/24/22
f 34/23/21 13/24/22 33/25/23
f 33/25/23 13/24/22 14/26/24
f 33/25/23 14/26/24 32/27/25
f 32/27/25 14/26/24 15/28/26
f 32/27/25 15/28/26 31/29/27
f 31/29/27 15/28/26 16/30/28
f 31/29/27 16/30/28 30/31/29
f 30/31/29 16/30/28 17/32/30
f 30/31/29 17/32/30 29/33/31
f 29/33/31 17/32/30 18/34/32
f 29/33/31 18/34/32 28/35/33
f 28/35/33 18/34/32 19/36/34
f 28/35/33 19/36/34 27/37/35
f 27/37/35 19/36/34 20/38/36
f 27/37/35 20/38/36 26/39/37
f 26/39/37 20/38/36 21/40/38
f 26/39/37 21/40/38 25/41/39
f 25/41/39 21/40/38 22/42/40
f 25/41/39 22/42/40 24/43/41
f 24/43/41 22/42/40 23/44/42
f 24/43/41 23/44/42 4/45/43
f 4/45/43 23/44/42 1/46/44
f 3/47/45 41/48/46 2/49/47
f 2/49/47 41/48/46 87/50/48
f 2/49/47 87/50/48 64/51/49
f 87/50/48 41/48/46 86/52/50
f 86/52/50 41/48/46 42/53/51
f 86/52/50 42/53/51 85/54/52
f 85/54/52 42/53/51 43/55/53
f 85/54/52 43/55/53 84/56/54
f 84/56/54 43/55/53 44/57/55
f 84/56/54 44/57/55 83/58/56
f 83/58/56 44/57/55 45/59/57
f 83/58/56 45/59/57 82/60/58
f 82/60/58 45/59/57 46/61/59
f 82/60/58 46/61/59 81/62/60
f 81/62/60 46/61/59 47/63/61
f 81/62/60 47/63/61 80/64/62
f 80/64/62 47/63/61 48/65/63
f 80/64/62 48/65/63 79/66/64
f 79/66/64 48/65/63 49/67/65
f 79/66/64 49/67/65 78/68/66
f 78/68/66 49/67/65 50/69/67
f 78/68/66 50/69/67 77/70/68
f 77/70/68 50/69/67 51/71/69
f 77/70/68 51/71/69 76/72/70
f 76/72/70 51/71/69 52/73/71
f 76/72/70 52/73/71 75/74/72
f 75/74/72 52/73/71 53/75/73
f 75/74/72 53/75/73 74/76/74
f 74/76/74 53/75/73 54/77/75
f 74/76/74 54/77/75 73/78/76
f 73/78/76 54/77/75 55/79/77
f 73/78/76 55/79/77 72/80/78
f 72/80/78 55/79/77 56/81/79
f 72/80/78 56/81/79 71/82/80
f 71/82/80 56/81/79 57/83/81
f 71/82/80 57/83/81 70/84/82
f 70/84/82 57/83/81 58/85/83
f 70/84/82 58/85/83 69/86/84
f 69/86/84 58/85/83 59/87/85
f 69/86/84 59/87/85 68/88/86
f 68/88/86 59/87/85 60/89/87
f 68/88/86 60/89/87 67/90/88
f 67/90/88 60/89/87 61/91/89
f 67/90/88 61/91/89 66/92/90
f 66/92/90 61/91/89 62/93/91
f 66/92/90 62/93/91 65/94/92
f 65/94/92 62/93/91 63/95/93
f 65/94/92 63/95/93 2/96/47
f 2/49/47 63/97/93 3/47/45
f 64/98/49 65/94/92 2/96/47
f 3/99/94 63/100/95 4/101/96
f 4/101/96 63/100/95 62/102/97
f 4/101/96 62/102/97 61/103/98
f 61/103/98 60/104/99 4/101/96
f 4/101/96 60/104/99 24/105/100
f 24/105/100 60/104/99 59/106/101
f 24/105/100 59/106/101 25/107/102
f 25/107/102 59/106/101 58/108/103
f 25/107/102 58/108/103 26/109/104
f 26/109/104 58/108/103 57/110/105
f 26/109/104 57/110/105 27/111/106
f 27/111/106 57/110/105 56/112/107
f 27/111/106 56/112/107 28/113/108
f 28/113/108 56/112/107 55/114/109
f 28/113/108 55/114/109 29/115/110
f 29/115/110 55/114/109 54/116/111
f 29/115/110 54/116/111 30/117/112
f 30/117/112 54/116/111 53/118/113
f 30/117/112 53/118/113 31/119/114
f 31/119/114 53/118/113 52/120/115
f 31/119/114 52/120/115 32/121/116
f 32/121/116 52/120/115 33/122/117
f 33/122/117 52/120/115 51/123/118
f 33/122/117 51/123/118 34/124/119
f 34/124/119 51/123/118 50/125/120
f 34/124/119 50/125/120 35/126/121
f 35/126/121 50/125/120 49/127/122
f 35/126/121 49/127/122 36/128/123
f 36/128/123 49/127/122 48/129/124
f 36/128/123 48/129/124 37/130/125
f 37/130/125 48/129/124 47/131/126
f 37/130/125 47/131/126 38/132/127
f 38/132/127 47/131/126 46/133/128
f 38/132/127 46/133/128 39/134/129
f 39/134/129 46/133/128 45/135/130
f 39/134/129 45/135/130 40/136/131
f 40/136/131 45/135/130 44/137/132
f 40/136/131 44/137/132 6/138/133
f 6/138/133 44/137/132 43/139/134
f 6/138/133 43/139/134 42/140/135
f 42/140/135 41/141/136 6/138/133
f 6/138/133 41/141/136 3/99/94
f 88/142/137 89/143/138 137/144/139
f 137/144/139 89/143/138 136/145/140
f 136/145/140 89/143/138 90/146/141
f 136/145/140 90/146/141 135/147/142
f 135/147/142 90/146/141 91/148/143
f 135/147/142 91/148/143 134/149/144
f 134/149/144 91/148/143 92/150/145
f 134/149/144 92/150/145 133/151/146
f 133/151/146 92/150/145 93/152/147
f 133/151/146 93/152/147 132/153/148
f 132/154/148 93/155/147 94/156/149
f 132/154/148 94/156/149 131/157/150
f 131/157/150 94/156/149 95/158/151
f 131/157/150 95/158/151 130/159/152
f 130/159/152 95/158/151 96/160/153
f 130/159/152 96/160/153 129/161/154
f 129/161/154 96/160/153 97/162/155
f 129/161/154 97/162/155 128/163/156
f 128/163/156 97/162/155 98/164/157
f 128/163/156 98/164/157 127/165/158
f 127/165/158 98/164/157 99/166/159
f 127/165/158 99/166/159 126/167/160
f 126/167/160 99/166/159 100/168/161
f 126/167/160 100/168/161 125/169/162
f 125/169/162 100/168/161 101/170/163
f 125/169/162 101/170/163 124/171/164
f 124/171/164 101/170/163 102/172/165
f 124/171/164 102/172/165 123/173/166
f 123/173/166 102/172/165 103/174/167
f 123/173/166 103/174/167 122/175/168
f 122/175/168 103/174/167 104/176/169
f 122/175/168 104/176/169 121/177/170
f 121/177/170 104/176/169 105/178/171
f 121/177/170 105/178/171 120/179/172
f 120/179/172 105/178/171 106/180/173
f 120/179/172 106/180/173 119/181/174
f 119/181/174 106/180/173 107/182/175
f 119/181/174 107/182/175 118/183/176
f 118/183/176 107/182/175 108/184/177
f 118/183/176 108/184/177 117/185/178
f 117/185/178 108/184/177 109/186/179
f 117/185/178 109/186/179 116/187/180
f 116/187/180 109/186/179 110/188/181
f 116/187/180 110/188/181 115/189/182
f 115/189/182 110/188/181 114/190/183
f 114/190/183 110/188/181 111/191/184
f 114/190/183 111/191/184 112/192/185
f 112/192/185 113/193/186 114/190/183
f 139/194/187 185/195/188 138/196/189
f 138/196/189 185/195/188 162/197/190
f 138/198/189 162/199/190 161/200/191
f 161/200/191 162/199/190 163/201/192
f 161/200/191 163/201/192 160/202/193
f 160/202/193 163/201/192 164/203/194
f 160/202/193 164/203/194 159/204/195
f 159/204/195 164/203/194 165/205/196
f 159/204/195 165/205/196 158/206/197
f 158/206/197 165/205/196 166/207/198
f 158/206/197 166/207/198 157/208/199
f 157/208/199 166/207/198 167/209/200
f 157/208/199 167/209/200 156/210/201
f 156/210/201 167/209/200 168/211/202
f 156/210/201 168/211/202 155/212/203
f 155/212/203 168/211/202 169/213/204
f 155/212/203 169/213/204 154/214/205
f 154/214/205 169/213/204 170/215/206
f 154/214/205 170/215/206 153/216/207
f 153/216/207 170/215/206 171/217/208
f 153/216/207 171/217/208 152/218/209
f 152/218/209 171/217/208 172/219/210
f 152/218/209 172/219/210 151/220/211
f 151/220/211 172/219/210 173/221/212
f 151/220/211 173/221/212 150/222/213
f 150/222/213 173/221/212 174/223/214
f 150/222/213 174/223/214 149/224/215
f 149/224/215 174/223/214 175/225/216
f 149/224/215 175/225/216 148/226/217
f 148/226/217 175/225/216 176/227/218
f 148/226/217 176/227/218 147/228/219
f 147/228/219 176/227/218 177/229/220
f 147/228/219 177/229/220 146/230/221
f 146/230/221 177/229/220 178/231/222
f 146/230/221 178/231/222 145/232/223
f 145/232/223 178/231/222 179/233/224
f 145/232/223 179/233/224 144/234/225
f 144/234/225 179/233/224 180/235/226
f 144/234/225 180/235/226 143/236/227
f 143/236/227 180/235/226 181/237/228
f 143/236/227 181/237/228 142/238/229
f 142/238/229 181/237/228 182/239/230
f 142/238/229 182/239/230 141/240/231
f 141/240/231 182/239/230 183/241/232
f 141/240/231 183/241/232 140/242/233
f 140/242/233 183/241/232 184/243/234
f 140/242/233 184/243/234 139/194/187
f 139/194/187 184/243/234 185/195/188
f 161/244/235 133/245/236 138/246/237
f 138/246/237 133/245/236 132/247/238
f 138/246/237 132/247/238 139/248/239
f 139/248/239 132/247/238 131/249/240
f 139/248/239 131/249/240 140/250/241
f 140/250/241 131/249/240 130/251/242
f 140/250/241 130/251/242 141/252/243
f 141/252/243 130/251/242 129/253/244
f 141/252/243 129/253/244 142/254/245
f 142/254/245 129/253/244 128/255/246
f 142/254/245 128/255/246 143/256/247
f 143/256/247 128/255/246 127/257/248
f 143/256/247 127/257/248 144/258/249
f 144/258/249 127/257/248 126/259/250
f 144/258/249 126/259/250 145/260/251
f 145/260/251 126/259/250 125/261/252
f 145/260/251 125/261/252 146/262/253
f 146/262/253 125/261/252 124/263/254
f 146/262/253 124/263/254 147/264/255
f 147/264/255 124/263/254 123/265/256
f 147/264/255 123/265/256 148/266/257
f 148/266/257 123/265/256 122/267/258
f 148/266/257 122/267/258 149/268/259
f 149/268/259 122/267/258 121/269/260
f 149/268/259 121/269/260 150/270/261
f 150/270/261 121/269/260 120/271/262
f 150/270/261 120/271/262 151/272/263
f 151/272/263 120/271/262 119/273/264
f 151/272/263 119/273/264 152/274/265
f 152/274/265 119/273/264 118/275/266
f 152/274/265 118/275/266 153/276/267
f 153/276/267 118/275/266 117/277/268
f 153/276/267 117/277/268 154/278/269
f 154/278/269 117/277/268 116/279/270
f 154/278/269 116/279/270 155/280/271
f 155/280/271 116/279/270 115/281/272
f 155/280/271 115/281/272 114/282/273
f 133/245/236 161/244/235 134/283/274
f 134/283/274 161/244/235 160/284/275
f 134/283/274 160/284/275 135/285/276
f 135/285/276 160/284/275 159/286/277
f 135/285/276 159/286/277 136/287/278
f 136/287/278 159/286/277 158/288/279
f 136/287/278 158/288/279 137/289/280
f 137/289/280 158/288/279 157/290/281
f 137/289/280 157/290/281 113/291/282
f 113/291/282 157/290/281 156/292/283
f 113/291/282 156/292/283 114/282/273
f 114/282/273 156/292/283 155/280/271
f 187/293/284 233/294/285 186/295/286
f 186/295/286 233/294/285 210/296/287
f 186/297/286 210/298/287 209/299/288
f 209/299/288 210/298/287 211/300/289
f 209/299/288 211/300/289 208/301/290
f 208/301/290 211/300/289 212/302/291
f 208/301/290 212/302/291 207/303/292
f 207/303/292 212/302/291 213/304/293
f 207/303/292 213/304/293 206/305/294
f 206/305/294 213/304/293 214/306/295
f 206/305/294 214/306/295 205/307/296
f 205/307/296 214/306/295 215/308/297
f 205/307/296 215/308/297 204/309/298
f 204/309/298 215/308/297 216/310/299
f 204/309/298 216/310/299 203/311/300
f 203/311/300 216/310/299 217/312/301
f 203/311/300 217/312/301 202/313/302
f 202/313/302 217/312/301 218/314/303
f 202/313/302 218/314/303 201/315/304
f 201/315/304 218/314/303 219/316/305
f 201/315/304 219/316/305 200/317/306
f 200/317/306 219/316/305 220/318/307
f 200/317/306 220/318/307 199/319/308
f 199/319/308 220/318/307 221/320/309
f 199/319/308 221/320/309 198/321/310
f 198/321/310 221/320/309 222/322/311
f 198/321/310 222/322/311 197/323/312
f 197/323/312 222/322/311 223/324/313
f 197/323/312 223/324/313 196/325/314
f 196/325/314 223/324/313 224/326/315
f 196/325/314 224/326/315 195/327/316
f 195/327/316 224/326/315 225/328/317
f 195/327/316 225/328/317 194/329/318
f 194/329/318 225/328/317 226/330/319
f 194/329/318 226/330/319 193/331/320
f 193/331/320 226/330/319 227/332/321
f 193/331/320 227/332/321 192/333/322
f 192/333/322 227/332/321 228/334/323
f 192/333/322 228/334/323 191/335/324
f 191/335/324 228/334/323 229/336/325
f 191/335/324 229/336/325 190/337/326
f 190/337/326 229/336/325 230/338/327
f 190/337/326 230/338/327 189/339/328
f 189/339/328 230/338/327 231/340/329
f 189/339/328 231/340/329 188/341/330
f 188/341/330 231/340/329 232/342/331
f 188/341/330 232/342/331 187/293/284
f 187/293/284 232/342/331 233/294/285
f 235/343/332 281/344/333 234/345/334
f 234/345/334 281/344/333 258/346/335
f 234/347/334 258/348/335 257/349/336
f 257/349/336 258/348/335 259/350/337
f 257/349/336 259/350/337 256/351/338
f 256/351/338 259/350/337 260/352/339
f 256/351/338 260/352/339 255/353/340
f 255/353/340 260/352/339 261/354/341
f 255/353/340 261/354/341 254/355/342
f 254/355/342 261/354/341 262/356/343
f 254/355/342 262/356/343 253/357/344
f 253/357/344 262/356/343 263/358/345
f 253/357/344 263/358/345 252/359/346
f 252/359/346 263/358/345 264/360/347
f 252/359/346 264/360/347 251/361/348
f 251/361/348 264/360/347 265/362/349
f 251/361/348 265/362/349 250/363/350
f 250/363/350 265/362/349 266/364/351
f 250/363/350 266/364/351 249/365/352
f 249/365/352 266/364/351 267/366/353
f 249/365/352 267/366/353 248/367/354
f 248/367/354 267/366/353 268/368/355
f 248/367/354 268/368/355 247/369/356
f 247/369/356 268/368/355 269/370/357
f 247/369/356 269/370/357 246/371/358
f 246/371/358 269/370/357 270/372/359
f 246/371/358 270/372/359 245/373/360
f 245/373/360 270/372/359 271/374/361
f 245/373/360 271/374/361 244/375/362
f 244/375/362 271/374/361 272/376/363
f 244/375/362 272/376/363 243/377/364
f 243/377/364 272/376/363 273/378/365
f 243/377/364 273/378/365 242/379/366
f 242/379/366 273/378/365 274/380/367
f 242/379/366 274/380/367 241/381/368
f 241/381/368 274/380/367 275/382/369
f 241/381/368 275/382/369 240/383/370
f 240/383/370 275/382/369 276/384/371
f 240/383/370 276/384/371 239/385/372
f 239/385/372 276/384/371 277/386/373
f 239/385/372 277/386/373 238/387/374
f 238/387/374 277/386/373 278/388/375
f 238/387/374 278/388/375 237/389/376
f 237/389/376 278/388/375 279/390/377
f 237/389/376 279/390/377 236/391/378
f 236/391/378 279/390/377 280/392/379
f 236/391/378 280/392/379 235/343/332
f 235/343/332 280/392/379 281/344/333
f 235/393/380 234/394/381 186/395/382
f 186/395/382 234/394/381 257/396/383
f 186/395/382 257/396/383 187/397/384
f 187/397/384 257/396/383 256/398/385
f 187/397/384 256/398/385 188/399/386
f 188/399/386 256/398/385 255/400/387
f 188/399/386 255/400/387 189/401/388
f 189/401/388 255/400/387 254/402/389
f 189/401/388 254/402/389 190/403/390
f 190/403/390 254/402/389 253/404/391
f 190/403/390 253/404/391 191/405/392
f 191/405/392 253/404/391 252/406/393
f 191/405/392 252/406/393 192/407/394
f 192/407/394 252/406/393 193/408/395
f 193/408/395 252/406/393 251/409/396
f 193/408/395 251/409/396 194/410/397
f 194/410/397 251/409/396 250/411/398
f 194/410/397 250/411/398 195/412/399
f 195/412/399 250/411/398 249/413/400
f 195/412/399 249/413/400 196/414/401
f 196/414/401 249/413/400 248/415/402
f 196/414/401 248/415/402 197/416/403
f 197/416/403 248/415/402 247/417/404
f 197/416/403 247/417/404 198/418/405
f 198/418/405 247/417/404 246/419/406
f 198/418/405 246/419/406 199/420/407
f 199/420/407 246/419/406 245/421/408
f 199/420/407 245/421/408 244/422/409
f 199/420/407 244/422/409 200/423/410
f 200/423/410 244/422/409 243/424/411
f 200/423/410 243/424/411 201/425/412
f 201/425/412 243/424/411 242/426/413
f 201/425/412 242/426/413 202/427/414
f 202/427/414 242/426/413 241/428/415
f 202/427/414 241/428/415 203/429/416
f 203/429/416 241/428/415 240/430/417
f 203/429/416 240/430/417 204/431/418
f 204/431/418 240/430/417 205/432/419
f 205/432/419 240/430/417 239/433/420
f 205/432/419 239/433/420 206/434/421
f 206/434/421 239/433/420 238/435/422
f 206/434/421 238/435/422 207/436/423
f 207/436/423 238/435/422 237/437/424
f 207/436/423 237/437/424 208/438/425
f 208/438/425 237/437/424 236/439/426
f 208/438/425 236/439/426 209/440/427
f 209/440/427 236/439/426 235/393/380
f 209/440/427 235/393/380 186/395/382
f 283/441/428 329/442/429 282/443/430
f 282/443/430 329/442/429 306/444/431
f 282/445/430 306/446/431 305/447/432
f 305/447/432 306/446/431 307/448/433
f 305/447/432 307/448/433 304/449/434
f 304/449/434 307/448/433 308/450/435
f 304/449/434 308/450/435 303/451/436
f 303/451/436 308/450/435 309/452/437
f 303/451/436 309/452/437 302/453/438
f 302/453/438 309/452/437 310/454/439
f 302/453/438 310/454/439 301/455/440
f 301/455/440 310/454/439 311/456/441
f 301/455/440 311/456/441 300/457/442
f 300/457/442 311/456/441 312/458/443
f 300/457/442 312/458/443 299/459/444
f 299/459/444 312/458/443 313/460/445
f 299/459/444 313/460/445 298/461/446
f 298/461/446 313/460/445 314/462/447
f 298/461/446 314/462/447 297/463/448
f 297/463/448 314/462/447 315/464/449
f 297/463/448 315/464/449 296/465/450
f 296/465/450 315/464/449 316/466/451
f 296/465/450 316/466/451 295/467/452
f 295/467/452 316/466/451 317/468/453
f 295/467/452 317/468/453 294/469/454
f 294/469/454 317/468/453 318/470/455
f 294/469/454 318/470/455 293/471/456
f 293/471/456 318/470/455 319/472/457
f 293/471/456 319/472/457 292/473/458
f 292/473/458 319/472/457 320/474/459
f 292/473/458 320/474/459 291/475/460
f 291/475/460 320/474/459 321/476/461
f 291/475/460 321/476/461 290/477/462
f 290/477/462 321/476/461 322/478/463
f 290/477/462 322/478/463 289/479/464
f 289/479/464 322/478/463 323/480/465
f 289/479/464 323/480/465 288/481/466
f 288/481/466 323/480/465 324/482/467
f 288/481/466 324/482/467 287/483/468
f 287/483/468 324/482/467 325/484/469
f 287/483/468 325/484/469 286/485/470
f 286/485/470 325/484/469 326/486/471
f 286/485/470 326/486/471 285/487/472
f 285/487/472 326/486/471 327/488/473
f 285/487/472 327/488/473 284/489/474
f 284/489/474 327/488/473 328/490/475
f 284/489/474 328/490/475 283/441/428
f 283/441/428 328/490/475 329/442/429
f 331/491/476 377/492/477 330/493/478
f 330/493/478 377/492/477 354/494/479
f 330/495/478 354/496/479 353/497/480
f 353/497/480 354/496/479 355/498/481
f 353/497/480 355/498/481 352/499/482
f 352/499/482 355/498/481 356/500/483
f 352/499/482 356/500/483 351/501/484
f 351/501/484 356/500/483 357/502/485
f 351/501/484 357/502/485 350/503/486
f 350/503/486 357/502/485 358/504/487
f 350/503/486 358/504/487 349/505/488
f 349/505/488 358/504/487 359/506/489
f 349/505/488 359/506/489 348/507/490
f 348/507/490 359/506/489 360/508/491
f 348/507/490 360/508/491 347/509/492
f 347/509/492 360/508/491 361/510/493
f 347/509/492 361/510/493 346/511/494
f 346/511/494 361/510/493 362/512/495
f 346/511/494 362/512/495 345/513/496
f 345/513/496 362/512/495 363/514/497
f 345/513/496 363/514/497 344/515/498
f 344/515/498 363/514/497 364/516/499
f 344/515/498 364/516/499 343/517/500
f 343/517/500 364/516/499 365/518/501
f 343/517/500 365/518/501 342/519/502
f 342/519/502 365/518/501 366/520/503
f 342/519/502 366/520/503 341/521/504
f 341/521/504 366/520/503 367/522/505
f 341/521/504 367/522/505 340/523/506
f 340/523/506 367/522/505 368/524/507
f 340/523/506 368/524/507 339/525/508
f 339/525/508 368/524/507 369/526/509
f 339/525/508 369/526/509 338/527/510
f 338/527/510 369/526/509 370/528/511
f 338/527/510 370/528/511 337/529/512
f 337/529/512 370/528/511 371/530/513
f 337/529/512 371/530/513 336/531/514
f 336/531/514 371/530/513 372/532/515
f 336/531/514 372/532/515 335/533/516
f 335/533/516 372/532/515 373/534/517
f 335/533/516 373/534/517 334/535/518
f 334/535/518 373/534/517 374/536/519
f 334/535/518 374/536/519 333/537/520
f 333/537/520 374/536/519 375/538/521
f 333/537/520 375/538/521 332/539/522
f 332/539/522 375/538/521 376/540/523
f 332/539/522 376/540/523 331/491/476
f 331/491/476 376/540/523 377/492/477
f 331/541/524 330/542/525 282/543/526
f 282/543/526 330/542/525 353/544/527
f 282/543/526 353/544/527 283/545/528
f 283/545/528 353/544/527 352/546/529
f 283/545/528 352/546/529 284/547/530
f 284/547/530 352/546/529 351/548/531
f 284/547/530 351/548/531 285/549/532
f 285/549/532 351/548/531 350/550/533
f 285/549/532 350/550/533 286/551/534
f 286/551/534 350/550/533 349/552/535
f 286/551/534 349/552/535 287/553/536
f 287/553/536 349/552/535 348/554/537
f 287/553/536 348/554/537 288/555/538
f 288/555/538 348/554/537 289/556/539
f 289/556/539 348/554/537 347/557/540
f 289/556/539 347/557/540 290/558/541
f 290/558/541 347/557/540 346/559/542
f 290/558/541 346/559/542 291/560/543
f 291/560/543 346/559/542 345/561/544
f 291/560/543 345/561/544 292/562/545
f 292/562/545 345/561/544 344/563/546
f 292/562/545 344/563/546 293/564/547
f 293/564/547 344/563/546 343/565/548
f 293/564/547 343/565/548 294/566/549
f 294/566/549 343/565/548 342/567/550
f 294/566/549 342/567/550 295/568/551
f 295/568/551 342/567/550 341/569/552
f 295/568/551 341/569/552 340/570/553
f 295/568/551 340/570/553 296/571/554
f 296/571/554 340/570/553 339/572/555
f 296/571/554 339/572/555 297/573/556
f 297/573/556 339/572/555 338/574/557
f 297/573/556 338/574/557 298/575/558
f 298/575/558 338/574/557 337/576/559
f 298/575/558 337/576/559 299/577/560
f 299/577/560 337/576/559 336/578/561
f 299/577/560 336/578/561 300/579/562
f 300/579/562 336/578/561 301/580/563
f 301/580/563 336/578/561 335/581/564
f 301/580/563 335/581/564 302/582/565
f 302/582/565 335/581/564 334/583/566
f 302/582/565 334/583/566 303/584/567
f 303/584/567 334/583/566 333/585/568
f 303/584/567 333/585/568 304/586/569
f 304/586/569 333/585/568 332/587/570
f 304/586/569 332/587/570 305/588/571
f 305/588/571 332/587/570 331/541/524
f 305/588/571 331/541/524 282/543/526
f 391/589/572 378/590/573 390/591/574
f 390/591/574 378/590/573 379/592/575
f 390/591/574 379/592/575 380/593/576
f 390/591/574 380/593/576 389/594/577
f 389/594/577 380/593/576 381/595/578
f 389/594/577 381/595/578 388/596/579
f 388/596/579 381/595/578 382/597/580
f 388/596/579 382/597/580 387/598/581
f 387/598/581 382/597/580 383/599/582
f 387/598/581 383/599/582 386/600/583
f 386/600/583 383/599/582 385/601/584
f 385/601/584 383/599/582 384/602/585
f 392/603/586 393/604/587 395/605/588
f 395/605/588 393/604/587 394/606/589
f 396/607/590 392/608/591 397/609/592
f 397/609/592 392/608/591 395/610/593
f 398/611/594 396/612/595 399/613/596
f 399/613/596 396/612/595 397/614/597
f 393/615/598 398/616/599 394/617/600
f 394/617/600 398/616/599 399/618/601
f 415/619/602 400/620/603 414/621/604
f 414/621/604 400/620/603 401/622/605
f 414/621/604 401/622/605 413/623/606
f 413/623/606 401/622/605 402/624/607
f 413/623/606 402/624/607 412/625/608
f 412/625/608 402/624/607 403/626/609
f 412/625/608 403/626/609 411/627/610
f 411/627/610 403/626/609 404/628/611
f 411/627/610 404/628/611 410/629/612
f 410/629/612 404/628/611 405/630/613
f 410/629/612 405/630/613 409/631/614
f 409/631/614 405/630/613 406/632/615
f 409/631/614 406/632/615 408/633/616
f 408/633/616 406/632/615 407/634/617
f 416/635/618 400/636/619 417/637/620
f 417/637/620 400/636/619 415/638/621
f 418/639/622 416/640/623 419/641/624
f 419/641/624 416/640/623 417/642/625
f 420/643/626 418/644/627 421/645/628
f 421/645/628 418/644/627 419/646/629
f 384/647/585 420/648/630 385/649/584
f 385/649/584 420/648/630 421/650/631
f 378/651/632 88/652/633 422/653/634
f 422/653/634 88/652/633 112/654/635
f 422/653/634 112/654/635 423/655/636
f 378/651/632 391/656/637 88/652/633
f 137/657/638 113/658/639 88/652/633
f 88/652/633 113/658/639 112/654/635
f 437/659/640 424/660/641 436/661/642
f 436/661/642 424/660/641 425/662/643
f 436/661/642 425/662/643 435/663/644
f 435/663/644 425/662/643 426/664/645
f 435/663/644 426/664/645 434/665/646
f 434/665/646 426/664/645 427/666/647
f 434/665/646 427/666/647 433/667/648
f 433/667/648 427/666/647 428/668/649
f 433/667/648 428/668/649 432/669/650
f 432/669/650 428/668/649 429/670/651
f 432/669/650 429/670/651 431/671/652
f 431/671/652 429/670/651 430/672/653
f 431/671/652 430/672/653 423/673/654
f 423/673/654 430/672/653 422/674/655
f 438/675/656 424/676/641 439/677/657
f 439/677/657 424/676/641 437/678/640
f 440/679/658 438/680/659 441/681/660
f 441/681/660 438/680/659 439/682/661
f 442/683/662 440/684/663 443/685/664
f 443/685/664 440/684/663 441/686/665
f 444/687/666 442/688/667 445/689/668
f 445/689/668 442/688/667 443/690/669
f 446/691/670 444/692/671 447/693/672
f 447/693/672 444/692/671 445/694/673
f 448/695/674 446/696/675 449/697/676
f 449/697/676 446/696/675 447/698/677
f 407/699/617 448/700/678 408/701/616
f 408/701/616 448/700/678 449/702/679
f 163/703/680 162/704/681 440/705/682
f 440/705/682 162/704/681 185/706/683
f 440/705/682 185/706/683 184/707/684
f 184/707/684 183/708/685 440/705/682
f 440/705/682 183/708/685 182/709/686
f 440/705/682 182/709/686 438/710/687
f 438/710/687 182/709/686 181/711/688
f 438/710/687 181/711/688 180/712/689
f 180/712/689 179/713/690 438/710/687
f 438/710/687 179/713/690 178/714/691
f 438/710/687 178/714/691 177/715/692
f 177/715/692 176/716/693 438/710/687
f 438/710/687 176/716/693 424/717/694
f 424/717/694 176/716/693 175/718/695
f 424/717/694 175/718/695 174/719/696
f 173/720/697 427/721/698 174/719/696
f 174/719/696 427/721/698 426/722/699
f 174/719/696 426/722/699 425/723/700
f 427/721/698 173/720/697 428/724/701
f 428/724/701 173/720/697 172/725/702
f 428/724/701 172/725/702 429/726/703
f 429/726/703 172/725/702 171/727/704
f 429/726/703 171/727/704 170/728/705
f 429/726/703 170/728/705 430/729/706
f 430/729/706 170/728/705 169/730/707
f 430/729/706 169/730/707 422/731/708
f 422/731/708 169/730/707 168/732/709
f 422/731/708 168/732/709 167/733/710
f 167/733/710 166/734/711 422/731/708
f 422/731/708 166/734/711 165/735/712
f 422/731/708 165/735/712 164/736/713
f 422/731/708 164/736/713 440/705/682
f 440/705/682 164/736/713 163/703/680
f 259/737/714 258/738/715 446/739/716
f 446/739/716 258/738/715 281/740/717
f 446/739/716 281/740/717 280/741/718
f 280/741/718 279/742/719 446/739/716
f 446/739/716 279/742/719 400/743/720
f 446/739/716 400/743/720 393/744/721
f 393/744/721 400/743/720 416/745/722
f 393/744/721 416/745/722 418/746/723
f 279/742/719 278/747/724 400/743/720
f 400/743/720 278/747/724 277/748/725
f 400/743/720 277/748/725 276/749/726
f 276/749/726 275/750/727 400/743/720
f 400/743/720 275/750/727 401/751/728
f 401/751/728 275/750/727 274/752/729
f 401/751/728 274/752/729 402/753/730
f 402/753/730 274/752/729 273/754/731
f 402/753/730 273/754/731 272/755/732
f 402/753/730 272/755/732 403/756/733
f 403/756/733 272/755/732 271/757/734
f 403/756/733 271/757/734 404/758/735
f 404/758/735 271/757/734 270/759/736
f 404/758/735 270/759/736 405/760/737
f 405/760/737 270/759/736 406/761/738
f 406/761/738 270/759/736 407/762/739
f 407/762/739 270/759/736 269/763/740
f 407/762/739 269/763/740 268/764/741
f 407/762/739 268/764/741 448/765/742
f 448/765/742 268/764/741 267/766/743
f 448/765/742 267/766/743 266/767/744
f 266/767/744 265/768/745 448/765/742
f 448/765/742 265/768/745 264/769/746
f 448/765/742 264/769/746 263/770/747
f 263/770/747 262/771/748 448/765/742
f 448/765/742 262/771/748 261/772/749
f 448/765/742 261/772/749 446/739/716
f 446/739/716 261/772/749 260/773/750
f 446/739/716 260/773/750 259/737/714
f 355/774/751 354/775/752 420/776/753
f 420/776/753 354/775/752 377/777/754
f 420/776/753 377/777/754 376/778/755
f 376/778/755 375/779/756 420/776/753
f 420/776/753 375/779/756 374/780/757
f 420/776/753 374/780/757 373/781/758
f 373/781/758 372/782/759 420/776/753
f 420/776/753 372/782/759 418/746/723
f 418/746/723 372/782/759 371/783/760
f 418/746/723 371/783/760 370/784/761
f 370/784/761 369/785/762 418/746/723
f 418/746/723 369/785/762 368/786/763
f 418/746/723 368/786/763 367/787/764
f 367/787/764 366/788/765 418/746/723
f 418/746/723 366/788/765 365/789/766
f 418/746/723 365/789/766 364/790/767
f 418/746/723 364/790/767 444/791/768
f 444/791/768 364/790/767 363/792/769
f 444/791/768 363/792/769 79/793/770
f 79/793/770 363/792/769 80/794/771
f 80/794/771 363/792/769 362/795/772
f 80/794/771 362/795/772 81/796/773
f 81/796/773 362/795/772 361/797/774
f 81/796/773 361/797/774 82/798/775
f 82/798/775 361/797/774 360/799/776
f 82/798/775 360/799/776 83/800/777
f 83/800/777 360/799/776 359/801/778
f 83/800/777 359/801/778 84/802/779
f 84/802/779 359/801/778 358/803/780
f 84/802/779 358/803/780 85/804/781
f 85/804/781 358/803/780 357/805/782
f 85/804/781 357/805/782 420/776/753
f 420/776/753 357/805/782 356/806/783
f 420/776/753 356/806/783 355/774/751
f 87/807/784 384/808/785 64/809/786
f 64/809/786 384/808/785 379/810/787
f 64/809/786 379/810/787 65/811/788
f 65/811/788 379/810/787 378/812/789
f 65/811/788 378/812/789 66/813/790
f 66/813/790 378/812/789 67/814/791
f 67/814/791 378/812/789 68/815/792
f 68/815/792 378/812/789 69/816/793
f 69/816/793 378/812/789 70/817/794
f 70/817/794 378/812/789 71/818/795
f 71/818/795 378/812/789 72/819/796
f 72/819/796 378/812/789 73/820/797
f 73/820/797 378/812/789 440/705/682
f 73/820/797 440/705/682 74/821/798
f 74/821/798 440/705/682 75/822/799
f 75/822/799 440/705/682 76/823/800
f 76/823/800 440/705/682 444/791/768
f 76/823/800 444/791/768 77/824/801
f 77/824/801 444/791/768 78/825/802
f 78/825/802 444/791/768 79/793/770
f 87/807/784 86/826/803 384/808/785
f 384/808/785 86/826/803 420/776/753
f 420/776/753 86/826/803 85/804/781
f 393/744/721 418/746/723 398/827/804
f 398/827/804 418/746/723 444/791/768
f 398/827/804 444/791/768 396/828/805
f 396/828/805 444/791/768 446/739/716
f 396/828/805 446/739/716 392/829/806
f 392/829/806 446/739/716 393/744/721
f 383/830/807 382/831/808 384/808/785
f 384/808/785 382/831/808 381/832/809
f 384/808/785 381/832/809 380/833/810
f 380/833/810 379/810/787 384/808/785
f 378/812/789 422/731/708 440/705/682
f 425/723/700 424/717/694 174/719/696
f 440/705/682 442/834/811 444/791/768
f 421/835/812 5/836/813 385/837/814
f 385/837/814 5/836/813 2/838/815
f 385/837/814 2/838/815 1/839/816
f 419/840/817 312/841/818 421/835/812
f 421/835/812 312/841/818 311/842/819
f 421/835/812 311/842/819 310/843/820
f 417/844/821 394/845/822 419/840/817
f 419/840/817 394/845/822 399/846/823
f 419/840/817 399/846/823 319/847/824
f 319/847/824 399/846/823 320/848/825
f 320/848/825 399/846/823 445/849/826
f 320/848/825 445/849/826 321/850/827
f 321/850/827 445/849/826 12/851/828
f 321/850/827 12/851/828 11/852/829
f 415/853/830 215/854/831 417/844/821
f 417/844/821 215/854/831 214/855/832
f 417/844/821 214/855/832 213/856/833
f 414/857/834 217/858/835 415/853/830
f 415/853/830 217/858/835 216/859/836
f 415/853/830 216/859/836 215/854/831
f 217/858/835 414/857/834 218/860/837
f 218/860/837 414/857/834 413/861/838
f 218/860/837 413/861/838 219/862/839
f 219/862/839 413/861/838 412/863/840
f 219/862/839 412/863/840 220/864/841
f 220/864/841 412/863/840 411/865/842
f 220/864/841 411/865/842 221/866/843
f 221/866/843 411/865/842 410/867/844
f 221/866/843 410/867/844 222/868/845
f 222/868/845 410/867/844 409/869/846
f 222/868/845 409/869/846 408/870/847
f 449/871/848 224/872/849 408/870/847
f 408/870/847 224/872/849 223/873/850
f 408/870/847 223/873/850 222/868/845
f 447/874/851 231/875/852 449/871/848
f 449/871/848 231/875/852 230/876/853
f 449/871/848 230/876/853 229/877/854
f 445/849/826 397/878/855 447/874/851
f 447/874/851 397/878/855 395/879/856
f 447/874/851 395/879/856 394/845/822
f 443/880/857 441/881/858 445/849/826
f 445/849/826 441/881/858 15/882/859
f 445/849/826 15/882/859 14/883/860
f 439/884/861 97/885/862 441/881/858
f 441/881/858 97/885/862 96/886/863
f 441/881/858 96/886/863 95/887/864
f 437/888/865 103/889/866 439/884/861
f 439/884/861 103/889/866 102/890/867
f 439/884/861 102/890/867 101/891/868
f 436/892/869 105/893/870 437/888/865
f 437/888/865 105/893/870 104/894/871
f 437/888/865 104/894/871 103/889/866
f 436/892/869 435/895/872 105/893/870
f 105/893/870 435/895/872 106/896/873
f 106/896/873 435/895/872 434/897/874
f 106/896/873 434/897/874 107/898/875
f 107/898/875 434/897/874 433/899/876
f 107/898/875 433/899/876 108/900/877
f 108/900/877 433/899/876 432/901/878
f 108/900/877 432/901/878 109/902/879
f 109/902/879 432/901/878 110/903/880
f 110/903/880 432/901/878 431/904/881
f 110/903/880 431/904/881 111/905/882
f 111/905/882 431/904/881 423/906/883
f 111/905/882 423/906/883 112/907/884
f 101/891/868 100/908/885 439/884/861
f 439/884/861 100/908/885 99/909/886
f 439/884/861 99/909/886 98/910/887
f 98/910/887 97/885/862 439/884/861
f 95/887/864 94/911/888 441/881/858
f 441/881/858 94/911/888 93/912/889
f 441/881/858 93/912/889 92/913/890
f 92/913/890 91/914/891 441/881/858
f 441/881/858 91/914/891 90/915/892
f 441/881/858 90/915/892 391/916/893
f 391/916/893 90/915/892 89/917/894
f 391/916/893 89/917/894 88/918/895
f 390/919/896 1/839/816 391/916/893
f 391/916/893 1/839/816 23/920/897
f 391/916/893 23/920/897 22/921/898
f 1/839/816 390/919/896 385/837/814
f 385/837/814 390/919/896 389/922/899
f 385/837/814 389/922/899 388/923/900
f 388/923/900 387/924/901 385/837/814
f 385/837/814 387/924/901 386/925/902
f 399/846/823 397/878/855 445/849/826
f 211/926/903 210/927/904 447/874/851
f 447/874/851 210/927/904 233/928/905
f 447/874/851 233/928/905 232/929/906
f 232/929/906 231/875/852 447/874/851
f 229/877/854 228/930/907 449/871/848
f 449/871/848 228/930/907 227/931/908
f 449/871/848 227/931/908 226/932/909
f 226/932/909 225/933/910 449/871/848
f 449/871/848 225/933/910 224/872/849
f 212/934/911 447/874/851 213/856/833
f 213/856/833 447/874/851 394/845/822
f 213/856/833 394/845/822 417/844/821
f 212/934/911 211/926/903 447/874/851
f 307/935/912 306/936/913 421/835/812
f 421/835/812 306/936/913 329/937/914
f 421/835/812 329/937/914 328/938/915
f 421/835/812 328/938/915 5/836/813
f 5/836/813 328/938/915 327/939/916
f 5/836/813 327/939/916 326/940/917
f 5/836/813 326/940/917 7/941/918
f 7/941/918 326/940/917 325/942/919
f 7/941/918 325/942/919 8/943/920
f 8/943/920 325/942/919 324/944/921
f 8/943/920 324/944/921 9/945/922
f 9/945/922 324/944/921 323/946/923
f 9/945/922 323/946/923 10/947/924
f 10/947/924 323/946/923 322/948/925
f 10/947/924 322/948/925 11/852/829
f 11/852/829 322/948/925 321/850/827
f 319/847/824 318/949/926 419/840/817
f 419/840/817 318/949/926 317/950/927
f 419/840/817 317/950/927 316/951/928
f 316/951/928 315/952/929 419/840/817
f 419/840/817 315/952/929 314/953/930
f 419/840/817 314/953/930 313/954/931
f 313/954/931 312/841/818 419/840/817
f 310/843/820 309/955/932 421/835/812
f 421/835/812 309/955/932 308/956/933
f 421/835/812 308/956/933 307/935/912
f 22/921/898 21/957/934 391/916/893
f 391/916/893 21/957/934 20/958/935
f 391/916/893 20/958/935 19/959/936
f 391/916/893 19/959/936 441/881/858
f 441/881/858 19/959/936 18/960/937
f 441/881/858 18/960/937 17/961/938
f 17/961/938 16/962/939 441/881/858
f 441/881/858 16/962/939 15/882/859
f 14/883/860 13/963/940 445/849/826
f 445/849/826 13/963/940 12/851/828
# 449 vertices
# 963 texture params
# 940 normals
# 916 facets

# 1 groups
